Nº,Disaster Group,Disaster Subgroup,Disaster Type,Disaster Subtype,ISO,Country,Subregion,Region,Location,Associated Types,Magnitude,Latitude,Longitude,Start Year,Start Month,Start Day,Total Deaths,No. Injured,No. Affected,No. Homeless,Total Affected,Total Damage ('000 US$),"Total Damage, Adjusted ('000 US$)"
1,Natural,Geophysical,Earthquake,Ground movement,ECU,Ecuador,Latin America and the Caribbean,Americas,"Esmeraldas, Eloy Alfaro, Atacames, Muisne, Quinindé, Rioverde, and San Lorenzo cantons (Esmeraldas Province)",,6.3,1.084,-79.532,2025,4,25,,49,8241,222,8512,,
2,Natural,Geophysical,Earthquake,Ground movement,AFG,Afghanistan,Southern Asia,Asia,"Chawka, Nurgal, chapa Dara, Dara-e-Pech and Watapur districts (Kunar Province); Dara-e-Nur, Jalalabad city, Behsud and Kuz Kunar district (Nangarhar Province); Alingar, Mehtarlam and Qarghayi districts (Laghman Province); Nuristan province",,6,34.519,70.734,2025,8,31,2200,3600,1301000,,1304600,180000,180000
3,Natural,Geophysical,Earthquake,Ground movement,IRN,Iran (Islamic Republic of),Southern Asia,Asia,"Deh Dasht, Bahbahan",,5.7,30.89,50.194,1988,3,30,,30,3000,,3030,,
4,Natural,Geophysical,Earthquake,Ground movement,BGR,Bulgaria,Eastern Europe,Europe,North,,7,45.841,26.668,1990,5,30,1,,,,,,
5,Natural,Geophysical,Earthquake,Ground movement,SUN,Soviet Union,Eastern Europe,Europe,Moldavia,,7,45.841,26.668,1990,5,30,4,,,,,,
6,Natural,Geophysical,Earthquake,Ground movement,SUN,Soviet Union,Eastern Europe,Europe,"Leninakan, Kirovakan, Spitak cities (Armenia)",,6.8,40.987,44.185,1988,12,7,25000,12000,1100000,530000,1642000,14000000,38113185
7,Natural,Geophysical,Earthquake,Ground movement,ALB,Albania,Southern Europe,Europe,"Tirana, Ulcinj-Bar",,5.8,41.246,19.63,1988,1,9,,,690,,690,,
8,Natural,Geophysical,Earthquake,Ground movement,GRC,Greece,Southern Europe,Europe,Aiyion,,6.3,38.4,22.2,1995,6,15,26,100,7500,6300,13900,422700,893046
9,Natural,Geophysical,Earthquake,Ground movement,IDN,Indonesia,South-eastern Asia,Asia,North of Palu (Sulawesi Isl),Tsunami/Tidal wave,7,0.729,119.931,1996,1,1,9,,,13000,13000,1200,2463
10,Natural,Geophysical,Earthquake,Ground movement,IDN,Indonesia,South-eastern Asia,Asia,Minahassa Peninsula (Sulawesi Isl.),,7.8,1.186,122.857,1990,4,18,5,36,7000,,7036,,
11,Natural,Geophysical,Earthquake,Ground movement,SDN,Sudan,Northern Africa,Africa,"Juba, Mayo Area","Slide (land, mud, snow, rock)",6.8,5.041,32.109,1990,5,20,,,8000,,8000,,
12,Natural,Geophysical,Earthquake,Ground movement,IRN,Iran (Islamic Republic of),Southern Asia,Asia,"Darab, Hadjiabad (Fars province)",,6.6,28.251,55.462,1990,11,6,21,90,21000,1310,22400,232300,572389
13,Natural,Geophysical,Earthquake,Ground movement,VUT,Vanuatu,Melanesia,Oceania,Port Vila,,7,-18.318,168.063,1990,3,5,,,,,,,
14,Natural,Geophysical,Earthquake,Ground movement,CRI,Costa Rica,Latin America and the Caribbean,Americas,"Puntarenas, San Jose areas",,6.8,9.919,-84.808,1990,3,25,,10,300,,310,,
15,Natural,Geophysical,Earthquake,Ground movement,SUN,Soviet Union,Eastern Europe,Europe,Kazakh-Xinjiang border region (Akkol area) (Kazakhstan),,6.1,47.949,84.958,1990,8,3,,8,,1500,1508,,
16,Natural,Geophysical,Earthquake,Ground movement,ECU,Ecuador,Latin America and the Caribbean,Americas,"Quito, Pomasqui","Slide (land, mud, snow, rock)",5,-0.259,-78.449,1990,8,11,4,10,6500,,6510,,
17,Natural,Geophysical,Earthquake,Ground movement,SUN,Soviet Union,Eastern Europe,Europe,Uzgen area (Kirgizia) (Kyrgystan),,5,40.854,73.553,1990,12,1,,,,3000,3000,,
18,Natural,Geophysical,Earthquake,Ground movement,ZAF,South Africa,Sub-Saharan Africa,Africa,Carletonville,,4,-26.39,27.349,1990,10,18,10,6,,,6,,
19,Natural,Geophysical,Earthquake,Ground movement,IRN,Iran (Islamic Republic of),Southern Asia,Asia,Nehbandan area,,5.1,32.104,60.088,1993,1,27,,3,,1000,1003,,
20,Natural,Geophysical,Earthquake,Ground movement,IND,India,Southern Asia,Asia,Latur area,,4.6,18.12,76.533,1993,11,12,,25,500,,525,,
21,Natural,Geophysical,Earthquake,Ground movement,IRN,Iran (Islamic Republic of),Southern Asia,Asia,"Firuzabad, Meymand (Fars Province)","Slide (land, mud, snow, rock)",5.6,29.096,52.617,1994,3,1,3,31,15010,,15041,,
22,Natural,Geophysical,Earthquake,Ground movement,BOL,Bolivia (Plurinational State of),Latin America and the Caribbean,Americas,"Arequipa, Cuzco provinces","Slide (land, mud, snow, rock)",7.5,-13.841,-67.553,1994,6,9,5,,,,,,
23,Natural,Geophysical,Earthquake,Ground movement,AFG,Afghanistan,Southern Asia,Asia,"Konar, Nangarhar, Badakhstan provinces",,6.4,38.993,70.423,1991,1,31,130,,7000,,7000,,
24,Natural,Geophysical,Earthquake,Ground movement,PAN,Panama,Latin America and the Caribbean,Americas,"Bocas Del Toro, Chiriqui",Flood|Tsunami/Tidal wave,7.2,9.685,-83.073,1991,4,22,30,560,10500,7000,18060,,
25,Natural,Geophysical,Earthquake,Ground movement,IDN,Indonesia,South-eastern Asia,Asia,"Kalabahi (Alors district, Timor)",,6.7,-8.099,125.681,1991,7,4,28,191,15000,1000,16191,18000,42550
26,Natural,Geophysical,Earthquake,Ground movement,PER,Peru,Latin America and the Caribbean,Americas,Maca Arequipa region,"Slide (land, mud, snow, rock)",5,-15.679,-71.274,1991,7,24,11,35,1500,,1535,,
27,Natural,Geophysical,Earthquake,Ground movement,GTM,Guatemala,Latin America and the Caribbean,Americas,"Escuintla, Chimaltenango, Solola, Sacatepeguez","Slide (land, mud, snow, rock)",5.3,14.646,-90.986,1991,9,18,14,90,23800,,23890,,
28,Natural,Geophysical,Earthquake,Ground movement,IRQ,Iraq,Western Asia,Asia,Arbil Region,,5.6,36.12,44.01,1991,7,27,20,,,500,500,,
29,Natural,Geophysical,Earthquake,Ground movement,COL,Colombia,Latin America and the Caribbean,Americas,"Buenaventura, Cali (Choco Department)",,6.8,3.554,-77.442,1991,11,19,2,2,570,295,867,,
30,Natural,Geophysical,Earthquake,Ground movement,SUN,Soviet Union,Eastern Europe,Europe,Kabodyen district (Tajikistan),,5.4,37.457,68.273,1991,4,18,1,,5000,,5000,,
31,Natural,Geophysical,Earthquake,Ground movement,EGY,Egypt,Northern Africa,Africa,Near Fayoum (Cairo),,5.9,29.888,31.223,1992,10,12,552,9929,57700,25020,92649,1200000,2753283
32,Natural,Geophysical,Earthquake,Ground movement,AFG,Afghanistan,Southern Asia,Asia,,,5.5,33.377,71.317,1992,5,20,14,,,,,,
33,Natural,Geophysical,Earthquake,Ground movement,JPN,Japan,Eastern Asia,Asia,Kanto area (Tokyo),,5.9,35.106,139.644,1992,2,2,,32,,,32,,
34,Natural,Geophysical,Earthquake,Ground movement,GEO,Georgia,Western Asia,Asia,Barisakho area,"Slide (land, mud, snow, rock)",6.7,42.503,45.073,1992,10,24,1,10,,,10,,
35,Natural,Geophysical,Earthquake,Ground movement,GUM,Guam,Micronesia,Oceania,Tumon Bay area,"Slide (land, mud, snow, rock)|Tsunami/Tidal wave",8.1,12.982,144.801,1993,8,9,,71,,,71,120000,267435
36,Natural,Geophysical,Earthquake,Ground movement,IND,India,Southern Asia,Asia,"Killari, Haegoan, Sostour, Holi (Latur and Osmanabad districts, Maharastra state)",,6.4,16.4,74.2,1993,9,29,9748,30000,,,30000,280000,624014
37,Natural,Geophysical,Earthquake,Ground movement,JPN,Japan,Eastern Asia,Asia,Near Kushiro (Hokkaido),"Slide (land, mud, snow, rock)",7.5,43.3,143.691,1993,1,15,2,722,9800,,10522,358000,797847
38,Natural,Geophysical,Earthquake,Ground movement,NPL,Nepal,Southern Asia,Asia,Northwestern,,5.1,28.723,82.28,1993,10,20,,55,230,,285,,
39,Natural,Geophysical,Earthquake,Ground movement,CHN,China,Eastern Asia,Asia,Shufu area,,5.2,,,1993,11,30,,4,,500,504,,
40,Natural,Geophysical,Earthquake,Ground movement,ESP,Spain,Southern Europe,Europe,"Mula, Puebla de Mula",,6.2,38.193,-1.566,1999,2,2,,20,,,20,44004,85047
41,Natural,Geophysical,Earthquake,Ground movement,PHL,Philippines,South-eastern Asia,Asia,Luzon (Manila Region),,7.3,15.766,119.74,1999,12,12,6,40,150,,190,1794,3467
42,Natural,Geophysical,Earthquake,Ground movement,IDN,Indonesia,South-eastern Asia,Asia,(1) Irian Jaya region(2) Halmahera,,6.8,1.015,127.733,1994,1,21,7,40,200000,,200040,,
43,Natural,Geophysical,Earthquake,Ground movement,AFG,Afghanistan,Southern Asia,Asia,"Termez, Depth Shallow, Balkh and Jowzan Provinces, Mazar-I-Sharif District",,6.3,37,67,1994,5,1,160,330,100000,,100330,,
44,Natural,Geophysical,Earthquake,Ground movement,VUT,Vanuatu,Melanesia,Oceania,Malakula Isl.,,7.3,40.49,-124.1,1994,8,13,,,,,,,
45,Natural,Geophysical,Earthquake,Ground movement,RUS,Russian Federation,Eastern Europe,Europe,"Iturup, Kunashir, Shikotan, Kuril Isl.",Tsunami/Tidal wave,7.9,45.1,147.51,1994,10,4,11,242,,2100,2342,,
46,Natural,Geophysical,Earthquake,Ground movement,JPN,Japan,Eastern Asia,Asia,East coast of Hokaido Isl.,Tsunami/Tidal wave,7.9,45.1,147.51,1994,10,4,5,1500,,,1500,,
47,Natural,Geophysical,Earthquake,Ground movement,IDN,Indonesia,South-eastern Asia,Asia,"Maluki, Irian Jaya, North Sumatra, Denpasar",,5.7,-2.001,135.931,1994,11,20,,28,39,,67,,
48,Natural,Geophysical,Earthquake,Ground movement,CHN,China,Eastern Asia,Asia,Gonghe area (Qinghai),,5.8,36.028,100.104,1994,1,3,,5,280,,285,,
49,Natural,Geophysical,Earthquake,Ground movement,PHL,Philippines,South-eastern Asia,Asia,Oro area (Mindanao),,5.6,7.972,123.189,1994,5,13,,3,215,,218,,
50,Natural,Geophysical,Earthquake,Ground movement,JPN,Japan,Eastern Asia,Asia,"Kobe, Osaka, Hyigo, Kyoto prefecture",Fire,7.2,34.58,135,1995,1,17,5297,34492,255843,251301,541636,100000000,211271785
51,Natural,Geophysical,Earthquake,Ground movement,CYP,Cyprus,Western Asia,Asia,"Paphos, Nicosia areas",,5.8,35.1,32.3,1995,2,23,2,5,1710,150,1865,4340,9169
52,Natural,Geophysical,Earthquake,Ground movement,ECU,Ecuador,Latin America and the Caribbean,Americas,Quevedo,,5.2,-2.13,-79.54,1995,3,26,1,85,,,85,,
53,Natural,Geophysical,Earthquake,Ground movement,COL,Colombia,Latin America and the Caribbean,Americas,Pasto area,,5.1,1.12,-77.17,1995,3,4,8,4,255,,259,,
54,Natural,Geophysical,Earthquake,Ground movement,PHL,Philippines,South-eastern Asia,Asia,near Dolores (Samar Isl.),,7.3,12.01,125.6,1995,4,21,,,,,,,
55,Natural,Geophysical,Earthquake,Ground movement,GRC,Greece,Southern Europe,Europe,"Kozani, Thessaloniki, Grevena-Kozani, Patras",,6.6,40.1,21.6,1995,5,13,26,60,15000,,15060,450000,950723
56,Natural,Geophysical,Earthquake,Ground movement,IDN,Indonesia,South-eastern Asia,Asia,"Parigi, Palu, Poso (Sulawesi)",,5.5,-1.02,120.5,1995,5,19,,38,1500,,1538,,
57,Natural,Geophysical,Earthquake,Ground movement,RUS,Russian Federation,Eastern Europe,Europe,Neftegorsk (Sakhalin Island),,7.6,52.5,142.9,1995,5,27,1989,750,,,750,64100,135425
58,Natural,Geophysical,Earthquake,Ground movement,THA,Thailand,South-eastern Asia,Asia,ChiangRai,,7.1,21.966,99.196,1995,7,12,,,,,,,
59,Natural,Geophysical,Earthquake,Ground movement,CHL,Chile,Latin America and the Caribbean,Americas,"Antofagasta, Arica, Iquique, Tocopilla, Calama, Chuquicamasta, Antofagasta, Taltal, Diego de Almagro, Chanaral, Caldera, Copiapo, Vallenar, La serena",,7.8,-23.34,-70.36,1995,7,30,3,58,1200,575,1833,1660,3507
60,Natural,Geophysical,Earthquake,Ground movement,MEX,Mexico,Latin America and the Caribbean,Americas,"Guerrero, Mexico city, Morelos, Acapulco and Chilpancingo",,6.5,16.875,-99.336,2026,1,2,1,12,15930,210,16152,,
61,Natural,Geophysical,Earthquake,Ground movement,PAK,Pakistan,Southern Asia,Asia,47 km north-west of the Barishal Town,"Slide (land, mud, snow, rock)",5.6,,,2026,1,19,1,2,150,,152,,
62,Natural,Geophysical,Earthquake,Ground movement,EGY,Egypt,Northern Africa,Africa,Cairo,,6.2,28.8,34.8,1995,11,22,10,69,,,69,,
63,Natural,Geophysical,Earthquake,Ground movement,JPN,Japan,Eastern Asia,Asia,Niigata (Eastern Honshu),,5.3,37.925,139.186,1995,4,1,,39,1512,,1551,,
64,Natural,Geophysical,Earthquake,Ground movement,MEX,Mexico,Latin America and the Caribbean,Americas,"Chiapas, Tuxtla Gutierrez, Nuevo Mexico, Tenochititlan, La Garza, Alvaro Obregon, Villaflores",,6.5,16.8,-93.4,1995,10,20,,,18000,,18000,,
65,Natural,Geophysical,Earthquake,Tsunami,PER,Peru,Latin America and the Caribbean,Americas,Pacific Coast,,,-9.593,-79.587,1996,2,21,7,2,,750,752,,
66,Natural,Geophysical,Earthquake,Ground movement,ECU,Ecuador,Latin America and the Caribbean,Americas,"Pujili, San Juan, Atocha, Santa Barbara, Rumiquinche, Cuturibi Alto, Cutuburi Bajo, San Antonio, Cachi Ato, Cachi Bajo, Nazareth, La Merced, Pucara, Alpamalag, La Victoria, Tiobamba, California, Lacubamba, Laguamatsa, Isinche, (Cotopaxi",,5.7,-0.68,78.3,1996,3,28,27,180,15000,15525,30705,7000,14368
67,Natural,Geophysical,Earthquake,Ground movement,CHN,China,Eastern Asia,Asia,North Western Xinjiang,,6.9,39.28,76.44,1996,3,19,26,128,,33000,33128,24000,49261
68,Natural,Geophysical,Earthquake,Ground movement,CHN,China,Eastern Asia,Asia,Lijiang (Yunnan Prov.),,5.7,26.51,100.16,1996,9,25,,137,,,137,,
69,Natural,Geophysical,Earthquake,Ground movement,HRV,Croatia,Southern Europe,Europe,"Ston, Slano area",,6,42.7,18,1996,9,5,,,,2000,2000,,
70,Natural,Geophysical,Earthquake,Ground movement,IRN,Iran (Islamic Republic of),Southern Asia,Asia,"Bojnurd, Shirvan area (Khorasan)",,5.6,37.661,57.291,1997,2,4,100,2000,55000,27500,84500,30000,60170
71,Natural,Geophysical,Earthquake,Ground movement,PAK,Pakistan,Southern Asia,Asia,"Harnai (Sibi district, Baluchistan Province)","Slide (land, mud, snow, rock)",6.3,29.976,68.208,1997,2,28,50,100,,10000,10100,,
72,Natural,Geophysical,Earthquake,Ground movement,AFG,Afghanistan,Southern Asia,Asia,Herat area,,6.4,33.825,59.809,1997,5,10,5,,,,,10,20
73,Natural,Geophysical,Earthquake,Ground movement,VEN,Venezuela (Bolivarian Republic of),Latin America and the Caribbean,Americas,"Cariaco, Casanai, Cumana","Slide (land, mud, snow, rock)",6.7,10.598,-63.486,1997,7,9,80,683,,3500,4183,81000,162459
74,Natural,Geophysical,Earthquake,Ground movement,ITA,Italy,Southern Europe,Europe,"Umbria, Marche regions",,5.5,43,13,1997,9,26,14,100,,38000,38100,4524900,9075443
75,Natural,Geophysical,Earthquake,Ground movement,CHL,Chile,Latin America and the Caribbean,Americas,"Elqui, Limari, Choapa (Coquimbo Region - Region IV)","Slide (land, mud, snow, rock)",6.8,-30.933,-71.22,1997,10,14,8,98,40000,13000,53098,48000,96272
76,Natural,Geophysical,Earthquake,Ground movement,BGD,Bangladesh,Southern Asia,Asia,Chittagong,,5.9,22.212,92.702,1997,11,22,23,200,,,200,,
77,Natural,Geophysical,Earthquake,Ground movement,CHN,China,Eastern Asia,Asia,Jiashi county (Xinjiang),,5.2,39.422,76.839,1997,3,1,2,6,,20000,20006,,
78,Natural,Geophysical,Earthquake,Ground movement,IRN,Iran (Islamic Republic of),Southern Asia,Asia,Birjand-Qayen area,,6.2,33.938,-71.872,1997,6,25,,,25000,500,25500,,
79,Natural,Geophysical,Earthquake,Ground movement,AFG,Afghanistan,Southern Asia,Asia,Rustaq (Takhar province),,5.9,37.075,70.089,1998,2,4,2323,818,32000,,32818,10000,19750
80,Natural,Geophysical,Earthquake,Ground movement,SVN,Slovenia,Southern Europe,Europe,"Bovec, Trenta, Kobarid, Tolmin, Bojinj, Jesenice",,5.7,46.245,13.652,1998,4,12,,,,700,700,,
81,Natural,Geophysical,Earthquake,Ground movement,AFG,Afghanistan,Southern Asia,Asia,Shari-I-Buzurg (Faizabad ),"Slide (land, mud, snow, rock)",6.6,37.106,70.11,1998,5,30,4700,1935,70000,45000,116935,10000,19750
82,Natural,Geophysical,Earthquake,Ground movement,BOL,Bolivia (Plurinational State of),Latin America and the Caribbean,Americas,"Aiquile, Tortora",,6.6,-17.731,-65.431,1998,5,22,95,50,11100,6900,18050,,
83,Natural,Geophysical,Earthquake,Tsunami,PNG,Papua New Guinea,Melanesia,Oceania,Sandaun Province,,7,-2.961,141.926,1998,7,17,2182,668,9199,,9867,,
84,Natural,Geophysical,Earthquake,Ground movement,GRC,Greece,Southern Europe,Europe,"Souli, Psina","Slide (land, mud, snow, rock)",5.5,39.72,20.71,2026,3,8,,,420,,420,,
85,Natural,Geophysical,Earthquake,Ground movement,AFG,Afghanistan,Southern Asia,Asia,"Kabul, Panjsher, Logar, Nangarhar, Laghman and Nuristan provinces",,5.8,36.548,70.852,2026,4,3,12,4,165,25,194,,
86,Natural,Geophysical,Earthquake,Ground movement,IDN,Indonesia,South-eastern Asia,Asia,"Flores Timur Regency, East Nusa Tenggara",,4.9,,,2026,4,8,,18,1116,,1134,,
87,Natural,Geophysical,Earthquake,Ground movement,PAK,Pakistan,Southern Asia,Asia,"Yar Husain, Rawalpindi, Peshawar","Slide (land, mud, snow, rock)",6.4,36.479,71.086,1998,2,20,1,11,,600,611,,
88,Natural,Geophysical,Earthquake,Ground movement,TUR,Türkiye,Western Asia,Asia,"Özalp, Saray, Gürpinar Districts (Van Province)",,5.4,38.558,44.023,2020,6,25,,5,273,,278,,
89,Natural,Geophysical,Earthquake,Ground movement,IRN,Iran (Islamic Republic of),Southern Asia,Asia,"Darreh Shahr area, Pol-E-Dokhtar",,5.4,33.199,47.225,1998,10,5,,,500,,500,,
90,Natural,Geophysical,Earthquake,Ground movement,NIC,Nicaragua,Latin America and the Caribbean,Americas,Ticuante area,,4.4,11.968,-86.254,1998,3,25,,3,225,10,238,,
91,Natural,Geophysical,Earthquake,Ground movement,COL,Colombia,Latin America and the Caribbean,Americas,"Armenia (Quindio), Risaralda, Valle del Cauca, Tolima Departments","Slide (land, mud, snow, rock)",6.2,4.461,-75.724,1999,1,25,1186,8563,745000,452370,1205933,1857366,3589770
92,Natural,Geophysical,Earthquake,Ground movement,IDN,Indonesia,South-eastern Asia,Asia,East Java region,,6,-8.562,112.519,2021,4,11,9,39,5520,420,5979,,
93,Natural,Geophysical,Earthquake,Ground movement,HRV,Croatia,Southern Europe,Europe,"Sisak, Petrinja, Glina, Hrvatska Kostajnica, Zagreb county, Karlovac county",,6.4,45.422,16.255,2020,12,29,8,36,149371,,149407,6223400,7741473
94,Natural,Geophysical,Earthquake,Ground movement,DZA,Algeria,Northern Africa,Africa,Mila province,,4.9,,,2020,8,7,,,15000,,15000,,
95,Natural,Geophysical,Earthquake,Ground movement,IDN,Indonesia,South-eastern Asia,Asia,Pandeglang (Banten Province); Bandar Lampung (Lampung Province),,6.9,-7.282,104.791,2019,8,2,6,4,2100,,2104,,
96,Natural,Geophysical,Earthquake,Ground movement,IDN,Indonesia,South-eastern Asia,Asia,"Mamuju, Majene, Polewali Mandar districts (West Sulawesi Province)","Slide (land, mud, snow, rock)",6.2,-2.976,118.901,2021,1,15,110,826,99827,,100653,58700,69742
97,Natural,Geophysical,Earthquake,Ground movement,IRN,Iran (Islamic Republic of),Southern Asia,Asia,"Esfahan, Kohgiluyeh and Boyer-Ahmad provinces",,5.6,,,2021,2,17,2,63,257661,,257724,10000,11881
98,Natural,Geophysical,Earthquake,Ground movement,ALB,Albania,Southern Europe,Europe,Korçë county,,5.2,40.526,20.703,2019,6,1,,4,300,,304,,
99,Natural,Geophysical,Earthquake,Ground movement,CHN,China,Eastern Asia,Asia,"Yanbi, Yongping (Yunnan province)",,6.1,25.761,100.011,2021,5,21,3,28,39000,,39028,516000,613067
100,Natural,Geophysical,Earthquake,Ground movement,AZE,Azerbaijan,Western Asia,Asia,"Agdash, Geokchai, Udzhar",,5.4,40.802,47.448,1999,6,4,1,18,750,8400,9168,5000,9664
101,Natural,Geophysical,Earthquake,Ground movement,BGD,Bangladesh,Southern Asia,Asia,Maheshkhali Isl. Level 1 = Chittagong Div,,5.2,21.544,91.895,1999,7,22,6,200,,15000,15200,,
102,Natural,Geophysical,Earthquake,Tsunami,IDN,Indonesia,South-eastern Asia,Asia,"Dongalla, Sigi (dongalla), Parigi Moutong, Palu, Poso, Mamuju Utara (Celebas Isl., Central Sulawesi)",Liquefaction|Tsunami/Tidal wave,7.5,-0.256,119.846,2018,9,28,4140,,2000000,,2000000,1450000,1859040
103,Natural,Geophysical,Earthquake,Ground movement,MEX,Mexico,Latin America and the Caribbean,Americas,Southern Guerrero State,Tsunami/Tidal wave,7,16.982,-99.773,2021,9,8,3,,21951,,21951,200000,237623
104,Natural,Geophysical,Earthquake,Ground movement,PNG,Papua New Guinea,Melanesia,Oceania,South Highlands,"Slide (land, mud, snow, rock)",6,-6.331,142.599,2018,3,5,11,,,,,,
105,Natural,Geophysical,Earthquake,Ground movement,MEX,Mexico,Latin America and the Caribbean,Americas,Oaxaca,,7.2,16.646,-97.653,2018,2,16,,4,3000,,3004,,
106,Natural,Geophysical,Earthquake,Ground movement,GRC,Greece,Southern Europe,Europe,"Arkalochori, Archontiko, Roussochoria, Patsideros, Heraklion, Minoa Pediadas",,6,35.252,25.26,2021,9,27,1,20,,2316,2336,30000,35643
107,Natural,Geophysical,Earthquake,Ground movement,JPN,Japan,Eastern Asia,Asia,"Hyogo, Kyoto, Nara, Osaka Prefectures",,5.5,34.826,135.64,2018,6,18,5,417,20298,,20715,3250000,4166813
108,Natural,Geophysical,Earthquake,Ground movement,IDN,Indonesia,South-eastern Asia,Asia,Karangasem and Bangli Regencies (Bali),,5.1,-8.356,115.458,2021,10,16,3,82,2620,1830,4532,,
109,Natural,Geophysical,Earthquake,Ground movement,IDN,Indonesia,South-eastern Asia,Asia,"Jakarta, Sukabumi, Bogor , Bogor city (Java), Cianjur, Lebak, Pandeglang, Serang (Banten)",,6,-7.196,105.918,2018,1,23,1,11,13800,,13811,80000,102568
110,Natural,Geophysical,Earthquake,Ground movement,CHN,China,Eastern Asia,Asia,"Gansu, Ningxia, Qinghai Province",,6.6,37.828,101.29,2022,1,8,,9,26490,,26499,541000,595142
111,Natural,Geophysical,Earthquake,Ground movement,TUR,Türkiye,Western Asia,Asia,Marmaris,,5.2,,,1999,10,5,,103,,,103,,
112,Natural,Geophysical,Earthquake,Ground movement,PER,Peru,Latin America and the Caribbean,Americas,Barranca District (Datem del Marañón Province),,6.5,-4.466,-76.928,2022,2,3,,,300,,300,,
113,Natural,Geophysical,Earthquake,Ground movement,KGZ,Kyrgyzstan,Central Asia,Asia,"Karamyk, Jekendi, Kara-Teyit, Chuluk, Shibee villages (Chong Alay District, Osh province), Kadamjai District of the Batken Province",,6,39.494,71.444,2017,5,3,,,5000,,5000,,
114,Natural,Geophysical,Earthquake,Ground movement,IRQ,Iraq,Western Asia,Asia,"Sulaymaniyah governorate areas, Kalar, Darbandikhan, Khanaqin and Halabja, Sulaymaniyah, Erbil",,7.3,34.911,45.959,2017,11,12,10,469,5500,,5969,,
115,Natural,Geophysical,Earthquake,Ground movement,GTM,Guatemala,Latin America and the Caribbean,Americas,"Escuintla, Baja Verapaz, Chimaltenango, Guatemala, Quetzaltenango, Sacatepéquez, Sololá, Suchitepéquez and Totonicapán departments",,6.2,14.228,-91.343,2022,2,16,3,2,31300,,31302,,
116,Natural,Geophysical,Earthquake,Ground movement,JPN,Japan,Eastern Asia,Asia,Fukushima Prefecture,,7.3,37.702,141.587,2022,3,16,3,183,558,,741,8800000,9680681
117,Natural,Geophysical,Earthquake,Ground movement,ECU,Ecuador,Latin America and the Caribbean,Americas,"Cotopaxi, Esmeraldas, Guayas, Imbabura, Los Ríos, Manabí, Pichincha, Santo Domingo de los Tsáchilas, Tungurahua",,5.8,0.909,-79.589,2022,3,26,1,2,7802,,7804,,
118,Natural,Geophysical,Earthquake,Ground movement,BIH,Bosnia and Herzegovina,Southern Europe,Europe,Ljubinje and Capljina,,5.6,,,2022,4,23,1,2,1050,,1052,26000,28602
119,Natural,Geophysical,Earthquake,Ground movement,MEX,Mexico,Latin America and the Caribbean,Americas,"Oaxaca (Juchitan), Chiapas (Cintapala),Tabasco states","Slide (land, mud, snow, rock)|Tsunami/Tidal wave",8.1,15.022,-93.899,2017,9,8,98,250,1200000,,1200250,2300000,3020846
120,Natural,Geophysical,Earthquake,Ground movement,CHN,China,Eastern Asia,Asia,Sichuan,,5.9,33.373,101.887,2022,6,10,,4,780,,784,,
121,Natural,Geophysical,Earthquake,Ground movement,TUR,Türkiye,Western Asia,Asia,"Duzce, Bolu, Kaynasli","Slide (land, mud, snow, rock)",7.2,40.758,31.161,1999,11,12,845,4948,165000,55000,224948,1000000,1932721
122,Natural,Geophysical,Earthquake,Ground movement,CHN,China,Eastern Asia,Asia,Sichuan province,,6.6,29.726,102.279,2022,9,5,118,400,130000,,130400,2300000,2530178
123,Natural,Geophysical,Earthquake,Ground movement,PER,Peru,Latin America and the Caribbean,Americas,"Lampa, Paratia cities (Lampa district, Puno province)",,6.3,-15.321,-70.827,2016,12,1,1,17,200,40,257,,
124,Natural,Geophysical,Earthquake,Ground movement,TWN,Taiwan (Province of China),Eastern Asia,Asia,"Hualien, Kaohsiung City and Taitung City",,6.5,23.119,121.422,2022,9,18,1,140,,,140,50000,55004
125,Natural,Geophysical,Earthquake,Ground movement,MEX,Mexico,Latin America and the Caribbean,Americas,"Mexico; Coalcomán Municipality (Michoacán); Colima, Guerrero Jalisco States.",,6.8,18.247,-102.952,2022,9,22,3,5,18000,,18005,,
126,Natural,Geophysical,Earthquake,Ground movement,MEX,Mexico,Latin America and the Caribbean,Americas,"Colima, Michoacán, Jalisco States",Tsunami/Tidal wave,7.6,18.497,-102.982,2022,9,19,2,9,15453,2424,17886,25000,27502
127,Natural,Geophysical,Earthquake,Ground movement,ITA,Italy,Southern Europe,Europe,"Avezzano, Campotosto, Montereale, Capitignano, Ortolano di Campoposto, Mopolino (L’Aquila); Csatel Castagna, Csatigkione Messer Raimondo, Prati di Tivo (Teramao); Abruzzo (Pescara), Lazio (Rieti), Marche (Ascoli Piceno, Macerata, Fermo, Ancona) region","Avalanche (Snow, Debris)",5.3,42.601,13.227,2017,1,18,29,11,,,11,18000,23641
128,Natural,Geophysical,Earthquake,Ground movement,IRN,Iran (Islamic Republic of),Southern Asia,Asia,"Khoy, Salmas, Chaypareh (Khoy County, West Azerbaijan Province)",,5.6,38.493,45.038,2022,10,5,,1127,11288,150,12565,,
129,Natural,Geophysical,Earthquake,Ground movement,IDN,Indonesia,South-eastern Asia,Asia,Dompu district (Nusatenggara Barat Province),,5.6,-8.194,117.814,2016,8,1,,,3410,,3410,,
130,Natural,Geophysical,Earthquake,Ground movement,DZA,Algeria,Northern Africa,Africa,Aïn Témuchent,,5.6,35.321,-1.281,1999,12,22,22,175,,15000,15175,60929,117759
131,Natural,Geophysical,Earthquake,Ground movement,IDN,Indonesia,South-eastern Asia,Asia,"Pidie Jaya district (Nangroe Aceh Darussalam province, Sumatra Isl.)",,6.5,5.281,96.108,2016,12,7,104,857,85161,,86018,100000,134139
132,Natural,Geophysical,Earthquake,Ground movement,USA,United States of America,Northern America,Americas,Humboldt County (California),,6.4,40.525,124.423,2022,12,20,2,12,,,12,250000,275019
133,Natural,Geophysical,Earthquake,Ground movement,IDN,Indonesia,South-eastern Asia,Asia,"Karyasari, Pandelang District (Southwest Jakarta, Java Island)",,6.5,-6.845,105.555,1999,12,21,5,220,14000,2700,16920,3900,7538
134,Natural,Geophysical,Earthquake,Ground movement,PAK,Pakistan,Southern Asia,Asia,Khyber Pakhtunkhwa,,6.5,36.519,70.946,2023,3,21,11,79,860,,939,,
135,Natural,Geophysical,Earthquake,Ground movement,MKD,North Macedonia,Southern Europe,Europe,Skopje province,,5.1,42.009,21.49,2016,9,11,,100,,,100,10000,13414
136,Natural,Geophysical,Earthquake,Ground movement,UGA,Uganda,Sub-Saharan Africa,Africa,"Minziro, Kanabulemu parish (Kakuuto district, Rakai province)",,5.9,-1.036,31.618,2016,9,10,4,,,590,590,,
137,Natural,Geophysical,Earthquake,Ground movement,TZA,United Republic of Tanzania,Sub-Saharan Africa,Africa,"Bukoba, Karagwe, Missenyi district (Kagera province)",,5.9,1.036,31.618,2016,9,10,17,440,139161,,139601,458000,614356
138,Natural,Geophysical,Earthquake,Ground movement,TUR,Türkiye,Western Asia,Asia,Yesilyurt District (Malatya province),,5.2,,,2023,2,27,1,110,,90,200,,
139,Natural,Geophysical,Earthquake,Ground movement,TUR,Türkiye,Western Asia,Asia,"Defne District (Hatay Province, southern Türkiye)",,6.3,36.159,36.034,2023,2,20,6,294,,,294,,
140,Natural,Geophysical,Earthquake,Ground movement,SYR,Syrian Arab Republic,Western Asia,Asia,Northwest,,5.2,,,2023,2,27,,150,,,150,,
141,Natural,Geophysical,Earthquake,Ground movement,IRN,Iran (Islamic Republic of),Southern Asia,Asia,Khoy City (West Azerbaijan Province),,5.6,,,2023,3,24,,239,,,239,,
142,Natural,Geophysical,Earthquake,Ground movement,PNG,Papua New Guinea,Melanesia,Oceania,East Sepik Province,,7,-4.326,143.159,2023,4,2,8,11,13635,2628,16274,,
143,Natural,Geophysical,Earthquake,Ground movement,TJK,Tajikistan,Central Asia,Asia,Sughd province,,4.8,39.383,69.881,2023,3,23,,3,2202,,2205,,
144,Natural,Geophysical,Earthquake,Ground movement,GTM,Guatemala,Latin America and the Caribbean,Americas,San Pedro Sula,,6.7,15.782,88.33,1999,7,11,2,40,205,35,280,,
145,Natural,Geophysical,Earthquake,Ground movement,CHN,China,Eastern Asia,Asia,Yunnan Province,,5.3,,,2023,5,2,,10,8400,,8410,30000,31698
146,Natural,Geophysical,Earthquake,Ground movement,TWN,Taiwan (Province of China),Eastern Asia,Asia,"Tainan city (Name Unkown district, Taiwan Sheng province)",Collapse,6.4,22.938,120.6,2016,2,6,117,525,,,525,700000,938972
147,Natural,Geophysical,Earthquake,Ground movement,IDN,Indonesia,South-eastern Asia,Asia,"Maluku, Maluku Utara provinces",,5.6,-3.863,127.229,2016,1,16,1,22,1150,,1172,,
148,Natural,Geophysical,Earthquake,Ground movement,PAK,Pakistan,Southern Asia,Asia,"Islamabad District district (Islamabad province), Chakwal District, Gujranwala District, Jhang District, Jhelum District, Kasur District, Mianwali District, Multan District, Muzaffargarh District, Narowal District, Rawalpindi District, Sahiwal District, Sargodha District, Sheikhupura District districts (Punjab province), Azad area (Jammu and Kashmir province), North-West Frontier province",,7.5,36.5244,70.3676,2015,10,25,280,1745,366945,133900,502590,,
149,Natural,Geophysical,Earthquake,Ground movement,IND,India,Southern Asia,Asia,"Administrative unit not available districts (Jammu and Kashmir province), Delhi, Punjab provinces",,7.5,36.5244,70.3676,2015,10,26,,10,,,10,,
150,Natural,Geophysical,Earthquake,Ground movement,AFG,Afghanistan,Southern Asia,Asia,"Badakhshan, Baghlan, Ghazni, Kapisa, Khost, Kunar, Nangarhar, Paktya, Panjsher, Parwan, Takhar, Kunduz, Nuristan, Laghman, Kabul provinces",,7.5,36.5244,70.3676,2015,10,26,115,58080,,34645,92725,,
151,Natural,Geophysical,Earthquake,Ground movement,IDN,Indonesia,South-eastern Asia,Asia,Sorong district (Papua Barat province),,6.6,-0.621,131.262,2015,9,24,,62,12185,,12247,,
152,Natural,Geophysical,Earthquake,Ground movement,ISL,Iceland,Northern Europe,Europe,Grindavik (Reykjanes peninsula),Volcanic activity,,,,2023,10,25,,,3665,,3665,75000,79244
153,Natural,Geophysical,Earthquake,Ground movement,PHL,Philippines,South-eastern Asia,Asia,"Glan, Kiamba, Polompok, and General Santos City (Davao Occidental in Region XI, southern Mindanao)",,6.7,5.583,125.022,2023,11,17,11,37,99541,,99578,25393,26830
154,Natural,Geophysical,Earthquake,Ground movement,CHN,China,Eastern Asia,Asia,"Xilkiqi village (Pishan area, Khotan district, Xinjiang Uygur Zizhiqu province)",,6.4,37.4593,78.1542,2015,7,3,4,48,3000,,3048,3200,4347
155,Natural,Geophysical,Earthquake,Ground movement,CHN,China,Eastern Asia,Asia,"Shawan area (Tacheng district, Xinjiang Uygur Zizhiqu province)",,5.1,44.133,85.568,2015,2,22,,,8640,,8640,14650,19899
156,Natural,Geophysical,Earthquake,Ground movement,JPN,Japan,Eastern Asia,Asia,Hachinohe (North-East Honshu),,7.5,40.5,143.4,1994,12,28,2,285,,,285,170400,370107
157,Natural,Geophysical,Earthquake,Ground movement,JPN,Japan,Eastern Asia,Asia,"Hakuba village (Hakubamura district, Nagano province)",,6.2,36.6408,137.8875,2014,11,22,,41,2466,150,2657,2000,2720
158,Natural,Geophysical,Earthquake,Ground movement,USA,United States of America,Northern America,Americas,"San Francisco Bay (San Francisco district) , Napa Valley (Napa district) ; Sonoma, Solano district (California province) ; Vallejo, Mare Island cities (Solano district, California province)",Fire,6.02,38.2151667,-122.3123333,2014,8,24,1,250,3000,,3250,700000,951946
159,Natural,Geophysical,Earthquake,Ground movement,IRN,Iran (Islamic Republic of),Southern Asia,Asia,"Moormoori village (Abdanan district, Ilam province), Tape Hamane Oliya, Tape Hamane Sofla villages (Dehloran district, Ilam province)",,6,32.5827,47.7037,2014,8,18,,250,,12000,12250,43000,58477
160,Natural,Geophysical,Earthquake,Ground movement,COM,Comoros,Sub-Saharan Africa,Africa,Anjouan province,"Slide (land, mud, snow, rock)",4.8,-12.228,44.3,2014,3,12,,,10000,,10000,,
161,Natural,Geophysical,Earthquake,Ground movement,MEX,Mexico,Latin America and the Caribbean,Americas,Chiapas province,,6.9,14.724,-92.4614,2014,7,7,3,,27000,,27000,,
162,Natural,Geophysical,Earthquake,Ground movement,ETH,Ethiopia,Sub-Saharan Africa,Africa,"Southern Afar, northern Oromia, Amhara regions",Volcanic activity,5.2,9.459,40.122,2025,1,4,2,2,99950,,99952,,
163,Natural,Geophysical,Earthquake,Ground movement,THA,Thailand,South-eastern Asia,Asia,"Chiang Rai, Chiang Mai, Lampang, Lamphun, Mae Hong Son, Phayao, Phrae, Nan provinces",,6.1,19.6557,99.6696,2014,5,5,1,23,17500,,17523,62000,84315
164,Natural,Geophysical,Earthquake,Ground movement,TWN,Taiwan (Province of China),Eastern Asia,Asia,Taiwan,,6,23.234,120.475,2025,1,21,,27,,,27,1300000,1300000
165,Natural,Geophysical,Earthquake,Ground movement,MMR,Myanmar,South-eastern Asia,Asia,"Sagaing, Mandalay, Magway, Shan, Naypyidaw et Bago",,7.7,21.996,95.926,2025,3,28,3820,5104,1350000,,1355104,11000000,11000000
166,Natural,Geophysical,Earthquake,Ground movement,CHN,China,Eastern Asia,Asia,Dali Bai district (Yunnan Sheng province),,5.1,25.953,99.782,2013,4,17,,10,80545,,80555,38000,52515
167,Natural,Geophysical,Earthquake,Ground movement,TWN,Taiwan (Province of China),Eastern Asia,Asia,"Puli city (Name Unknown district, Taiwan Sheng province)",,5.9,23.828,121.215,2013,3,27,1,97,,,97,1000,1382
168,Natural,Geophysical,Earthquake,Ground movement,CHN,China,Eastern Asia,Asia,"Guangxi, Gungdong provinces",,6.1,20.485,109.406,1994,12,31,,360,5500,,5860,,
169,Natural,Geophysical,Earthquake,Tsunami,JPN,Japan,Eastern Asia,Asia,"Hokkaido, Iwate, Miyagi, Fukushima, and Chiba prefectures",Tsunami/Tidal wave,8.8,52.498,160.264,2025,7,29,1,11,,,11,,
170,Natural,Geophysical,Earthquake,Ground movement,GTM,Guatemala,Latin America and the Caribbean,Americas,Jerez municipality (Jutiapa department),,5.7,14.055,-89.883,2025,7,29,9,9,14541,,14550,,
171,Natural,Geophysical,Earthquake,Ground movement,NZL,New Zealand,Australia and New Zealand,Oceania,"Wellington's Central Business Center, Paraparaumu, Wainuiomata, Porirua, Hutt Valley areas (Wellington province)",,6.5,-41.704,174.337,2013,7,21,,4,13836,,13840,50000,69099
172,Natural,Geophysical,Earthquake,Ground movement,AFG,Afghanistan,Southern Asia,Asia,"Kama, Dehbala, Lalpur, Surkhrod, Kuzkunar, Sherzad, Khogyani, Chaparhar, Dara-e-Nur, Goshta, Durbaba, Muhmand Dara, Behsud, Jalalabad, Batikot, Hesarak, Shinwar, Achin districts (Nangarhar province), Nurgal, Khaskunar, Sarkani, Chawkay (Kunar province)",,5.5,34.526,70.22,2013,4,24,18,141,3390,,3531,,
173,Natural,Geophysical,Earthquake,Ground movement,JPN,Japan,Eastern Asia,Asia,Hyogo province,,5.8,34.369,134.828,2013,4,12,,32,8406,,8438,,
174,Natural,Geophysical,Earthquake,Ground movement,CHN,China,Eastern Asia,Asia,"Lushan area (Ya'an district, Sichuan Sheng province)",,6.6,30.308,102.888,2013,4,20,198,14785,2184000,,2198785,6800000,9397491
175,Natural,Geophysical,Earthquake,Ground movement,IDN,Indonesia,South-eastern Asia,Asia,Sarmi region (Papua),,6.5,-2.168,138.938,2025,10,16,,,250,,250,,
176,Natural,Geophysical,Earthquake,Ground movement,IRN,Iran (Islamic Republic of),Southern Asia,Asia,Dashty district (Bushehr province),,5.4,28.093,51.755,2002,2,17,1,30,750,,780,,
177,Natural,Geophysical,Earthquake,Ground movement,BGD,Bangladesh,Southern Asia,Asia,"Dhaka, Narayanganj, Gazipur, and Narayanganj",,5.4,23.808,90.649,2025,11,21,10,507,,,507,,
178,Natural,Geophysical,Earthquake,Ground movement,AZE,Azerbaijan,Western Asia,Asia,"Zagatala, Gakh districts (Shaki-Zaqatala province)",,5.1,41.439,46.789,2012,5,18,,,,6949,6949,,
179,Natural,Geophysical,Earthquake,Ground movement,IRN,Iran (Islamic Republic of),Southern Asia,Asia,"Zohan, Ghayen villages (Gaenat district, Khorasan province), Zirkooh, Hoserobat (Birjand district, Khorasan province)",,5.8,33.506,59.571,2012,12,5,6,23,5500,,5523,,
180,Natural,Geophysical,Earthquake,Ground movement,TUR,Türkiye,Western Asia,Asia,Poturge district (Malatya province),,4.5,38.164,38.777,2000,5,7,1,,1000,,1000,,
181,Natural,Geophysical,Earthquake,Ground movement,MMR,Myanmar,South-eastern Asia,Asia,"Chaung-U area (Monywa district, Sagaing province), Kyaukmyaung village (Shwebo district, Sagaing province), Myaung area (Sagaing district, Sagaing province), Mogok, Singu, Thabeikkyin areas (Pyin-Oo-Lwin district, Mandalay province), Kyaukse district (Mandalay province)","Slide (land, mud, snow, rock)",6.8,23.005,95.885,2012,11,11,38,231,1255,,1486,1170,1641
182,Natural,Geophysical,Earthquake,Ground movement,CHN,China,Eastern Asia,Asia,"Yiliang area (Zhaotong district, Yunnan Sheng province), Weining area (Bijie district, Guizhou Sheng province)",,5.5,27.575,103.983,2012,9,7,81,821,744000,,744821,1000000,1402228
183,Natural,Geophysical,Earthquake,Ground movement,IND,India,Southern Asia,Asia,"Kinnaur district, Kashmir; Himachal Pradesh",,6.8,32.455,78.43,1975,1,19,47,,,,,,
184,Natural,Geophysical,Earthquake,Tsunami,SLB,Solomon Islands,Melanesia,Oceania,Torkina,,7.7,-7.104,155.152,1975,7,21,200,,,,,,
185,Natural,Geophysical,Earthquake,Ground movement,USA,United States of America,Northern America,Americas,Pocatello valley (Idaho),,6,42.06,-122.55,1975,3,27,,,1560,,1560,1000,5982
186,Natural,Geophysical,Earthquake,Ground movement,GTM,Guatemala,Latin America and the Caribbean,Americas,"Guatemala city, Chimaltenango",,7.5,15.324,-89.101,1976,2,4,23000,77000,3750000,1166000,4993000,1000000,5657221
187,Natural,Geophysical,Earthquake,Ground movement,IDN,Indonesia,South-eastern Asia,Asia,Bali,,6.5,-8.17,114.888,1976,7,14,573,4755,450000,,454755,195000,1103158
188,Natural,Geophysical,Earthquake,Ground movement,PHL,Philippines,South-eastern Asia,Asia,"Gulf of Moro, Sulu (Mindanao)",Tsunami/Tidal wave,7.9,6.262,124.023,1976,8,17,6000,6348,175000,,181348,134000,758068
189,Natural,Geophysical,Earthquake,Ground movement,IDN,Indonesia,South-eastern Asia,Asia,East Timor,,,,,1977,8,27,2,25,,,25,,
190,Natural,Geophysical,Earthquake,Ground movement,JPN,Japan,Eastern Asia,Asia,"Oshima, Yokohama, Tokkaido",Tsunami/Tidal wave,6.6,34.809,139.259,1978,1,14,25,129,1632,255,2016,,
191,Natural,Geophysical,Earthquake,Ground movement,DFR,Germany Federal Republic,Western Europe,Europe,Swabian Alb,,5.5,48.29,9.01,1978,9,3,,35,,200,235,150000,740288
192,Natural,Geophysical,Earthquake,Ground movement,IRN,Iran (Islamic Republic of),Southern Asia,Asia,Tabas (Khorasan province),,7.4,33.386,57.434,1978,9,16,25000,,40000,,40000,50000,246763
193,Natural,Geophysical,Earthquake,Ground movement,IRN,Iran (Islamic Republic of),Southern Asia,Asia,"Izeh, Masjed-e-Soleyman",,6.2,32.14,49.65,1978,12,14,45,52,,,52,,
194,Natural,Geophysical,Earthquake,Ground movement,TUR,Türkiye,Western Asia,Asia,"Pulumur, Erzincan",,4.5,36.69,39.79,1978,2,15,,20,125,2500,2645,,
195,Natural,Geophysical,Earthquake,Ground movement,ALB,Albania,Southern Europe,Europe,Northern,,6.9,42.096,19.209,1979,4,15,35,350,,,350,,
196,Natural,Geophysical,Earthquake,Ground movement,IRN,Iran (Islamic Republic of),Southern Asia,Asia,Khorasan province,,6.6,33.918,59.741,1979,11,14,350,55,15000,,15055,,
197,Natural,Geophysical,Earthquake,Ground movement,COL,Colombia,Latin America and the Caribbean,Americas,"Pasto, Buenaventura, Narino, Cauca provinces, Tumaco Isl.; Gorgona Isl.",Tsunami/Tidal wave,7.7,1.598,-79.358,1979,12,12,579,1042,10000,,11042,8000,35488
198,Natural,Geophysical,Earthquake,Ground movement,ITA,Italy,Southern Europe,Europe,Val Nerina (Umbria),,5.8,42.812,13.061,1979,9,19,5,,,5000,5000,,
199,Natural,Geophysical,Earthquake,Ground movement,MEX,Mexico,Latin America and the Caribbean,Americas,Northwest,,6.4,32.2,-115.122,1980,6,9,2,60,,,60,,
200,Natural,Geophysical,Earthquake,Ground movement,ECU,Ecuador,Latin America and the Caribbean,Americas,Guayaquil,,5.6,-1.948,-80.017,1980,8,18,8,40,,,40,,
201,Natural,Geophysical,Earthquake,Ground movement,IRN,Iran (Islamic Republic of),Southern Asia,Asia,"Qom, Fafresh",,5.2,34.503,50.59,1980,12,22,4,100,,,100,1000,3907
202,Natural,Geophysical,Earthquake,Ground movement,VEN,Venezuela (Bolivarian Republic of),Latin America and the Caribbean,Americas,"San Cristobal aera (Venezuela) , Cucta area (Colombia)",,5,8.045,-72.441,1980,11,26,,36,150,,186,,
203,Natural,Geophysical,Earthquake,Ground movement,GRC,Greece,Southern Europe,Europe,Volos (Magnisia province),,6.3,39.203,22.729,1980,7,12,1,17,,,17,5000,19533
204,Natural,Geophysical,Earthquake,Ground movement,IRN,Iran (Islamic Republic of),Southern Asia,Asia,"Kerman, Golbaf, Shahdab",,7.1,30.013,57.794,1981,7,28,1200,1000,30000,,31000,1000000,3540753
205,Natural,Geophysical,Earthquake,Ground movement,YUG,Yugoslavia,Southern Europe,Europe,Banja Luka (Bosnia and Herzegovina),,5.5,44.849,17.312,1981,8,13,,44,,,44,5000,17704
206,Natural,Geophysical,Earthquake,Ground movement,GRC,Greece,Southern Europe,Europe,Greece-Albania border region,"Slide (land, mud, snow, rock)",5.6,39.481,20.699,1981,3,10,2,,450,,450,,
207,Natural,Geophysical,Earthquake,Ground movement,PAK,Pakistan,Southern Asia,Asia,Koshkak,,4,29.856,66.962,1981,12,12,6,12,225,,237,,
208,Natural,Geophysical,Earthquake,Ground movement,JPN,Japan,Eastern Asia,Asia,"Hokkaido, Urakawa, Hiroo",Tsunami/Tidal wave,6.7,42.158,142.361,1982,3,21,110,100,1000,,1100,1000,3336
209,Natural,Geophysical,Earthquake,Ground movement,CHN,China,Eastern Asia,Asia,Garze (Sichuan province),,5.5,31.907,99.931,1982,6,16,10,5,,,5,,
210,Natural,Geophysical,Earthquake,Ground movement,HND,Honduras,Latin America and the Caribbean,Americas,Comayagua area,,5,14.53,-87.72,1982,4,27,,,500,,500,,
211,Natural,Geophysical,Earthquake,Ground movement,MEX,Mexico,Latin America and the Caribbean,Americas,"Near coast of Guerrero, Michoacan, Orziba, Oaxaca, Guadalupe",,7,16.558,-98.358,1982,6,7,9,17,,,17,,
212,Natural,Geophysical,Earthquake,Ground movement,PER,Peru,Latin America and the Caribbean,Americas,"Lima, Lunahuana, Huancayo",,6.1,-12.69,-76.065,1982,3,28,3,,,,,5000,16681
213,Natural,Geophysical,Earthquake,Ground movement,MEX,Mexico,Latin America and the Caribbean,Americas,Chiapas,Volcanic activity,3.5,17.25,-93.21,1982,3,27,10,200,,,200,,
214,Natural,Geophysical,Earthquake,Ground movement,SUN,Soviet Union,Eastern Europe,Europe,Kum-Dag (Turkmenistan),,4.6,39.042,48.714,1983,4,2,,,,14000,14000,5000,16162
215,Natural,Geophysical,Earthquake,Tsunami,JPN,Japan,Eastern Asia,Asia,"Nihon- Kai-Chubu, Western Honshu, Akita, Aomori, Hokkaido",Tsunami/Tidal wave,7.7,40.462,139.102,1983,5,26,102,77,,,77,416000,1344661
216,Natural,Geophysical,Earthquake,Ground movement,ITA,Italy,Southern Europe,Europe,Pozzuoli (Naples),,,40.5,14.15,1983,9,19,,30,20000,1000,21030,,
217,Natural,Geophysical,Earthquake,Ground movement,CHL,Chile,Latin America and the Caribbean,Americas,"Atacama, Copiapo-Chanaral area",Tsunami/Tidal wave,7.4,-26.535,-70.563,1983,10,4,4,24,1500,,1524,1000,3232
218,Natural,Geophysical,Earthquake,Ground movement,USA,United States of America,Northern America,Americas,Kapapala area (Hawai),"Slide (land, mud, snow, rock)",6.4,19.43,-155.454,1983,11,16,,6,,,6,6250,20202
219,Natural,Geophysical,Earthquake,Ground movement,ITA,Italy,Southern Europe,Europe,Parma,,,44.689,10.317,1983,11,9,,100,,,100,,
220,Natural,Geophysical,Earthquake,Ground movement,ARG,Argentina,Latin America and the Caribbean,Americas,Mendoza province,,6.9,-33.053,-68.467,1985,1,26,6,238,45000,,45238,,
221,Natural,Geophysical,Earthquake,Ground movement,IRN,Iran (Islamic Republic of),Southern Asia,Asia,Fath-Abad (Firuzabad-Johrom region),,5.3,28.399,52.997,1985,2,3,1,80,7000,,7080,,
222,Natural,Geophysical,Earthquake,Ground movement,CHN,China,Eastern Asia,Asia,Wuqia-Shufu area,,7,39.431,75.224,1985,8,23,67,100,,16000,16100,,
223,Natural,Geophysical,Earthquake,Ground movement,IDN,Indonesia,South-eastern Asia,Asia,Paniai District (Eastern Irian Jaya),,6.3,-4.13,136.049,1985,9,15,10,7,,,7,,
224,Natural,Geophysical,Earthquake,Ground movement,TUR,Türkiye,Western Asia,Asia,"ERZURUM, KARS, AGRI, ARTVIN",,4.2,40.31,42.307,1985,11,7,,14,565,,579,,
225,Natural,Geophysical,Earthquake,Ground movement,PER,Peru,Latin America and the Caribbean,Americas,"Chimbote, Pucallpa (Cuzco)",,5.8,-13.32,-71.57,1986,4,5,15,80,8000,,8080,22000,64619
226,Natural,Geophysical,Earthquake,Ground movement,VEN,Venezuela (Bolivarian Republic of),Latin America and the Caribbean,Americas,Eastern Venezuela,,6.2,,,1986,6,2,2,50,,800,850,1000,2937
227,Natural,Geophysical,Earthquake,Ground movement,BGR,Bulgaria,Eastern Europe,Europe,Strazhitsa (Tyrnovo region),,5.1,43.12,25.57,1986,12,7,3,60,,3000,3060,,
228,Natural,Geophysical,Earthquake,Ground movement,VEN,Venezuela (Bolivarian Republic of),Latin America and the Caribbean,Americas,Churuguara area,,5.9,10.77,-69.428,1986,7,18,1,,150,,150,,
229,Natural,Geophysical,Earthquake,Ground movement,PAK,Pakistan,Southern Asia,Asia,Khuzdar area,,5.2,27.727,66.65,1986,10,16,,,750,,750,,
230,Natural,Geophysical,Earthquake,Ground movement,NZL,New Zealand,Australia and New Zealand,Oceania,Edgecumbe (Bay of Plenty),,6.5,-37.965,176.765,1987,3,2,1,25,7000,,7025,210000,595010
231,Natural,Geophysical,Earthquake,Ground movement,IRN,Iran (Islamic Republic of),Southern Asia,Asia,NAHAVAND-HAMADEN-TUYSARKAN (Southwest Teheran),,4.6,34.076,48.266,1987,5,29,2,50,,,50,,
232,Natural,Geophysical,Earthquake,Ground movement,JPN,Japan,Eastern Asia,Asia,Chiba prefecture (Near Tokyo),,6,35.38,140.214,1987,12,17,2,53,22599,,22652,,
233,Natural,Geophysical,Earthquake,Ground movement,DZA,Algeria,Northern Africa,Africa,"Blida, Mede-Algiers areas",,5.4,36.443,2.759,1988,10,31,,57,,200,257,,
234,Natural,Geophysical,Earthquake,Ground movement,GTM,Guatemala,Latin America and the Caribbean,Americas,"PALIN, SAN VICENTE PACAYA, Chamaltenango area",,6,13.881,-90.45,1988,10,15,,,,1550,1550,,
235,Natural,Geophysical,Earthquake,Ground movement,GRC,Greece,Southern Europe,Europe,"Near Killini, Vartholomion","Slide (land, mud, snow, rock)",5.8,37.938,20.932,1988,10,16,,25,,,25,,
236,Natural,Geophysical,Earthquake,Ground movement,SLB,Solomon Islands,Melanesia,Oceania,Southwestern coast San Cristobal,,6.6,-10.199,160.855,1988,8,10,1,,,500,500,,
237,Natural,Geophysical,Earthquake,Ground movement,SUN,Soviet Union,Eastern Europe,Europe,"Sharora, Okulibolo, Okulipoyen, Gissar villages (Tajikistan)","Slide (land, mud, snow, rock)",5.3,38.465,68.694,1989,1,23,274,51,12000,,12051,24800,64406
238,Natural,Geophysical,Earthquake,Ground movement,IDN,Indonesia,South-eastern Asia,Asia,"Morotai, Tanawangu (Molucca passage)",,5.3,1.031,126.189,1989,3,8,,,,5500,5500,,
239,Natural,Geophysical,Earthquake,Ground movement,CHN,China,Eastern Asia,Asia,Between Datong (Shanxi) and Yangyuan (Hebei),,5.3,39.893,113.884,1989,10,18,29,140,50000,55000,105140,,
240,Natural,Geophysical,Earthquake,Ground movement,USA,United States of America,Northern America,Americas,Puna district (Hawaii),,6.1,19.362,-155.083,1989,6,26,5,,300,15,315,,
241,Natural,Geophysical,Earthquake,Ground movement,CHN,China,Eastern Asia,Asia,Xiaojin county (Sichuan province),,6.1,31.583,102.433,1989,9,22,,54,,21350,21404,,
242,Natural,Geophysical,Earthquake,Ground movement,IRN,Iran (Islamic Republic of),Southern Asia,Asia,Deh Borzog-e Sisakht area,"Slide (land, mud, snow, rock)",,30.96,51.421,1989,10,1,,,1500,,1500,,
243,Natural,Geophysical,Earthquake,Ground movement,PHL,Philippines,South-eastern Asia,Asia,"Bohol, Cebu, Cagayan De Oro, Camiguin, Cotabato, Mindanao",Tsunami/Tidal wave,6.6,9.725,124.625,1990,2,8,1,4,34500,,34504,900,2218
244,Natural,Geophysical,Earthquake,Ground movement,ROU,Romania,Eastern Europe,Europe,Bucharest-Braila-Brasov Area,,7,45.841,26.668,1990,5,30,9,700,,,700,,
245,Natural,Geophysical,Earthquake,Ground movement,UGA,Uganda,Sub-Saharan Africa,Africa,Moyo area,,,,,1990,5,20,,,,,,,
246,Natural,Geophysical,Earthquake,Ground movement,CHN,China,Eastern Asia,Asia,Qinghai Province,,6.9,35.986,100.245,1990,4,26,126,2049,24574,7696,34319,58350,143775
247,Natural,Geophysical,Earthquake,Ground movement,ITA,Italy,Southern Europe,Europe,Potenza area,,5.4,40.38,15.48,1990,5,6,2,16,,,16,,
248,Natural,Geophysical,Earthquake,Ground movement,GRC,Greece,Southern Europe,Europe,Goumenisa (50km north Thessaloniki),,5.5,40.9,22.5,1990,12,21,1,60,,,60,,
249,Natural,Geophysical,Earthquake,Ground movement,CRI,Costa Rica,Latin America and the Caribbean,Americas,"Alajuela, Heredia, San Jose provinces",,5.8,9.869,84.302,1990,12,22,1,299,,14000,14299,19500,48048
250,Natural,Geophysical,Earthquake,Ground movement,VUT,Vanuatu,Melanesia,Oceania,,,6.7,-15.465,166.385,1990,2,19,,,,,,,
251,Natural,Geophysical,Earthquake,Ground movement,USA,United States of America,Northern America,Americas,Southern California,,5.5,34.14,-117.7,1990,2,28,,30,,,30,12700,31293
252,Natural,Geophysical,Earthquake,Ground movement,GBR,United Kingdom of Great Britain and Northern Ireland,Northern Europe,Europe,Wrexham-Welshpool-Shrewsbury area,,4.7,52.314,-2.985,1990,4,2,,,,,,,
253,Natural,Geophysical,Earthquake,Ground movement,UGA,Uganda,Sub-Saharan Africa,Africa,Juba region,,6.8,5.345,31.908,1990,5,24,,,,,,,
254,Natural,Geophysical,Earthquake,Ground movement,PNG,Papua New Guinea,Melanesia,Oceania,North East coast,,,-3.5,144,1990,6,7,,,,,,,
255,Natural,Geophysical,Earthquake,Ground movement,GRC,Greece,Southern Europe,Europe,Kanalaki,,5.1,38,23.44,1990,6,16,,1,,,1,,
256,Natural,Geophysical,Earthquake,Ground movement,FJI,Fiji,Melanesia,Oceania,,,6.3,-21.363,-176.582,1990,6,23,,,,,,,
257,Natural,Geophysical,Earthquake,Ground movement,IDN,Indonesia,South-eastern Asia,Asia,"Bangkejeren, Kutacane, Medan area (North Sumatra)","Slide (land, mud, snow, rock)",6,3.908,97.457,1990,11,15,1,32,2140,,2172,2100,5174
258,Natural,Geophysical,Earthquake,Ground movement,IDN,Indonesia,South-eastern Asia,Asia,"Kuningan, Majalenga, Sumedang area (Java)",,5.8,-9.904,101.12,1990,7,6,,103,,,103,,
259,Natural,Geophysical,Earthquake,Ground movement,USA,United States of America,Northern America,Americas,Alamo (central California),,4.3,37.885,-121.983,1990,3,30,,,120,,120,,
260,Natural,Geophysical,Earthquake,Ground movement,CRI,Costa Rica,Latin America and the Caribbean,Americas,San José,,4.9,9.59,-84.04,1991,8,9,,,150,,150,,
261,Natural,Geophysical,Earthquake,Ground movement,YEM,Yemen,Western Asia,Asia,"Jabal Bahr, Bani Zahir villages (Al-Udayn district, Hazm Al-Udein district, Ebb province)",,4.4,13.887,44.068,1991,11,22,10,39,,40000,40039,,
262,Natural,Geophysical,Earthquake,Ground movement,KGZ,Kyrgyzstan,Central Asia,Asia,"Burgandi-Nookat (Osh, Djalalabad districts)",,7,42.01,74.01,1992,5,22,4,,50000,,50000,31000,71126
263,Natural,Geophysical,Earthquake,Ground movement,DEU,Germany,Western Europe,Europe,"Heinsberg, Bonn, Koln (Western)",,5.6,51.153,5.798,1992,4,13,1,25,1500,,1525,50000,114720
264,Natural,Geophysical,Earthquake,Ground movement,IDN,Indonesia,South-eastern Asia,Asia,"Sikka, East Flores, Ende, Ngada (Flores Isl.)",Tsunami/Tidal wave,7.5,-8.482,121.93,1992,12,12,2500,2103,,90000,92103,100000,229440
265,Natural,Geophysical,Earthquake,Ground movement,CHN,China,Eastern Asia,Asia,Lhasa prefecture (Tibet),,6.5,29.41,91.1,1992,7,31,,,16000,,16000,3150,7227
266,Natural,Geophysical,Earthquake,Ground movement,SDN,Sudan,Northern Africa,Africa,Khartoum,,6.2,15.385,31.69,1993,8,1,3,15,,,15,,
267,Natural,Geophysical,Earthquake,Ground movement,WLF,Wallis and Futuna Islands,Polynesia,Oceania,Futuna Isl.,,6.5,-14.385,-178.252,1993,3,13,5,20,,,20,,
268,Natural,Geophysical,Earthquake,Ground movement,USA,United States of America,Northern America,Americas,Klamath Falls (Oregon),,5.8,42.314,-122.01,1993,9,21,2,,3000,,3000,7500,16715
269,Natural,Geophysical,Earthquake,Ground movement,GRC,Greece,Southern Europe,Europe,Patras,,5.3,38.224,21.756,1993,7,14,,5,600,,605,,
270,Natural,Geophysical,Earthquake,Ground movement,USA,United States of America,Northern America,Americas,"Los Angeles, Ventura, Orange, San Bernardino Counties (California)",Fire,6.6,0.34,30.12,1994,1,17,60,7000,,20000,27000,30000000,65159648
271,Natural,Geophysical,Earthquake,Ground movement,IDN,Indonesia,South-eastern Asia,Asia,"Liwa, Lampung Province (South Sumatra), Balikbukit, Belalau, Sumberjaya","Slide (land, mud, snow, rock)",7.2,-4.967,104.302,1994,2,16,207,1449,37620,10330,49399,170476,370272
272,Natural,Geophysical,Earthquake,Ground movement,IDN,Indonesia,South-eastern Asia,Asia,"Purwoharjo, Sarongan, Tegaldlimo, Banyuwangi (South Java)",Tsunami/Tidal wave,7.2,-10.2,13.2,1994,6,2,239,440,8280,,8720,2200,4778
273,Natural,Geophysical,Earthquake,Ground movement,USA,United States of America,Northern America,Americas,Eureka,,5.3,34.17,-118.27,1994,12,26,,,225,,225,2100,4561
274,Natural,Geophysical,Earthquake,Ground movement,AUS,Australia,Australia and New Zealand,Oceania,"Cessnock, Hunter Valley",,5.4,-32.956,151.228,1994,8,6,,5,5000,20,5025,,
275,Natural,Geophysical,Earthquake,Ground movement,COL,Colombia,Latin America and the Caribbean,Americas,"Boyaca Province, Casanare Department","Slide (land, mud, snow, rock)",6.5,4.9,-73.1,1995,1,19,7,35,2560,250,2845,,
276,Natural,Geophysical,Earthquake,Ground movement,ECU,Ecuador,Latin America and the Caribbean,Americas,"Pastaza, Tena, Archidona, Santiago (Cutuca mountains, Morona Santiago Province)",,6.9,-2.7,-77.8,1995,10,2,2,5,200,600,805,,
277,Natural,Geophysical,Earthquake,Ground movement,CHN,China,Eastern Asia,Asia,"Lishui, Ninglang, Haping counties (Lijian prefecture), Zhongdian (Diqing prefecture), Heqing, Jianchuan (Dali precture), Lanping (Nujiang prefecture) - Yunnan Province",,7,25.04,102.41,1996,2,3,309,16925,3270000,1790870,5077795,506000,1038592
278,Natural,Geophysical,Earthquake,Ground movement,IRN,Iran (Islamic Republic of),Southern Asia,Asia,"Birjand, Qayer (Khorasan)","Slide (land, mud, snow, rock)",7.3,33.825,59.809,1997,5,10,1568,2600,72000,,74600,100000,200567
279,Natural,Geophysical,Earthquake,Ground movement,CHN,China,Eastern Asia,Asia,"Kashi, Atushi (Jiashi county), Yuepuhu, Bachu, Shule, Yingjisha counties (Xinhiang autonomus region)",,6.6,39.3,76.5,1997,4,6,9,89,500000,,500089,,
280,Natural,Geophysical,Earthquake,Tsunami,JPN,Japan,Eastern Asia,Asia,Sanriku,Tsunami/Tidal wave,7.9,40.5,142.5,1901,8,10,18,,,24,24,,
281,Natural,Geophysical,Earthquake,Ground movement,GTM,Guatemala,Latin America and the Caribbean,Americas,"Quezaltenango, San Marcos",Tsunami/Tidal wave,7.5,14,-91,1902,4,18,2000,,,,,25000,930200
282,Natural,Geophysical,Earthquake,Ground movement,TUR,Türkiye,Western Asia,Asia,,,,39.1,42.4,1903,4,19,1700,,,,,,
283,Natural,Geophysical,Earthquake,Ground movement,TUR,Türkiye,Western Asia,Asia,"VARGINIS,CARDAHLI,MEHKEREK",,5.8,40.9,42.7,1903,5,28,1000,,,,,,
284,Natural,Geophysical,Earthquake,Ground movement,ITA,Italy,Southern Europe,Europe,"MONTELEONE, TROPEA, MONTE PORO (Calabria)",,7.1,38.67,16.07,1905,9,8,557,2000,,20100,22100,,
285,Natural,Geophysical,Earthquake,Ground movement,TWN,Taiwan (Province of China),Eastern Asia,Asia,"Kagi, Toroku",,6.8,23.6,170.5,1906,3,17,1258,145,,20307,20452,,
286,Natural,Geophysical,Earthquake,Ground movement,USA,United States of America,Northern America,Americas,San Francisco (California),Fire,7.9,37.67,-122.48,1906,4,18,700,,,84564,84564,524000,18774882
287,Natural,Geophysical,Earthquake,Ground movement,CHL,Chile,Latin America and the Caribbean,Americas,Valparaiso,Tsunami/Tidal wave,8.2,33.05,71.4,1906,8,16,20000,,,,,100000,3582993
288,Natural,Geophysical,Earthquake,Ground movement,CHN,China,Eastern Asia,Asia,Tien Shan,,7.4,38.5,69.9,1907,10,21,12000,,,,,,
289,Natural,Geophysical,Earthquake,Ground movement,FRA,France,Western Europe,Europe,"Lambesc, Saint-Cannat, Rognes, Vernegues, Charleval, La Roque d'Antheron (Haute-Provence)",,6.2,44.05,6.14,1909,6,11,46,,,,,,
290,Natural,Geophysical,Earthquake,Ground movement,MAR,Morocco,Northern Africa,Africa,"Tetouan, Romars",,,35.34,-5.22,1909,1,29,100,,,,,,
291,Natural,Geophysical,Earthquake,Ground movement,IDN,Indonesia,South-eastern Asia,Asia,"Kepahyang, Bengkulu (Sumatera)",Tsunami/Tidal wave,7.6,-3.924,101.82,1914,6,26,20,20,,,20,,
292,Natural,Geophysical,Earthquake,Ground movement,GRC,Greece,Southern Europe,Europe,Leukas Isl.,Tsunami/Tidal wave,6.3,38.8,20.6,1914,11,27,14,,,,,,
293,Natural,Geophysical,Earthquake,Ground movement,USA,United States of America,Northern America,Americas,El Centro (California),,6.2,32.47,-115.33,1915,6,22,6,,,,,1000,31880
294,Natural,Geophysical,Earthquake,Ground movement,MEX,Mexico,Latin America and the Caribbean,Americas,"Veracruz, Cozaultlan, Puebla, Patlanala",,7.8,19.26,-96.97,1920,1,3,648,167,,,167,,
295,Natural,Geophysical,Earthquake,Ground movement,ALB,Albania,Southern Europe,Europe,"Tepelen, Dragoti, Peshtani, Maricaj",,6.2,40.2,20,1920,11,26,200,,,,,,
296,Natural,Geophysical,Earthquake,Tsunami,SUN,Soviet Union,Eastern Europe,Europe,Kamchatka (Russian Federation),,6.8,56.355,162.696,1923,4,14,18,,,,,,
297,Natural,Geophysical,Earthquake,Ground movement,CHN,China,Eastern Asia,Asia,Talifu (Yunnan province),,6.8,25.713,100.422,1925,3,16,5000,,,,,,
298,Natural,Geophysical,Earthquake,Ground movement,TUR,Türkiye,Western Asia,Asia,Ardahan,,5.8,41.2,42.8,1925,1,9,200,,,,,,
299,Natural,Geophysical,Earthquake,Ground movement,PHL,Philippines,South-eastern Asia,Asia,W. Luzo Isl.,Tsunami/Tidal wave,6.7,9.782,123.064,1925,8,7,17,,,,,,
300,Natural,Geophysical,Earthquake,Tsunami,IDN,Indonesia,South-eastern Asia,Asia,Flores sea,,3,-8.3,121.7,1928,8,4,128,,,,,,
301,Natural,Geophysical,Earthquake,Ground movement,IRN,Iran (Islamic Republic of),Southern Asia,Asia,"Kopet-Dagh, Beinin",,7.4,37.8,57.8,1929,5,1,3253,1121,,,1121,,
302,Natural,Geophysical,Earthquake,Ground movement,NZL,New Zealand,Australia and New Zealand,Oceania,Murchison,"Slide (land, mud, snow, rock)|Tsunami/Tidal wave",7.5,-41.55,172.25,1929,6,17,17,,,,,,
303,Natural,Geophysical,Earthquake,Ground movement,NIC,Nicaragua,Latin America and the Caribbean,Americas,Managua,,,12.1,-86.2,1930,3,31,1000,,,,,15000,289215
304,Natural,Geophysical,Earthquake,Ground movement,CHN,China,Eastern Asia,Asia,Yunnan province,,6,26.8,103,1930,5,14,42,,,,,,
305,Natural,Geophysical,Earthquake,Ground movement,SUN,Soviet Union,Eastern Europe,Europe,Dushanbe (Tajikistan),,6.3,38.4,68.5,1930,9,22,151,208,,,208,,
306,Natural,Geophysical,Earthquake,Ground movement,ALB,Albania,Southern Europe,Europe,"Vlore, Tepelene",,5,40.3,19.6,1930,12,2,25,,,,,,
307,Natural,Geophysical,Earthquake,Ground movement,IDN,Indonesia,South-eastern Asia,Asia,"Kakas, Langowan, Poso, Tondano (North Sulawesi)",,7.4,0.5,126,1932,5,14,6,115,,2960,3075,,
308,Natural,Geophysical,Earthquake,Ground movement,GRC,Greece,Southern Europe,Europe,Hierissos-Strantonion (Chalkidiki),Tsunami/Tidal wave,6.9,40.5,23.9,1932,9,26,151,669,9654,12318,22641,,
309,Natural,Geophysical,Earthquake,Ground movement,CHN,China,Eastern Asia,Asia,Sichuan prpvince,,7.5,31.9,103.4,1933,8,25,10000,,,,,,
310,Natural,Geophysical,Earthquake,Ground movement,PAK,Pakistan,Southern Asia,Asia,Quetta (Baluchistan),Tsunami/Tidal wave,7.5,29.5,66.8,1935,5,31,60000,25000,,,25000,,
311,Natural,Geophysical,Earthquake,Ground movement,TUR,Türkiye,Western Asia,Asia,Kigi,,6.1,39.3,40.6,1935,5,1,540,,,,,,
312,Natural,Geophysical,Earthquake,Ground movement,COL,Colombia,Latin America and the Caribbean,Americas,,,7,1.1,-77.6,1936,1,9,,,,,,,
313,Natural,Geophysical,Earthquake,Ground movement,CHN,China,Eastern Asia,Asia,Shandong province,,,35.259,115.184,1937,8,1,390,,,,,,
314,Natural,Geophysical,Earthquake,Ground movement,IDN,Indonesia,South-eastern Asia,Asia,Tomini Gulf (Central Sulawesi),Tsunami/Tidal wave,7.7,-0.557,118.881,1938,5,20,,,920,4710,5630,,
315,Natural,Geophysical,Earthquake,Ground movement,TUR,Türkiye,Western Asia,Asia,"Erzican, Tercan region",,5.9,39.7,10.4,1939,11,21,13,,,,,,
316,Natural,Geophysical,Earthquake,Ground movement,TUR,Türkiye,Western Asia,Asia,Erzincan (Anatolia),Tsunami/Tidal wave,7.8,39.771,39.57,1939,12,27,32962,,585000,,585000,20000,463299
317,Natural,Geophysical,Earthquake,Ground movement,CHN,China,Eastern Asia,Asia,Liaoning province,,5.8,40.2,122,1940,8,5,,,,5950,5950,,
318,Natural,Geophysical,Earthquake,Ground movement,TUR,Türkiye,Western Asia,Asia,"Van, Ercis",,6,39.5,43.3,1941,9,11,430,,,,,,
319,Natural,Geophysical,Earthquake,Ground movement,TWN,Taiwan (Province of China),Eastern Asia,Asia,,,7.3,23.304,120.393,1941,12,17,319,,,5304,5304,,
320,Natural,Geophysical,Earthquake,Ground movement,TUR,Türkiye,Western Asia,Asia,"Niksar, Erbaa",,7,40.87,36.732,1942,12,20,3000,,,,,,
321,Natural,Geophysical,Earthquake,Ground movement,CHN,China,Eastern Asia,Asia,"Southern China, Yunnan",,,,,1942,1,3,30,,,,,,
322,Natural,Geophysical,Earthquake,Ground movement,ALB,Albania,Southern Europe,Europe,"Peshkopia, Magellare",,6,41.7,20.4,1942,8,27,43,110,,,110,,
323,Natural,Geophysical,Earthquake,Ground movement,PER,Peru,Latin America and the Caribbean,Americas,"Yanaoca, Pampamarca",,5,-14.2,-71.5,1943,1,30,200,,,,,,
324,Natural,Geophysical,Earthquake,Ground movement,TUR,Türkiye,Western Asia,Asia,"Hundek, Adapazari",,6.2,40.6,30.5,1943,6,20,285,,,,,,
325,Natural,Geophysical,Earthquake,Ground movement,ARG,Argentina,Latin America and the Caribbean,Americas,San Juan,,7,-31.372,68.436,1944,1,15,10000,35000,120000,,155000,100000,1829504
326,Natural,Geophysical,Earthquake,Ground movement,TUR,Türkiye,Western Asia,Asia,Ayvalik Edremit,,6.8,39.502,26.596,1944,10,6,27,,,,,,
327,Natural,Geophysical,Earthquake,Ground movement,PAK,Pakistan,Southern Asia,Asia,Makran,Tsunami/Tidal wave,8.1,24.927,63.601,1945,11,28,4000,,,,,25000,447212
328,Natural,Geophysical,Earthquake,Ground movement,IRN,Iran (Islamic Republic of),Southern Asia,Asia,"Garmsar, Kerand, Bankuh",,,35.2,52.1,1945,5,11,20,,,,,,
329,Natural,Geophysical,Earthquake,Ground movement,TUR,Türkiye,Western Asia,Asia,"Van, Bolgesi",,,38.5,43.3,1945,7,29,300,,,,,,
330,Natural,Geophysical,Earthquake,Tsunami,USA,United States of America,Northern America,Americas,"Alaska, Hawi and California",Tsunami/Tidal wave,8.6,53.492,-162.832,1946,4,1,165,,,,,25000,412811
331,Natural,Geophysical,Earthquake,Ground movement,PER,Peru,Latin America and the Caribbean,Americas,"Ancash, Quiches, Joicaibamba, Cerro Angaschaj, Cerro Sillapata",,6.8,-8.41,-77.535,1946,11,10,1400,,,,,,
332,Natural,Geophysical,Earthquake,Ground movement,SUN,Soviet Union,Eastern Europe,Europe,Turkmenistan,,6.9,39.826,54.648,1946,11,4,400,,,,,,
333,Natural,Geophysical,Earthquake,Ground movement,TUR,Türkiye,Western Asia,Asia,"IIgin, Konya",,5.6,38.2,31.8,1946,2,21,12,,,,,,
334,Natural,Geophysical,Earthquake,Ground movement,PER,Peru,Latin America and the Caribbean,Americas,"Satipo, Andamarca, Acpbamba, La Merced, Victoc",,7.6,-10.973,-74.725,1947,11,1,233,,,,,,
335,Natural,Geophysical,Earthquake,Ground movement,JPN,Japan,Eastern Asia,Asia,Fukui,,7.1,36.5,136,1948,6,28,5131,11000,,315000,326000,1000000,13416360
336,Natural,Geophysical,Earthquake,Ground movement,SUN,Soviet Union,Eastern Europe,Europe,Ashkabat (Turkmenistan),,7.3,37.95,58.32,1948,10,5,110000,,,,,25000,335409
337,Natural,Geophysical,Earthquake,Ground movement,GRC,Greece,Southern Europe,Europe,Vasiliki (Leukas),Tsunami/Tidal wave,6.5,38.532,20.425,1948,4,22,2,45,10110,1220,11375,,
338,Natural,Geophysical,Earthquake,Ground movement,CHN,China,Eastern Asia,Asia,Sichuan province,,7.3,29.5,100.5,1948,5,25,800,200,,3000,3200,,
339,Natural,Geophysical,Earthquake,Ground movement,USA,United States of America,Northern America,Americas,"Puget Sound, Olympia (Washington state)",,7,47.167,-122.617,1949,4,13,8,,,,,25000,338228
340,Natural,Geophysical,Earthquake,Ground movement,SUN,Soviet Union,Eastern Europe,Europe,Tadzhik (Tajikistan),,7.4,39.2,70.8,1949,7,10,3500,,,,,,
341,Natural,Geophysical,Earthquake,Ground movement,ECU,Ecuador,Latin America and the Caribbean,Americas,"Pelileo, Ambato","Slide (land, mud, snow, rock)",6.8,-1.5,-78.2,1949,8,5,6000,,100000,,100000,20000,270582
342,Natural,Geophysical,Earthquake,Ground movement,CHL,Chile,Latin America and the Caribbean,Americas,Tierra del Fuego,Tsunami/Tidal wave,7.8,-54,-71,1949,12,17,6,18,,,18,5200,70351
343,Natural,Geophysical,Earthquake,Ground movement,TUR,Türkiye,Western Asia,Asia,Karliova (Anatolia),,6.8,39,40.5,1949,8,17,320,355,,,355,,
344,Natural,Geophysical,Earthquake,Ground movement,NIC,Nicaragua,Latin America and the Caribbean,Americas,Potosi,Tsunami/Tidal wave,6,13,-87.5,1951,8,3,500,,,,,,
345,Natural,Geophysical,Earthquake,Ground movement,TWN,Taiwan (Province of China),Eastern Asia,Asia,,,7.3,23.8,121.7,1951,10,22,68,586,,11910,12496,,
346,Natural,Geophysical,Earthquake,Ground movement,TUR,Türkiye,Western Asia,Asia,"Adana-Misis, Ceyhan",,5,36.5,35.5,1952,10,22,20,,,,,,
347,Natural,Geophysical,Earthquake,Ground movement,TUR,Türkiye,Western Asia,Asia,Hasankale (Erzurum province),,6,39.9,41.7,1952,1,3,103,250,,,250,,
348,Natural,Geophysical,Earthquake,Ground movement,JPN,Japan,Eastern Asia,Asia,Hokkaido Isl.,Tsunami/Tidal wave,8.1,42.084,143.899,1952,3,4,33,200,,,200,,
349,Natural,Geophysical,Earthquake,Tsunami,SUN,Soviet Union,Eastern Europe,Europe,"Kamchatka Peninsula, Kuril Isl. (Russian Federation)",Tsunami/Tidal wave,9,52.623,159.779,1952,11,5,2336,,,,,,
350,Natural,Geophysical,Earthquake,Ground movement,CHN,China,Eastern Asia,Asia,Tibet (Xizang province),,7.4,30.648,91.601,1952,8,17,54,,,3870,3870,,
351,Natural,Geophysical,Earthquake,Ground movement,CYP,Cyprus,Western Asia,Asia,Paphos,Tsunami/Tidal wave,6.3,34.741,32.335,1953,9,10,40,100,,2500,2600,,
352,Natural,Geophysical,Earthquake,Ground movement,AFG,Afghanistan,Southern Asia,Asia,North Region,,,36,66,1954,6,10,2000,,,,,,
353,Natural,Geophysical,Earthquake,Ground movement,DZA,Algeria,Northern Africa,Africa,Orleansville,Tsunami/Tidal wave,6.7,36.283,1.467,1954,9,9,1250,5000,,129250,134250,6000,71820
354,Natural,Geophysical,Earthquake,Ground movement,CHN,China,Eastern Asia,Asia,"Kangting, Sikang (Sichuan province)",,7.5,30,101.8,1955,4,14,39,113,,,113,,
355,Natural,Geophysical,Earthquake,Ground movement,CRI,Costa Rica,Latin America and the Caribbean,Americas,,,5.8,10,-84.5,1955,9,1,10,,,,,,
356,Natural,Geophysical,Earthquake,Ground movement,GRC,Greece,Southern Europe,Europe,"Santorini, Islands of Amorgos and Astypaiaia, Aegean islands, Crete, Folegrandos",Tsunami/Tidal wave|Volcanic activity,7.8,36.664,25.957,1956,7,9,53,100,,,100,,
357,Natural,Geophysical,Earthquake,Ground movement,IND,India,Southern Asia,Asia,"Anjar, Bhuj, Gandhidham, Kandla",,6.1,23,70,1956,7,21,113,219,,,219,,
358,Natural,Geophysical,Earthquake,Ground movement,ESP,Spain,Southern Europe,Europe,Grenade (Andalousia),,,37,-4,1956,4,19,11,70,,,70,,
359,Natural,Geophysical,Earthquake,Ground movement,MEX,Mexico,Latin America and the Caribbean,Americas,"Acapulco (Guerrero), Mexico City",Tsunami/Tidal wave,7.9,16.5,-99.1,1957,7,28,160,100,,,100,25000,286511
360,Natural,Geophysical,Earthquake,Ground movement,MNG,Mongolia,Eastern Asia,Asia,Altay,,8.1,45.5,99.5,1957,12,4,1200,,,,,,
361,Natural,Geophysical,Earthquake,Ground movement,IRN,Iran (Islamic Republic of),Southern Asia,Asia,Keyur Mesqal,Flood,,33.4,52.5,1957,4,23,44,,,,,,
362,Natural,Geophysical,Earthquake,Ground movement,IDN,Indonesia,South-eastern Asia,Asia,Malang (East Java),,6.7,-9.5,112.5,1958,10,20,8,1856,1030,475,3361,,
363,Natural,Geophysical,Earthquake,Ground movement,PER,Peru,Latin America and the Caribbean,Americas,"Arequipa, Chuquibamban Caravelli, Cotahuasi",Tsunami/Tidal wave,7.8,-15.75,-72.75,1960,1,13,63,200,,,200,,
364,Natural,Geophysical,Earthquake,Tsunami,PHL,Philippines,South-eastern Asia,Asia,Nationwide,,,,,1960,5,22,32,,,,,,
365,Natural,Geophysical,Earthquake,Tsunami,USA,United States of America,Northern America,Americas,Hawaii,Tsunami/Tidal wave,9.5,,,1960,5,23,61,,,,,575000,6259245
366,Natural,Geophysical,Earthquake,Ground movement,ETH,Ethiopia,Sub-Saharan Africa,Africa,"Wollo, Karakore",,6.5,10.4,39.9,1961,6,2,30,,,,,,
367,Natural,Geophysical,Earthquake,Ground movement,COL,Colombia,Latin America and the Caribbean,Americas,"Mistrato, Manizales",,6.8,5.173,-76.352,1962,7,30,47,300,,,300,,
368,Natural,Geophysical,Earthquake,Ground movement,TZA,United Republic of Tanzania,Sub-Saharan Africa,Africa,Northern,,,-2.31,32.56,1964,5,7,4,,500,,500,,
369,Natural,Geophysical,Earthquake,Ground movement,MEX,Mexico,Latin America and the Caribbean,Americas,"Guerrero, Michoacan",,7.3,18.136,-100.605,1964,7,6,45,,4000,,4000,3000,31139
370,Natural,Geophysical,Earthquake,Ground movement,TUR,Türkiye,Western Asia,Asia,"Manyas, Bursa, Balikesir provinces (West)",,6.8,40.203,28.206,1964,10,6,23,100,13000,,13100,5000,51898
371,Natural,Geophysical,Earthquake,Ground movement,DZA,Algeria,Northern Africa,Africa,M'sila & Environs,,5.5,35.7,4.4,1965,1,1,2,350,37000,12000,49350,2000,20435
372,Natural,Geophysical,Earthquake,Ground movement,SLV,El Salvador,Latin America and the Caribbean,Americas,San Marcos,,6,13.5,-89.3,1965,5,3,125,1138,90582,48000,139720,35000,357620
373,Natural,Geophysical,Earthquake,Ground movement,GRC,Greece,Southern Europe,Europe,Eurytania region,,6.3,39.2,22,1966,2,5,1,50,11000,,11050,4000,39675
374,Natural,Geophysical,Earthquake,Ground movement,NPL,Nepal,Southern Asia,Asia,Nepal-India border,,6.3,29.706,80.935,1966,6,27,80,100,20000,,20100,1000,9919
375,Natural,Geophysical,Earthquake,Ground movement,TUR,Türkiye,Western Asia,Asia,Mus province,,,38.5,41.3,1966,7,3,14,,,,,,
376,Natural,Geophysical,Earthquake,Ground movement,TUR,Türkiye,Western Asia,Asia,"(1) West Turkey - (2) East Turkey - (3) West Turkey; Mudurnu, Adapazari",,7.4,40.751,30.8,1967,7,22,183,360,238713,87000,326073,3000,28953
377,Natural,Geophysical,Earthquake,Ground movement,IDN,Indonesia,South-eastern Asia,Asia,"Dampit, Gondang, Trenggalek, Malang (East Java)",,6.3,-8.965,113.017,1967,2,20,54,121,,8290,8411,,
378,Natural,Geophysical,Earthquake,Ground movement,FRA,France,Western Europe,Europe,"Arette, Lanne, Montory, Aramits, Haux, Sunhar (Pyrénées-Atlantiques)",,5.3,43.2,-0.5,1967,8,13,1,80,,1020,1100,,
379,Natural,Geophysical,Earthquake,Ground movement,DZA,Algeria,Northern Africa,Africa,Near Sig,,5,35.5,-0.1,1967,7,13,10,15,,200,215,,
380,Natural,Geophysical,Earthquake,Ground movement,COL,Colombia,Latin America and the Caribbean,Americas,,,6.8,6.747,-73.032,1967,7,29,20,,,,,,
381,Natural,Geophysical,Earthquake,Ground movement,NIC,Nicaragua,Latin America and the Caribbean,Americas,Managua,,4.6,12.1,-86.2,1968,1,4,,,2000,,2000,2000,18511
382,Natural,Geophysical,Earthquake,Ground movement,IRN,Iran (Islamic Republic of),Southern Asia,Asia,"Azarbaijan, Maku, Shah Bandalu, Qurta Bolagh, Qondeqli",,5.3,39.2,44.3,1968,4,29,38,100,5000,,5100,1000,9256
383,Natural,Geophysical,Earthquake,Ground movement,JPN,Japan,Eastern Asia,Asia,Aomori Prefecture - Hokkaido,Tsunami/Tidal wave,6.5,40.5,140.43,1968,5,17,47,281,2500,,2781,131000,1212492
384,Natural,Geophysical,Earthquake,Ground movement,IRN,Iran (Islamic Republic of),Southern Asia,Asia,Ferdow,,6.5,34,58.2,1968,9,1,700,,,,,,
385,Natural,Geophysical,Earthquake,Tsunami,IDN,Indonesia,South-eastern Asia,Asia,"Parasanga, Paletoang (Sulawesi)",,7,-3.201,118.904,1969,2,23,64,97,,6435,6532,,
386,Natural,Geophysical,Earthquake,Ground movement,TUR,Türkiye,Western Asia,Asia,"West Alasehir, Sarigol, Kirz",,6.7,38.515,28.546,1969,3,28,53,350,,,350,,
387,Natural,Geophysical,Earthquake,Ground movement,ZAF,South Africa,Sub-Saharan Africa,Africa,Cape province,,6.3,-33.268,19.386,1969,9,29,9,,1000,,1000,24000,210631
388,Natural,Geophysical,Earthquake,Ground movement,MAR,Morocco,Northern Africa,Africa,,,7.8,36.033,-10.613,1969,2,28,11,,,,,,
389,Natural,Geophysical,Earthquake,Ground movement,ECU,Ecuador,Latin America and the Caribbean,Americas,Loja province,,7.2,-4.026,-80.542,1970,12,9,29,120,60000,27992,88112,4000,33169
390,Natural,Geophysical,Earthquake,Ground movement,IRN,Iran (Islamic Republic of),Southern Asia,Asia,"Qir, Karzin, Jahrom, Firuzabad (Southwest Iran)",,6.6,28.415,52.765,1972,4,10,5057,1332,22126,,23458,1000,7699
391,Natural,Geophysical,Earthquake,Ground movement,NIC,Nicaragua,Latin America and the Caribbean,Americas,Managua,,6.3,12.184,-86.223,1972,12,23,10000,20000,400000,300000,720000,845000,6505582
392,Natural,Geophysical,Earthquake,Ground movement,CRI,Costa Rica,Latin America and the Caribbean,Americas,"South Laguna Arenal, Tilaran, Arenal, Rio Chiquito",,6.5,10.679,-84.759,1973,4,14,21,98,3563,84,3745,200,1450
393,Natural,Geophysical,Earthquake,Ground movement,USA,United States of America,Northern America,Americas,Oxnard (California),,5.7,34.1,-119,1973,2,21,,,,,,1000,7251
394,Natural,Geophysical,Earthquake,Ground movement,PER,Peru,Latin America and the Caribbean,Americas,"Lima, Vauyos",,6.3,-12.299,-76.352,1974,1,5,10,,,,,,
395,Natural,Geophysical,Earthquake,Ground movement,AFG,Afghanistan,Southern Asia,Asia,Nahrin district (Baghlan province),"Slide (land, mud, snow, rock)",6.1,36.062,69.315,2002,3,25,1000,1228,80000,10000,91228,,
396,Natural,Geophysical,Earthquake,Ground movement,AFG,Afghanistan,Southern Asia,Asia,Hindu Kush Mountain,,6.5,36.519,70.946,2023,3,21,5,80,3265,,3345,,
397,Natural,Geophysical,Earthquake,Ground movement,CHN,China,Eastern Asia,Asia,"XINJIANG, TURKESTAN",,7.7,39.88,76.2,1902,8,22,2500,,,,,,
398,Natural,Geophysical,Earthquake,Ground movement,ISR,Israel,Western Asia,Asia,Nabulus,,5.7,32.2,35.3,1903,3,30,20,,,,,,
399,Natural,Geophysical,Earthquake,Ground movement,GRC,Greece,Southern Europe,Europe,"Samos, Patmos",,6.2,37.75,27,1904,8,11,4,,1620,,1620,,
400,Natural,Geophysical,Earthquake,Ground movement,IND,India,Southern Asia,Asia,Kangra,,7.8,32.04,76.16,1905,4,4,20000,,,,,25000,895748
401,Natural,Geophysical,Earthquake,Tsunami,JPN,Japan,Eastern Asia,Asia,Fukushima,Tsunami/Tidal wave,7,37.4,142.6,1905,7,7,41,,,,,,
402,Natural,Geophysical,Earthquake,Ground movement,TWN,Taiwan (Province of China),Eastern Asia,Asia,Jiayi,,6.5,23.4,120.4,1906,4,13,15,84,,5382,5466,,
403,Natural,Geophysical,Earthquake,Ground movement,IRN,Iran (Islamic Republic of),Southern Asia,Asia,"Boroujerd, Silakor",,7.7,33.55,48.48,1909,1,23,5000,,,,,,
404,Natural,Geophysical,Earthquake,Ground movement,PAK,Pakistan,Southern Asia,Asia,,,7.2,30,68,1909,10,21,231,,,,,,
405,Natural,Geophysical,Earthquake,Ground movement,CRI,Costa Rica,Latin America and the Caribbean,Americas,Cartago,,,9.8,-84,1910,4,13,1750,,,,,,
406,Natural,Geophysical,Earthquake,Ground movement,TWN,Taiwan (Province of China),Eastern Asia,Asia,,,7.8,25.5,122.5,1910,4,12,60,,,,,,
407,Natural,Geophysical,Earthquake,Ground movement,CRI,Costa Rica,Latin America and the Caribbean,Americas,"Cartago, San Jose",,,10,-84,1910,5,4,700,,,,,,
408,Natural,Geophysical,Earthquake,Ground movement,MEX,Mexico,Latin America and the Caribbean,Americas,Michoacan,,7.9,17.5,-102.5,1911,6,7,45,22,,,22,,
409,Natural,Geophysical,Earthquake,Ground movement,ROU,Romania,Eastern Europe,Europe,Tirnovo,,6.8,43.5,25.5,1913,6,14,,,,,,,
410,Natural,Geophysical,Earthquake,Ground movement,PER,Peru,Latin America and the Caribbean,Americas,"Albancay, Amyares, Casaya, Soraya",,6.3,-14.2,-72.9,1913,11,4,150,,,,,,
411,Natural,Geophysical,Earthquake,Ground movement,CHN,China,Eastern Asia,Asia,Yunnan province,,7,24.15,102.45,1913,12,21,942,112,,,112,,
412,Natural,Geophysical,Earthquake,Ground movement,ITA,Italy,Southern Europe,Europe,"Avezzano, Marsica (Abruzze)",,7.5,42.02,13.26,1915,1,13,29980,,,,,60000,1912828
413,Natural,Geophysical,Earthquake,Ground movement,TWN,Taiwan (Province of China),Eastern Asia,Asia,,,6,24,121,1916,11,15,1,20,,291,311,,
414,Natural,Geophysical,Earthquake,Ground movement,PHL,Philippines,South-eastern Asia,Asia,"Mindanao, South Cotabato","Slide (land, mud, snow, rock)|Tsunami/Tidal wave",8.3,8.29,124.4,1918,8,15,100,,,,,,
415,Natural,Geophysical,Earthquake,Ground movement,CHN,China,Eastern Asia,Asia,"Gansu, Shanxi provinces","Slide (land, mud, snow, rock)|Tsunami/Tidal wave",8.6,36.888,105.606,1920,12,16,180000,,,,,25000,402491
416,Natural,Geophysical,Earthquake,Ground movement,CHN,China,Eastern Asia,Asia,Sichuan,,7,31.295,100.75,1923,3,24,5000,,,,,,
417,Natural,Geophysical,Earthquake,Ground movement,IRN,Iran (Islamic Republic of),Southern Asia,Asia,"Qaleh Jaq Kmen, Bodzhnurd",,6.4,36.617,57.046,1923,9,17,157,,,,,,
418,Natural,Geophysical,Earthquake,Ground movement,ECU,Ecuador,Latin America and the Caribbean,Americas,Chimborazo,,6.9,-1.29,-78.52,1924,3,3,40,,,,,,
419,Natural,Geophysical,Earthquake,Ground movement,IDN,Indonesia,South-eastern Asia,Asia,Java,,,-7.3,109.8,1924,11,12,60,,,,,,
420,Natural,Geophysical,Earthquake,Ground movement,TUR,Türkiye,Western Asia,Asia,Dinar,,5.9,38,30.5,1925,8,7,3,,,6129,6129,,
421,Natural,Geophysical,Earthquake,Ground movement,CHN,China,Eastern Asia,Asia,Yunnan province,,5.8,27,100,1925,10,15,12,,,1500,1500,,
422,Natural,Geophysical,Earthquake,Ground movement,JPN,Japan,Eastern Asia,Asia,"Tango, Honshu",,7.3,35.632,135.013,1927,3,7,3022,3295,29463,46782,79540,40000,740213
423,Natural,Geophysical,Earthquake,Ground movement,IDN,Indonesia,South-eastern Asia,Asia,"Sulawesi, Donggala",Tsunami/Tidal wave,6.3,-0.842,120.764,1927,12,1,50,50,,,50,,
424,Natural,Geophysical,Earthquake,Ground movement,CHL,Chile,Latin America and the Caribbean,Americas,Talca,,,-35.28,-71.4,1928,,,220,,,,,,
425,Natural,Geophysical,Earthquake,Tsunami,CAN,Canada,Northern America,Americas,"Burin Peninsula, Newfoundland",,7.2,48.6,-58,1928,11,18,27,,,,,,
426,Natural,Geophysical,Earthquake,Ground movement,MMR,Myanmar,South-eastern Asia,Asia,"Pegu, Rangoon",Tsunami/Tidal wave,7.5,17.86,96.43,1930,5,5,500,,,,,,
427,Natural,Geophysical,Earthquake,Ground movement,MMR,Myanmar,South-eastern Asia,Asia,"Nyauglebin, Toungoo, Pyu",,7.4,18.233,96.298,1930,12,4,36,,,,,,
428,Natural,Geophysical,Earthquake,Ground movement,MMR,Myanmar,South-eastern Asia,Asia,Tharrawaddy,,,17.4,95.5,1930,7,18,50,,,,,,
429,Natural,Geophysical,Earthquake,Ground movement,NIC,Nicaragua,Latin America and the Caribbean,Americas,Managua,,5.6,13.2,-85.7,1931,3,31,1000,,,,,15000,317756
430,Natural,Geophysical,Earthquake,Tsunami,SLB,Solomon Islands,Melanesia,Oceania,San Cristobal isl.,,7.9,11.117,161.11,1931,10,4,50,,,,,,
431,Natural,Geophysical,Earthquake,Ground movement,ARM,Armenia,Western Asia,Asia,"Zangezur, Nakhitchevan",,6.3,39.2,46,1931,4,27,2890,,,,,,
432,Natural,Geophysical,Earthquake,Ground movement,CHN,China,Eastern Asia,Asia,Xinjiang Weiwuer Zizhiqu province,,7.9,46.817,89.915,1931,8,11,10000,,,,,,
433,Natural,Geophysical,Earthquake,Ground movement,MEX,Mexico,Latin America and the Caribbean,Americas,Central,Tsunami/Tidal wave,6.9,19,-104.5,1932,6,22,,,,2000,2000,,
434,Natural,Geophysical,Earthquake,Ground movement,IDN,Indonesia,South-eastern Asia,Asia,"Ambon Isl., Ceram Isl.",Tsunami/Tidal wave,,-3.57,128.35,1932,9,9,,,,365,365,,
435,Natural,Geophysical,Earthquake,Tsunami,JPN,Japan,Eastern Asia,Asia,Sanriku,,8.4,39.224,144.622,1933,3,3,3000,,,,,,
436,Natural,Geophysical,Earthquake,Ground movement,USA,United States of America,Northern America,Americas,Long Beach (California),Tsunami/Tidal wave,6.3,33.62,117.97,1933,3,10,116,,,,,38500,960986
437,Natural,Geophysical,Earthquake,Ground movement,CHN,China,Eastern Asia,Asia,Sichuan province,,5,29.5,102.5,1933,9,20,200,,,150,150,,
438,Natural,Geophysical,Earthquake,Ground movement,IND,India,Southern Asia,Asia,"Bihar province, Sitamarhi Madhubani area. From Supaul to Pumia. Muzaffarpur-Darbhanga area. Munger (Monghyr) area.",,8.1,25.44,86.59,1934,1,15,7188,,,,,,
439,Natural,Geophysical,Earthquake,Ground movement,NPL,Nepal,Southern Asia,Asia,"Eastern Nepal, Kathmandu Valley",,8.1,27.42,85.19,1934,1,15,8519,,,,,,
440,Natural,Geophysical,Earthquake,Ground movement,TWN,Taiwan (Province of China),Eastern Asia,Asia,Xiinzhu,,6.5,24.6,120.8,1935,7,17,2746,6004,,150000,156004,,
441,Natural,Geophysical,Earthquake,Ground movement,IDN,Indonesia,South-eastern Asia,Asia,"Banda Aceh, Lhok Sukon, Lhoksemawe",Tsunami/Tidal wave,7.3,6.1,94.7,1936,8,24,9,20,,,20,,
442,Natural,Geophysical,Earthquake,Ground movement,CHN,China,Eastern Asia,Asia,Gansu province,,6.8,35.4,103.4,1936,2,7,,,,48250,48250,,
443,Natural,Geophysical,Earthquake,Ground movement,IRN,Iran (Islamic Republic of),Southern Asia,Asia,"Abiz, Sarbisheh",,6.2,33,60,1936,6,30,12,,,,,,
444,Natural,Geophysical,Earthquake,Ground movement,MEX,Mexico,Latin America and the Caribbean,Americas,"Esperanza, Veracruz",,7.7,18.8,-97.5,1937,7,25,34,,,,,,
445,Natural,Geophysical,Earthquake,Ground movement,CHL,Chile,Latin America and the Caribbean,Americas,Chillan region (Concepcion),Tsunami/Tidal wave,8.3,-36.305,-72.315,1939,1,24,30000,58500,,,58500,920000,21311743
446,Natural,Geophysical,Earthquake,Ground movement,TUR,Türkiye,Western Asia,Asia,Dikili,,6.3,39.209,27.164,1939,9,22,60,68,,,68,,
447,Natural,Geophysical,Earthquake,Ground movement,JPN,Japan,Eastern Asia,Asia,Honshu,Tsunami/Tidal wave,7,39.945,139.682,1939,5,1,27,52,,1437,1489,,
448,Natural,Geophysical,Earthquake,Ground movement,PER,Peru,Latin America and the Caribbean,Americas,Pomacanchi,,,-12.5,-72,1939,6,23,37,,,,,,
449,Natural,Geophysical,Earthquake,Ground movement,CHN,China,Eastern Asia,Asia,Yunnan province,,6,23.9,102.3,1940,4,6,181,475,,57780,58255,,
450,Natural,Geophysical,Earthquake,Ground movement,PER,Peru,Latin America and the Caribbean,Americas,"Ica, Nazca",Tsunami/Tidal wave,8.1,-14.819,-74.708,1942,8,24,30,25,,,25,,
451,Natural,Geophysical,Earthquake,Ground movement,TUR,Türkiye,Western Asia,Asia,"Kastomonu, Kargi",,,40.3,34.6,1942,11,21,17,,,,,,
452,Natural,Geophysical,Earthquake,Tsunami,JPN,Japan,Eastern Asia,Asia,"Tonankai, Hondo",Tsunami/Tidal wave,7.9,33.682,36.204,1944,12,7,1223,2135,,78438,80573,,
453,Natural,Geophysical,Earthquake,Ground movement,DOM,Dominican Republic,Latin America and the Caribbean,Americas,Northeasetrn coast,Tsunami/Tidal wave,7.9,19.25,-69,1946,8,4,73,,,,,,
454,Natural,Geophysical,Earthquake,Ground movement,TWN,Taiwan (Province of China),Eastern Asia,Asia,,,6.6,26.19,121.086,1946,12,5,58,384,,3500,3884,,
455,Natural,Geophysical,Earthquake,Ground movement,CHL,Chile,Latin America and the Caribbean,Americas,"Angol, Traiguan",Tsunami/Tidal wave,7.3,-38,-73.5,1949,4,19,35,155,,,155,39000,527635
456,Natural,Geophysical,Earthquake,Ground movement,CHN,China,Eastern Asia,Asia,Xinjiang province,,7.3,42,84,1949,2,23,21,17,,5050,5067,,
457,Natural,Geophysical,Earthquake,Ground movement,COL,Colombia,Latin America and the Caribbean,Americas,"Santander, Amboledas",,,7.8,-72.5,1950,7,8,211,,,40000,40000,5000,66803
458,Natural,Geophysical,Earthquake,Ground movement,TWN,Taiwan (Province of China),Eastern Asia,Asia,,,7.5,22.9,121.5,1951,11,25,17,250,,,250,,
459,Natural,Geophysical,Earthquake,Ground movement,TUR,Türkiye,Western Asia,Asia,"Pasinler (Hasankale), Erzican",,,39.8,39.5,1952,6,3,94,,,,,,
460,Natural,Geophysical,Earthquake,Ground movement,GRC,Greece,Southern Europe,Europe,"Zakinthos (Zante), Céphalonie (Ionian Islands)",Tsunami/Tidal wave,6.8,38.182,20.942,1953,8,12,476,2412,,138865,141277,100000,1201465
461,Natural,Geophysical,Earthquake,Ground movement,CHL,Chile,Latin America and the Caribbean,Americas,"Chillan, Concepcion",Tsunami/Tidal wave,7.5,-37.093,-72.866,1953,5,6,12,40,,,40,500000,6007325
462,Natural,Geophysical,Earthquake,Ground movement,PER,Peru,Latin America and the Caribbean,Americas,Tumbes,,7.3,-3.552,-80.636,1953,12,12,9,20,,1000,1020,,
463,Natural,Geophysical,Earthquake,Ground movement,TUR,Türkiye,Western Asia,Asia,Edirne,,,41.4,26.3,1953,6,18,37,,,,,,
464,Natural,Geophysical,Earthquake,Ground movement,PHL,Philippines,South-eastern Asia,Asia,"Luzon, Sorsogon, Bacon, Legaspi",,6.8,13,123.9,1954,7,2,13,101,,,101,,
465,Natural,Geophysical,Earthquake,Ground movement,GRC,Greece,Southern Europe,Europe,Sophades (Karditsa),,7,39.3,22.2,1954,4,30,31,200,,,200,3150,37705
466,Natural,Geophysical,Earthquake,Ground movement,GRC,Greece,Southern Europe,Europe,,,,39.8,22.1,1954,4,20,25,,,,,,
467,Natural,Geophysical,Earthquake,Ground movement,PHL,Philippines,South-eastern Asia,Asia,"Mindanao, Lanao, Ozamis city",,6.3,7.674,124.081,1955,4,1,400,2000,,,2000,5000,60120
468,Natural,Geophysical,Earthquake,Ground movement,PAK,Pakistan,Southern Asia,Asia,Quetta,,,30.5,67,1955,2,19,12,,,,,,
469,Natural,Geophysical,Earthquake,Ground movement,IRN,Iran (Islamic Republic of),Southern Asia,Asia,"Hazanderan, Abegarm; Caspian Shores",,6.6,36.277,52.778,1957,7,2,2500,,10000,,10000,15000,171907
470,Natural,Geophysical,Earthquake,Ground movement,TUN,Tunisia,Northern Africa,Africa,"Sidi Abid, Sidi Touil, Cailloux",,5.6,36.2,8.9,1957,2,20,13,,,,,,
471,Natural,Geophysical,Earthquake,Ground movement,TUR,Türkiye,Western Asia,Asia,Abant (Bolu province),,7.1,40.7,30.9,1957,5,26,53,119,,,119,,
472,Natural,Geophysical,Earthquake,Ground movement,CHL,Chile,Latin America and the Caribbean,Americas,,,,,,1958,9,,,35,,,35,10100,112675
473,Natural,Geophysical,Earthquake,Tsunami,COL,Colombia,Latin America and the Caribbean,Americas,Colombia-Ecuador,Tsunami/Tidal wave,7.6,1.5,-79.5,1958,1,19,111,46,,,46,,
474,Natural,Geophysical,Earthquake,Ground movement,TWN,Taiwan (Province of China),Eastern Asia,Asia,,,7.2,22.078,121.105,1959,8,15,16,63,,,63,,
475,Natural,Geophysical,Earthquake,Ground movement,IRN,Iran (Islamic Republic of),Southern Asia,Asia,"Lar, Gerash",,6,28,54.5,1960,4,24,480,,,,,20000,217713
476,Natural,Geophysical,Earthquake,Tsunami,JPN,Japan,Eastern Asia,Asia,"Onagawa, Honshu Island",Tsunami/Tidal wave,,,,1960,5,22,138,,,,,140000,1523990
477,Natural,Geophysical,Earthquake,Ground movement,DZA,Algeria,Northern Africa,Africa,"Melouza, Beni Illmane",,5.6,36,4.1,1960,2,21,57,,,1250,1250,,
478,Natural,Geophysical,Earthquake,Ground movement,IRN,Iran (Islamic Republic of),Southern Asia,Asia,"Buyin-Zara, Qazvin",,7.3,35.656,49.843,1962,9,1,12000,3000,100000,,103000,30000,319282
479,Natural,Geophysical,Earthquake,Ground movement,YUG,Yugoslavia,Southern Europe,Europe,Skopje (Macedonia (FYR)),,6,42.1,21.3,1963,7,26,1070,3300,,,3300,1000000,10512427
480,Natural,Geophysical,Earthquake,Ground movement,TWN,Taiwan (Province of China),Eastern Asia,Asia,"Taipei, Hsinch",,7.2,24.411,122.094,1963,2,13,15,18,,,18,,
481,Natural,Geophysical,Earthquake,Ground movement,GRC,Greece,Southern Europe,Europe,"(1) Alonisos & Skopelos, (2) C Patras, Corinth, (3) C Peloponnesus",,6.3,39.4,24,1965,3,9,38,253,30000,,30253,8000,81742
482,Natural,Geophysical,Earthquake,Ground movement,COD,Democratic Republic of the Congo,Sub-Saharan Africa,Africa,Beni (North Kivu province),,6.6,,,1966,3,20,24,600,3000,,3600,200,1984
483,Natural,Geophysical,Earthquake,Ground movement,TUR,Türkiye,Western Asia,Asia,,,4.6,38.9,41.3,1966,7,12,12,20,,,20,,
484,Natural,Geophysical,Earthquake,Ground movement,IND,India,Southern Asia,Asia,"Maharashtra, Koynana",,6.6,17.412,73.885,1967,12,11,177,2272,50000,,52272,400,3860
485,Natural,Geophysical,Earthquake,Ground movement,IDN,Indonesia,South-eastern Asia,Asia,"Makassar Strait, Tinambung (South Sulawesi)",Tsunami/Tidal wave,5.5,-3.7,119.3,1967,4,11,71,100,,,100,,
486,Natural,Geophysical,Earthquake,Ground movement,CHN,China,Eastern Asia,Asia,Sichuan province,,5.5,30.2,104.1,1967,1,24,,,,2085,2085,,
487,Natural,Geophysical,Earthquake,Ground movement,IDN,Indonesia,South-eastern Asia,Asia,"Malaysia brder; North Sumatera, Malay Peninsula",Tsunami/Tidal wave,6.7,5.121,96.286,1967,4,12,14,,,10000,10000,,
488,Natural,Geophysical,Earthquake,Ground movement,GRC,Greece,Southern Europe,Europe,"Limnos, Agios Efstratios",Tsunami/Tidal wave,7.2,39.368,24.957,1968,2,20,19,18,4000,3600,7618,600,5553
489,Natural,Geophysical,Earthquake,Ground movement,PER,Peru,Latin America and the Caribbean,Americas,"Moyobamba, Sans Martin, Yantalo, Rioja, Lamas",,7,-5.61,-77.086,1968,6,19,11,120,300,,420,100,926
490,Natural,Geophysical,Earthquake,Ground movement,PHL,Philippines,South-eastern Asia,Asia,"Luzon Is., Manila",Tsunami/Tidal wave,,16.316,122.067,1968,8,2,271,261,,,261,5000,46278
491,Natural,Geophysical,Earthquake,Tsunami,IDN,Indonesia,South-eastern Asia,Asia,Donggala,,7.8,0.157,119.802,1968,8,15,200,,,,,,
492,Natural,Geophysical,Earthquake,Ground movement,TUR,Türkiye,Western Asia,Asia,"Bartin, Amasra, Cakraz (North Anatolia)",Tsunami/Tidal wave,6.6,41.86,32.463,1968,9,3,24,200,10000,10000,20200,,
493,Natural,Geophysical,Earthquake,Ground movement,MEX,Mexico,Latin America and the Caribbean,Americas,Chiapas state,Tsunami/Tidal wave,5.7,15.5,-92.7,1968,9,25,15,500,,,500,,
494,Natural,Geophysical,Earthquake,Ground movement,YUG,Yugoslavia,Southern Europe,Europe,Montenegro,,5.3,42.1,19.3,1968,11,3,1,30,15000,,15030,38600,357269
495,Natural,Geophysical,Earthquake,Ground movement,ETH,Ethiopia,Sub-Saharan Africa,Africa,Sardo,,6.2,11.9,41.21,1969,3,29,24,165,,420,585,320,2808
496,Natural,Geophysical,Earthquake,Ground movement,PRT,Portugal,Southern Europe,Europe,,Tsunami/Tidal wave,7.8,36.033,-10.613,1969,2,28,2,80,,,80,,
497,Natural,Geophysical,Earthquake,Ground movement,CHN,China,Eastern Asia,Asia,Yunnan province,,7.1,24.185,102.543,1970,1,4,10000,,,,,,
498,Natural,Geophysical,Earthquake,Ground movement,TUR,Türkiye,Western Asia,Asia,Gediz,,7.2,39.098,29.57,1970,3,28,1086,2776,80672,,83448,55600,461044
499,Natural,Geophysical,Earthquake,Ground movement,PNG,Papua New Guinea,Melanesia,Oceania,Madang,"Slide (land, mud, snow, rock)",6.9,-4.999,145.396,1970,11,1,15,20,4000,,4020,1750,14511
500,Natural,Geophysical,Earthquake,Ground movement,PER,Peru,Latin America and the Caribbean,Americas,"Piura,Tumbes",,7.2,-4.026,-80.542,1970,12,9,29,252,15000,,15252,2000,16584
501,Natural,Geophysical,Earthquake,Ground movement,TUR,Türkiye,Western Asia,Asia,"Demirci, Manisa",,5.7,39.1,28.7,1970,4,23,,43,750,,793,,
502,Natural,Geophysical,Earthquake,Ground movement,USA,United States of America,Northern America,Americas,San Fernando (Los Angeles),,6.6,34.416,-118.37,1971,2,9,65,2000,,,2000,553000,4396816
503,Natural,Geophysical,Earthquake,Ground movement,PER,Peru,Latin America and the Caribbean,Americas,"Juanjui, Tarapoto",,6.4,-6.855,-76.726,1972,3,20,12,,1500000,75000,1575000,20000,153978
504,Natural,Geophysical,Earthquake,Ground movement,JPN,Japan,Eastern Asia,Asia,Hokkaido Isl.,Tsunami/Tidal wave,7.7,43.233,145.785,1973,6,17,,27,,,27,5000,36255
505,Natural,Geophysical,Earthquake,Ground movement,JPN,Japan,Eastern Asia,Asia,"Izu-Hanto, Nakagi",Tsunami/Tidal wave,6.5,34.522,138.74,1974,5,9,30,73,,,73,,
506,Natural,Geophysical,Earthquake,Ground movement,TUR,Türkiye,Western Asia,Asia,"Hazro, Hani, Kulp,Lice",,6.7,38.474,40.723,1975,9,6,2385,3372,50000,,53372,17000,101698
507,Natural,Geophysical,Earthquake,Ground movement,CUB,Cuba,Latin America and the Caribbean,Americas,Camaron area,,,,,1976,2,19,1,8,,,8,,
508,Natural,Geophysical,Earthquake,Ground movement,ECU,Ecuador,Latin America and the Caribbean,Americas,Esmeraldas,,6.7,0.782,79.804,1976,4,9,10,,,,,4000,22629
509,Natural,Geophysical,Earthquake,Ground movement,IDN,Indonesia,South-eastern Asia,Asia,"Irian Jaya, Jayawijaya (New guinea)",,7.1,-4.517,139.918,1976,10,29,133,,7000,,7000,,
510,Natural,Geophysical,Earthquake,Ground movement,ROU,Romania,Eastern Europe,Europe,Bucharest,,7.5,45.772,26.761,1977,3,4,1641,11300,200000,175000,386300,2000000,10623721
511,Natural,Geophysical,Earthquake,Ground movement,PHL,Philippines,South-eastern Asia,Asia,Cagayan (N.E. Luzon),,7,16.773,122.327,1977,3,19,1,30,60000,,60030,100,531
512,Natural,Geophysical,Earthquake,Ground movement,SLB,Solomon Islands,Melanesia,Oceania,"Guadalcanal, Honiara","Slide (land, mud, snow, rock)|Tsunami/Tidal wave",6.7,-9.828,160.323,1977,4,21,34,1,1000,,1001,,
513,Natural,Geophysical,Earthquake,Ground movement,TON,Tonga,Polynesia,Oceania,Tongatapu,,6.8,-22.878,-175.9,1977,6,23,1,5,5000,500,5505,1200,6374
514,Natural,Geophysical,Earthquake,Ground movement,MEX,Mexico,Latin America and the Caribbean,Americas,"Mexico city, Oaxaca",,7.7,16.01,-96.591,1978,11,29,9,100,3750,,3850,,
515,Natural,Geophysical,Earthquake,Tsunami,IDN,Indonesia,South-eastern Asia,Asia,Lomblen Island,Tsunami/Tidal wave,,8.8,123.5,1979,7,18,539,23,,,23,,
516,Natural,Geophysical,Earthquake,Ground movement,CHN,China,Eastern Asia,Asia,Wu-Yuan area (Inner Mongolia),,5.9,41.145,108.129,1979,8,25,,104,2000,,2104,,
517,Natural,Geophysical,Earthquake,Ground movement,GTM,Guatemala,Latin America and the Caribbean,Americas,"Santa Rosa, Jutiapia provinces","Slide (land, mud, snow, rock)",4.7,14.321,-90.082,1979,10,9,,40,2000,,2040,,
518,Natural,Geophysical,Earthquake,Ground movement,TUR,Türkiye,Western Asia,Asia,"Dursunvey, Anatolia",,4.9,39.672,28.66,1979,7,18,,,,1000,1000,,
519,Natural,Geophysical,Earthquake,Ground movement,YUG,Yugoslavia,Southern Europe,Europe,"Mt Kopaonik, Aleksandrovac, Brus, Kursumlija, Raska areas (Serbia)","Slide (land, mud, snow, rock)",5.8,43.294,20.837,1980,5,18,,100,5000,,5100,,
520,Natural,Geophysical,Earthquake,Ground movement,DZA,Algeria,Northern Africa,Africa,El Asnam,Tsunami/Tidal wave,7.4,36.195,1.354,1980,10,10,2633,8369,478948,443000,930317,5200000,20314732
521,Natural,Geophysical,Earthquake,Ground movement,IRN,Iran (Islamic Republic of),Southern Asia,Asia,Qom-Saveh area,,5.8,34.587,50.652,1980,12,19,20,,,,,5000,19533
522,Natural,Geophysical,Earthquake,Ground movement,IRN,Iran (Islamic Republic of),Southern Asia,Asia,Kishan,,5.7,35.4,51.26,1980,11,30,26,,,,,,
523,Natural,Geophysical,Earthquake,Ground movement,CHN,China,Eastern Asia,Asia,Sichuan province,,6.8,30.927,101.098,1981,1,24,150,850,25000,,25850,,
524,Natural,Geophysical,Earthquake,Ground movement,PAK,Pakistan,Southern Asia,Asia,"Karakoram, Darel, Tangir, Khanbari valleys","Slide (land, mud, snow, rock)",6.2,35.693,73.594,1981,9,12,250,2000,,,2000,5000,17704
525,Natural,Geophysical,Earthquake,Ground movement,COL,Colombia,Latin America and the Caribbean,Americas,"Paratebueno, Villavicencio, and Medina municipalities (Valle del Cauca Department)",,6.3,4.49,-73.139,2025,6,8,,31,1080,540,1651,,
526,Natural,Geophysical,Earthquake,Ground movement,PER,Peru,Latin America and the Caribbean,Americas,Lima region,"Slide (land, mud, snow, rock)",5.6,-12.166,-77.442,2025,6,15,2,135,492,12,639,,
527,Natural,Geophysical,Earthquake,Ground movement,IDN,Indonesia,South-eastern Asia,Asia,Bengkulu province (south-western Sumatra island),,5.7,,,2025,5,22,,11,170,,181,,
528,Natural,Geophysical,Earthquake,Ground movement,TUR,Türkiye,Western Asia,Asia,Marmara region,,6.2,,,2025,4,23,,236,,,236,100000,100000
529,Natural,Geophysical,Earthquake,Ground movement,CHN,China,Eastern Asia,Asia,"Ruili city (Yunnan province); Guizhou, Guangxci, Sichuan proivinces",,7.7,21.996,95.926,2025,3,28,,2,2840,,2842,,
530,Natural,Geophysical,Earthquake,Ground movement,CHN,China,Eastern Asia,Asia,"Xizang, Tibet Autonomous Region",,7.1,28.573,87.375,2025,1,7,126,188,46500,,46688,1250000,1250000
531,Natural,Geophysical,Earthquake,Ground movement,CUB,Cuba,Latin America and the Caribbean,Americas,"Bartolomé Masó, Pilón and Niquero municipalities (Granma province)","Slide (land, mud, snow, rock)",6.8,19.812,-77.039,2024,11,10,,7,6000,,6007,,
532,Natural,Geophysical,Earthquake,Ground movement,TUR,Türkiye,Western Asia,Asia,"Kale (Malatya province) , Sanliurfa,Elazig provinces",,6,38.309,38.826,2024,10,16,,43,1605,69,1717,,
533,Natural,Geophysical,Earthquake,Ground movement,IRN,Iran (Islamic Republic of),Southern Asia,Asia,Razavi Khorasan province,,4.9,35.261,58.458,2024,6,18,4,120,,,120,,
534,Natural,Geophysical,Earthquake,Ground movement,TWN,Taiwan (Province of China),Eastern Asia,Asia,Hualien region,"Slide (land, mud, snow, rock)|Tsunami/Tidal wave",7.4,23.819,121.562,2024,4,3,20,1145,891,333,2369,2530000,2596572
535,Natural,Geophysical,Earthquake,Ground movement,IDN,Indonesia,South-eastern Asia,Asia,Gresik Regency (East Java province),,6.4,-5.867,112.362,2024,3,22,,2,144520,,144522,40000,41053
536,Natural,Geophysical,Earthquake,Ground movement,CHN,China,Eastern Asia,Asia,Xinjiang Province,,5.6,41.219,78.724,2024,1,23,6,5,12426,141,12572,430000,441315
537,Natural,Geophysical,Earthquake,Ground movement,PHL,Philippines,South-eastern Asia,Asia,"Hinatuan Municipality( Surigao Del Sur Province, Caraga Region, Mindanao)",,7.6,8.527,126.449,2023,12,2,3,79,720997,,721076,22712,23997
538,Natural,Geophysical,Earthquake,Ground movement,PHL,Philippines,South-eastern Asia,Asia,"Luzon Strait (near Calayan Island, southern Babuyan Islands)",,6.2,19.236,21.229,2023,9,12,,5,175,,180,,
539,Natural,Geophysical,Earthquake,Ground movement,NPL,Nepal,Southern Asia,Asia,Jajarkot and Rukum Districts of Karnali Province,,5.7,28.848,82.18,2023,11,3,154,366,300000,,300366,100000,105658
540,Natural,Geophysical,Earthquake,Ground movement,AFG,Afghanistan,Southern Asia,Asia,"Gulran, Injil and Kush districts (Herat province)",,6.3,34.53,62.048,2023,10,11,1,140,,,140,,
541,Natural,Geophysical,Earthquake,Ground movement,CHN,China,Eastern Asia,Asia,"Rulong village (Xinlong Xian area, Garze Tibetan district, Sichuan Sheng province)",,5.3,30.916,99.927,2002,8,8,,,330,48,378,,
542,Natural,Geophysical,Earthquake,Ground movement,PNG,Papua New Guinea,Melanesia,Oceania,Wewak district (East Sepik province),Tsunami/Tidal wave,7.6,-3.302,142.945,2002,9,8,4,70,4400,,4470,,
543,Natural,Geophysical,Earthquake,Ground movement,TZA,United Republic of Tanzania,Sub-Saharan Africa,Africa,Bunda district (Mara province),,5.5,-2.907,33.733,2002,5,18,2,,,2000,2000,,
544,Natural,Geophysical,Earthquake,Ground movement,IDN,Indonesia,South-eastern Asia,Asia,Simeulue district (Nangroe Aceh Darussalam province),,7.4,2.824,96.085,2002,11,2,3,60,,,60,,
545,Natural,Geophysical,Earthquake,Ground movement,AFG,Afghanistan,Southern Asia,Asia,"Yaka Bagh area (Namakab district, Takhar province)","Slide (land, mud, snow, rock)",4.6,35.893,70.62,2003,4,10,1,1,,1000,1001,,
546,Natural,Geophysical,Earthquake,Ground movement,KAZ,Kazakhstan,Central Asia,Asia,Zhambyl district (Jambylslkaya province),,5.5,42.946,72.764,2003,5,23,3,626,36000,,36626,,
547,Natural,Geophysical,Earthquake,Ground movement,RUS,Russian Federation,Eastern Europe,Europe,"Kosh-Agachsky, Ust'-Ulagan, Ongudai, Shebalino towns (Altay Republic Province)","Slide (land, mud, snow, rock)",7.3,50.038,87.813,2003,9,27,3,5,,1800,1805,10600,18551
548,Natural,Geophysical,Earthquake,Ground movement,CHN,China,Eastern Asia,Asia,"Min Xian area (Dingxi district, Gansu Sheng province), Lintan Xian, Zhuoni Xian areas (Gannan Tibetan district, Gansu Sheng province),",,5.1,34.712,103.834,2003,11,13,1,126,18243,5000,23369,,
549,Natural,Geophysical,Earthquake,Ground movement,CHN,China,Eastern Asia,Asia,"Ludian Xian area (Zhaotong district, Yunnan Sheng province)",,5.6,27.372,103.971,2003,11,14,4,65,490000,3000,493065,,
550,Natural,Geophysical,Earthquake,Ground movement,CRI,Costa Rica,Latin America and the Caribbean,Americas,"Corredores, Golfito districts (Puntarenas province)",,6.5,8.416,-82.824,2003,12,25,2,75,60,,135,,
551,Natural,Geophysical,Earthquake,Ground movement,IDN,Indonesia,South-eastern Asia,Asia,Kota Padangpanjang district (Sumatera Barat province),,5.1,-0.466,100.655,2004,2,16,5,7,500,,507,,
552,Natural,Geophysical,Earthquake,Ground movement,TUR,Türkiye,Western Asia,Asia,"Askale, Buyukgecit, Kucukgecit, Karabiyik, Kandilli villages (Askale district, Erzurum province)",,5.6,39.93,40.812,2004,3,25,9,30,4000,,4030,,
553,Natural,Geophysical,Earthquake,Ground movement,IRN,Iran (Islamic Republic of),Southern Asia,Asia,"Kashmar, Bardeskan districts (Khorasan)",,5.3,35.288,58.218,2000,2,2,1,15,1500,500,2015,,
554,Natural,Geophysical,Earthquake,Ground movement,COL,Colombia,Latin America and the Caribbean,Americas,Sotara district (Cauca province),,5.1,2.265,-76.595,2004,8,18,1,2,,500,502,,
555,Natural,Geophysical,Earthquake,Ground movement,IDN,Indonesia,South-eastern Asia,Asia,Alor district (Nusatenggara Timur province),"Slide (land, mud, snow, rock)",7.5,-8.152,124.868,2004,11,11,33,311,83070,,83381,,
556,Natural,Geophysical,Earthquake,Ground movement,DMA,Dominica,Latin America and the Caribbean,Americas,"St. Andrew, St. John, St. Joseph, St. Peter provinces",,6.3,15.679,-61.706,2004,11,21,,,100,,100,,
557,Natural,Geophysical,Earthquake,Ground movement,GLP,Guadeloupe,Latin America and the Caribbean,Americas,"Basse-Terre, Terre-de-Bas, Saintes Isl.",,6.3,15.679,-61.706,2004,11,21,1,13,100,40,153,,
558,Natural,Geophysical,Earthquake,Tsunami,IDN,Indonesia,South-eastern Asia,Asia,"Nangroe Aceh Darussalam, Sumatera Utara provinces",Tsunami/Tidal wave,9.1,3.295,95.982,2004,12,26,165708,,,532898,532898,4451600,7587548
559,Natural,Geophysical,Earthquake,Tsunami,TZA,United Republic of Tanzania,Sub-Saharan Africa,Africa,Dar-es-salaam,,9.1,3.295,95.982,2004,12,26,10,,,,,,
560,Natural,Geophysical,Earthquake,Ground movement,DEU,Germany,Western Europe,Europe,"Waldkirch, Emmendingen towns (Freiburg district, Baden-Wuerttemberg Province)",,4.8,48.115,8.077,2004,12,5,,,150,,150,12000,20453
561,Natural,Geophysical,Earthquake,Ground movement,SVN,Slovenia,Southern Europe,Europe,"Kobarid, Bovec districts (Goriska Province)","Slide (land, mud, snow, rock)",5.2,46.296,13.641,2004,7,12,1,5,600,,605,10000,17045
562,Natural,Geophysical,Earthquake,Ground movement,CHN,China,Eastern Asia,Asia,"Delingha area (Haixi Mongol and Tibetan district, Qinghai Sheng province)",,5.5,37.506,96.758,2004,5,4,,,,4199,4199,,
563,Natural,Geophysical,Earthquake,Ground movement,IRN,Iran (Islamic Republic of),Southern Asia,Asia,"Rooein Abad, Akbar, Asghar, Dehaafkan, Behabad, Sardkooyeh, Fathabad, Motaharabad, Eslam Abad, Arjomandieh, Baharestan villages (Zarand district, Kerman province)",,6.4,30.754,56.816,2005,2,22,612,1411,93355,,94766,80000,131882
564,Natural,Geophysical,Earthquake,Ground movement,IDN,Indonesia,South-eastern Asia,Asia,"Simeulue, Aceh Singkil districts (Nangroe Aceh Darussalam province) Nias, Nias Selatan districts (Sumatera Utara province)",Tsunami/Tidal wave,8.6,2.085,97.108,2005,3,28,915,1146,104167,,105313,,
565,Natural,Geophysical,Earthquake,Ground movement,CHL,Chile,Latin America and the Caribbean,Americas,"Iquique, Alto Hospicio towns (Iquique district, Tarapaca province), Pozo Almonte, Pica, Camina, Huara, Colchane towns (Tamarugal district, Tarapaca province)","Slide (land, mud, snow, rock)",7.8,-19.987,-69.197,2005,6,13,11,182,27463,,27645,5000,8243
566,Natural,Geophysical,Earthquake,Ground movement,PNG,Papua New Guinea,Melanesia,Oceania,Lae district (Morobe province),,6.1,-6.319,146.846,2005,6,4,1,,,200,200,,
567,Natural,Geophysical,Earthquake,Ground movement,AFG,Afghanistan,Southern Asia,Asia,"Alishang district (Laghman province), Jalalabad district (Nangarhar province), Badakhsan province",,6.5,36.357,71.093,2005,12,13,5,1,500,,501,,
568,Natural,Geophysical,Earthquake,Ground movement,CHN,China,Eastern Asia,Asia,"Huize area (Qujing district, Yunnan Sheng province)",,5.2,26.569,103.036,2005,8,5,,9,18500,,18509,,
569,Natural,Geophysical,Earthquake,Ground movement,MOZ,Mozambique,Sub-Saharan Africa,Africa,"Machaze, Mossurize, Cidade de Chimoio districts (Manica province), Cidade da Beira district (Sofala province)",,7,-21.324,33.583,2006,2,22,4,36,,1440,1476,,
570,Natural,Geophysical,Earthquake,Ground movement,DZA,Algeria,Northern Africa,Africa,"Laalam village (Tamridjet district, Bejaia province)",,5.2,36.623,5.328,2006,3,20,4,9,160,150,319,,
571,Natural,Geophysical,Earthquake,Tsunami,IDN,Indonesia,South-eastern Asia,Asia,"Pela, Batu Junku, Waimarot, Wailawa, Waimoly villages (Bata Bual sub-district,Buru district, Maluku Utara province)",Tsunami/Tidal wave,6.7,-3.595,127.214,2006,3,14,3,2,1200,,1202,,
572,Natural,Geophysical,Earthquake,Tsunami,IDN,Indonesia,South-eastern Asia,Asia,"Tasikmalaya, Kota Tasikmalaya, Ciamis, Sukabumi, kota Sukabumi, Garut districts (Jawa Barat province), Cilacap, Kebumen, Banyumas districts (Jawa Tengah province), Gunungkidul, Bantul district (Daerah Istimewa Yogyakarta province)",,7.7,-9.284,107.419,2006,7,17,802,543,35000,,35543,55000,87835
573,Natural,Geophysical,Earthquake,Ground movement,CHN,China,Eastern Asia,Asia,"Yanjin area (Zhaotong district, Yunnan Sheng province)",,4.9,27.995,104.138,2006,7,22,22,106,190000,75000,265106,,
574,Natural,Geophysical,Earthquake,Ground movement,CHN,China,Eastern Asia,Asia,Hubei Sheng province,,4.5,31.56,113.21,2006,10,27,,,20000,,20000,,
575,Natural,Geophysical,Earthquake,Ground movement,CHN,China,Eastern Asia,Asia,"Xinsi village (Tongwei Xian area, Dingxi district, Gansu Sheng province), Linjian village (Lintan Xian area, Gannan Tibetan district, Gansu Sheng province), Liping village (Hui Xian area, Longnan district, Gansu Sheng province)",,4.9,33.068,104.95,2006,6,20,,5,125,,130,,
576,Natural,Geophysical,Earthquake,Ground movement,USA,United States of America,Northern America,Americas,Hawai province,"Slide (land, mud, snow, rock)|Tsunami/Tidal wave",6.7,19.878,-155.935,2006,10,15,,10,3519,,3529,150000,239551
577,Natural,Geophysical,Earthquake,Ground movement,IDN,Indonesia,South-eastern Asia,Asia,Bima district (Nusatenggara Barat province),,6.3,-8.261,118.753,2006,12,1,1,14,,100,114,,
578,Natural,Geophysical,Earthquake,Ground movement,CHN,China,Eastern Asia,Asia,Lancang-Menglian-Ximeng area (Yunnan province),,7.1,21.966,99.196,1995,7,12,11,136,1000000,,1000136,36100,76269
579,Natural,Geophysical,Earthquake,Ground movement,RUS,Russian Federation,Eastern Europe,Europe,"Yuzhno-Sakhalinsk, Nevelsk towns (Sakhalinskaya Oblast Province)","Slide (land, mud, snow, rock)|Tsunami/Tidal wave",6.2,47.116,141.798,2007,8,2,2,12,25000,,25012,420000,652139
580,Natural,Geophysical,Earthquake,Ground movement,COL,Colombia,Latin America and the Caribbean,Americas,"El Charco, El Charco (is.), Mosquera, La Tola districts (Narino department)",,6.8,2.966,-77.963,2007,9,10,,5,170,,175,,
581,Natural,Geophysical,Earthquake,Ground movement,LCA,Saint Lucia,Latin America and the Caribbean,Americas,"Cap Estate, Gros Islet areas (Region Number 1 province), Castries and Soufriere area (Region Number 6 province), Choc village (Region Number 8 province)",,7.4,14.944,-61.274,2007,11,29,,,,,,,
582,Natural,Geophysical,Earthquake,Ground movement,BRA,Brazil,Latin America and the Caribbean,Americas,"Itacarambi, Januaria, Manga, Varzelandia districts (Minas Gerais province)",,4.9,-15.048,-44.231,2007,12,9,1,6,280,,286,,
583,Natural,Geophysical,Earthquake,Ground movement,GBR,United Kingdom of Great Britain and Northern Ireland,Northern Europe,Europe,"Folkestone town (Kent district, England province)",,4.6,51.085,1.009,2007,4,28,,1,4500,,4501,60000,93163
584,Natural,Geophysical,Earthquake,Ground movement,MEX,Mexico,Latin America and the Caribbean,Americas,"Costa Chica (Guerrerro state), Oaxaca, Ometepec, Igualapa, Cuajinicuilapa",,7.2,16.8,-98.6,1995,9,14,6,25,1140,3505,4670,21100,44578
585,Natural,Geophysical,Earthquake,Ground movement,IDN,Indonesia,South-eastern Asia,Asia,"Jarai village (Lahat district, Sumatra Selatan province)",,5.2,-3.935,103.058,2008,9,9,2,60,565,,625,,
586,Natural,Geophysical,Earthquake,Ground movement,RUS,Russian Federation,Eastern Europe,Europe,Chechnya Rep. Province,,5.8,43.372,46.254,2008,10,11,13,100,5135,,5235,,
587,Natural,Geophysical,Earthquake,Ground movement,CRI,Costa Rica,Latin America and the Caribbean,Americas,"Alajuela, Alfaro Ruiz, Grecia, Poas, Valverde Vega districts (Alajuela province), Barva, Heredia, Santa Barbara, Sarapiqui districts (Heredia province)","Slide (land, mud, snow, rock)",6.1,10.165,-84.197,2009,1,8,31,91,128527,,128618,200000,300128
588,Natural,Geophysical,Earthquake,Ground movement,CHN,China,Eastern Asia,Asia,"Chabucha'er Xibo Zizhixian, Zhaosu areas (Ili Kazakh district, Xinjiang Uygur Zizhiqu province)",,5.1,43.236,80.893,2009,1,25,,,4549,,4549,3100,4652
589,Natural,Geophysical,Earthquake,Ground movement,IDN,Indonesia,South-eastern Asia,Asia,Kepulauan-talaud district (Sulawesi Utara province),,7.2,3.886,126.387,2009,2,11,,64,2985,,3049,9000,13506
590,Natural,Geophysical,Earthquake,Ground movement,IDN,Indonesia,South-eastern Asia,Asia,"Airhangat, Danaukerinci, Gunungkerinci, Gunungraya, Sitinjau Laut, Sungaipenuh (Jambi province)","Slide (land, mud, snow, rock)",7,-2.1,101.3,1995,10,7,84,1868,52665,35685,90218,,
591,Natural,Geophysical,Earthquake,Ground movement,GEO,Georgia,Western Asia,Asia,"Nigavzebi, Utsera , Gari, Nakieti villages (Oni district, Racha-Lechkhumi and Kvemo (lower) Svaneti province), Satchekhere district (Imereti province)",,6,42.66,43.443,2009,9,7,,6,7300,,7306,,
592,Natural,Geophysical,Earthquake,Ground movement,MEX,Mexico,Latin America and the Caribbean,Americas,"Jalisco, Colima, Guerrero, Michoacan",,7.5,16.2,104.1,1995,10,9,58,100,35595,8770,44465,,
593,Natural,Geophysical,Earthquake,Ground movement,PHL,Philippines,South-eastern Asia,Asia,"Norala, Sto. Nino areas (South Cotabato district, Region XII (Soccsksargen) province)",,5.7,6.513,124.715,2009,9,18,,2,380,10,392,90,135
594,Natural,Geophysical,Earthquake,Tsunami,ASM,American Samoa,Polynesia,Oceania,"Pago Pago, Tula villages",Tsunami/Tidal wave,8.1,-15.489,-172.095,2009,9,29,34,,2500,,2500,,
595,Natural,Geophysical,Earthquake,Ground movement,IDN,Indonesia,South-eastern Asia,Asia,"Raba village (Kota Bima district, Nusatenggara Barat province)",,7.6,-0.72,99.867,2009,11,8,2,100,1410,,1510,2430,3647
596,Natural,Geophysical,Earthquake,Ground movement,CHN,China,Eastern Asia,Asia,Yunnan province,,6.1,25.9,102.2,1995,10,24,46,297,,20000,20297,80000,169017
597,Natural,Geophysical,Earthquake,Ground movement,MWI,Malawi,Sub-Saharan Africa,Africa,Karonga district (Northern Region province),,6,-10.108,33.818,2009,12,20,3,171,,5550,5721,,
598,Natural,Geophysical,Earthquake,Ground movement,USA,United States of America,Northern America,Americas,"Ferndale, Eureka cities (Humboldt district, California province)",,6.5,40.652,-124.6925,2010,1,10,,30,600,,630,12500,18455
599,Natural,Geophysical,Earthquake,Ground movement,CHN,China,Eastern Asia,Asia,"Moxizhen village (Suining district, Sichuan Sheng province)",,5.1,30.268,105.668,2010,1,30,1,15,10000,500,10515,4400,6496
600,Natural,Geophysical,Earthquake,Ground movement,TUR,Türkiye,Western Asia,Asia,"Basyurt village (Karakocan district, Elazig province), Demirci, Kovancilar, Okcular villages (Kovancilar district, Elazig province)",,6.1,38.864,39.986,2010,3,8,51,100,3500,,3600,,
601,Natural,Geophysical,Earthquake,Ground movement,IDN,Indonesia,South-eastern Asia,Asia,Yapen district (Papua province),"Slide (land, mud, snow, rock)",7,-2.174,136.543,2010,6,16,17,,,4600,4600,,
602,Natural,Geophysical,Earthquake,Ground movement,IRN,Iran (Islamic Republic of),Southern Asia,Asia,Torbat-e heydarieh district (Khorasan province),,5.5,35.221,59.317,2010,7,30,,274,,,274,,
603,Natural,Geophysical,Earthquake,Ground movement,IRN,Iran (Islamic Republic of),Southern Asia,Asia,"Fahraj village (Bam district, Kerman province)",,6.7,28.412,59.18,2010,12,20,7,25,,,25,,
604,Natural,Geophysical,Earthquake,Ground movement,TWN,Taiwan (Province of China),Eastern Asia,Asia,Taiwan Sheng province,,6.3,22.918,120.795,2010,3,4,,96,,,96,1000000,1476427
605,Natural,Geophysical,Earthquake,Ground movement,CHN,China,Eastern Asia,Asia,"Ningnan area (Liangshan Yi district, Sichuan Sheng province), Qiaojia area (Zhaotong district, Yunnan Sheng province)",,4.9,27.197,103.005,2010,8,29,,14,5000,,5014,,
606,Natural,Geophysical,Earthquake,Ground movement,IRN,Iran (Islamic Republic of),Southern Asia,Asia,"Ab Garm, Buin Zahra, Avaj villages (Bueinzahra district, Ghazvin province), Shirin Su area (Kabudarahang district, Hamedan province), Razan district (Hamedan province), Abhar, Khodabandeh districts (Zanjan province)",,6.5,35.626,49.047,2002,6,22,227,1300,110000,,111300,300000,536945
607,Natural,Geophysical,Earthquake,Ground movement,ESP,Spain,Southern Europe,Europe,"Lorca municipality (Murcia district, Region de Murcia)",,5.1,37.699,-1.672,2011,5,11,10,300,,15000,15300,200000,286249
608,Natural,Geophysical,Earthquake,Tsunami,JPN,Japan,Eastern Asia,Asia,"Hokkaidoo, Akita, Aomori, Yamagata, Miyagi, Iwate, Hukusima, Tookyoo, Ibaraki, Totigi, Gunma, Saitama, Tiba, Kanagawa, Nagano provinces",Fire|Industrial accidents,9.1,38.297,142.373,2011,3,11,19846,5933,362887,,368820,210000000,300561348
609,Natural,Geophysical,Earthquake,Ground movement,PAK,Pakistan,Southern Asia,Asia,"Garhi Khairo village (Jacobabad district, Sindh province), Quetta, Chagai districts (Balochistan province)",,7.2,28.777,63.951,2011,1,18,2,,1000,,1000,,
610,Natural,Geophysical,Earthquake,Ground movement,CHN,China,Eastern Asia,Asia,"Yining, Gongliu areas (Ili Kazakh district, Xinjiang Uygur Zizhiqu province)",,5.6,43.648,82.437,2011,11,1,,,143000,,143000,56400,80722
611,Natural,Geophysical,Earthquake,Ground movement,BTN,Bhutan,Southern Asia,Asia,"Paro, Thimphu provinces",,6.9,27.73,88.155,2011,9,18,1,16,20000,,20016,,
612,Natural,Geophysical,Earthquake,Ground movement,IND,India,Southern Asia,Asia,"Sikkim, West Bengal, Bihar, Assam, Meghalaya provinces","Slide (land, mud, snow, rock)",6.9,27.73,88.155,2011,9,18,112,200,500000,75000,575200,,
613,Natural,Geophysical,Earthquake,Ground movement,GTM,Guatemala,Latin America and the Caribbean,Americas,"Cuilapa district (Santa Rosa province) ; Guatemala city (Guatemala district, Guatemala province)",,5.6,14.186,-90.238,2011,9,19,3,,400,,400,,
614,Natural,Geophysical,Earthquake,Ground movement,PHL,Philippines,South-eastern Asia,Asia,"Valencia area (Bukidnon district, Region X (Northern Mindanao) province)",,4.9,7.904,125.195,2011,11,7,,3,25,,28,,
615,Natural,Geophysical,Earthquake,Ground movement,CHN,China,Eastern Asia,Asia,"Jiashi Xian, Kashi Shi areas (Kashgar district, Xinjiang Uygur Zizhiqu province)",,5.6,39.955,77.028,2011,8,11,,26,855,735,1616,,
616,Natural,Geophysical,Earthquake,Ground movement,PHL,Philippines,South-eastern Asia,Asia,"Tayasan area (Negros Oriental district, Region VII (Central Visayas) province)","Slide (land, mud, snow, rock)",6.7,9.999,123.206,2012,2,6,113,112,320165,,320277,8900,12480
617,Natural,Geophysical,Earthquake,Ground movement,ROU,Romania,Eastern Europe,Europe,,,,,,1908,10,6,,,,,,,
618,Natural,Geophysical,Earthquake,Ground movement,CHL,Chile,Latin America and the Caribbean,Americas,"Parral town (Linares district, Maule province), Santiago district (Metropolitana province), Biobio district (Biobio province)",,7.1,-35.2,-72.217,2012,3,25,1,14,24283,,24297,100000,140223
619,Natural,Geophysical,Earthquake,Ground movement,TJK,Tajikistan,Central Asia,Asia,"Darbanskiy, Garmskiy, Tavildara districts (Tadzhikistan Territories province)",,5.7,38.612,70.354,2012,5,13,2,,2531,,2531,,
620,Natural,Geophysical,Earthquake,Ground movement,IRN,Iran (Islamic Republic of),Southern Asia,Asia,"Varzeghan village (Ahar district, East Azarbayejan province), Heris, Tabriz districts (East Azarbayejan province)",,6.4,38.329,46.826,2012,8,11,306,2006,59540,,61546,500000,701114
621,Natural,Geophysical,Earthquake,Ground movement,TUR,Türkiye,Western Asia,Asia,"KARS,KARAKURT,KAGIZMAN,DIGOR",,5.9,40.3,43.1,1900,7,12,140,,,,,,
622,Natural,Geophysical,Earthquake,Ground movement,SUN,Soviet Union,Eastern Europe,Europe,Semacha (Azerbaijan),,6.9,40.7,48.6,1902,2,13,86,60,17480,,17540,,
623,Natural,Geophysical,Earthquake,Ground movement,IRN,Iran (Islamic Republic of),Southern Asia,Asia,Kashmar,,6.5,35.2,58.2,1903,9,25,350,,,,,,
624,Natural,Geophysical,Earthquake,Ground movement,CHN,China,Eastern Asia,Asia,Sichuan province,,5,29.3,104.8,1905,11,8,,,,,,,
625,Natural,Geophysical,Earthquake,Ground movement,COL,Colombia,Latin America and the Caribbean,Americas,Tumako,Tsunami/Tidal wave,8.9,1.51,78.46,1906,1,31,400,,,,,,
626,Natural,Geophysical,Earthquake,Ground movement,JAM,Jamaica,Latin America and the Caribbean,Americas,Kingston,,6.5,18.2,-76.8,1907,1,14,1200,,90000,,90000,30000,1036509
627,Natural,Geophysical,Earthquake,Ground movement,TWN,Taiwan (Province of China),Eastern Asia,Asia,Tapei,,7.3,25,121.5,1909,4,15,9,51,,366,417,,
628,Natural,Geophysical,Earthquake,Ground movement,PRT,Portugal,Southern Europe,Europe,"Ribatejo, Benavente",,6.6,38.9,-8.8,1909,4,23,30,,,,,,
629,Natural,Geophysical,Earthquake,Ground movement,CHN,China,Eastern Asia,Asia,Yunnan province,,6.5,24.4,103,1909,5,11,21,,,,,,
630,Natural,Geophysical,Earthquake,Ground movement,JPN,Japan,Eastern Asia,Asia,Oomi,Tsunami/Tidal wave,6.9,35.4,136.3,1909,8,14,41,,,2928,2928,,
631,Natural,Geophysical,Earthquake,Ground movement,KAZ,Kazakhstan,Central Asia,Asia,"Alma-Ata, Turkestan",,7.7,43.5,77.5,1911,1,4,450,,,,,,
632,Natural,Geophysical,Earthquake,Ground movement,JPN,Japan,Eastern Asia,Asia,Ryukyu Islands,,8,28,130,1911,6,15,12,,,1266,1266,,
633,Natural,Geophysical,Earthquake,Ground movement,IDN,Indonesia,South-eastern Asia,Asia,Sangihe Isl.,Tsunami/Tidal wave,7.8,5.354,126.121,1913,3,14,138,,,,,,
634,Natural,Geophysical,Earthquake,Ground movement,ITA,Italy,Southern Europe,Europe,"Catania, Etna",,4.9,37.7,15.2,1914,5,8,120,,,669,669,,
635,Natural,Geophysical,Earthquake,Ground movement,CHN,China,Eastern Asia,Asia,,,7,29.5,91.5,1915,12,3,170,,,,,,
636,Natural,Geophysical,Earthquake,Ground movement,IDN,Indonesia,South-eastern Asia,Asia,Bali,,6.6,-7,116,1917,1,21,15000,,,,,,
637,Natural,Geophysical,Earthquake,Ground movement,CHN,China,Eastern Asia,Asia,Yunnan province,,6.8,28,104,1917,7,31,1800,,,,,,
638,Natural,Geophysical,Earthquake,Ground movement,PRI,Puerto Rico,Latin America and the Caribbean,Americas,Mona Passage,Tsunami/Tidal wave,7.5,18.06,-67.54,1918,10,11,116,,,,,29000,622519
639,Natural,Geophysical,Earthquake,Ground movement,ITA,Italy,Southern Europe,Europe,"Carrara, Farfagnana",,5.8,44.3,10.3,1920,9,7,1400,,,,,,
640,Natural,Geophysical,Earthquake,Ground movement,ARG,Argentina,Latin America and the Caribbean,Americas,Mendoza,,6,-32.7,-68.4,1920,12,17,400,,,,,,
641,Natural,Geophysical,Earthquake,Ground movement,TWN,Taiwan (Province of China),Eastern Asia,Asia,,Tsunami/Tidal wave,7.6,24.5,122,1922,9,2,5,,,417,417,,
642,Natural,Geophysical,Earthquake,Ground movement,JPN,Japan,Eastern Asia,Asia,"Kanto plaine (Yokohama,Tokyo)",Fire|Tsunami/Tidal wave,8.1,35.413,139.298,1923,9,1,143000,103733,100000,,203733,600000,11297988
643,Natural,Geophysical,Earthquake,Ground movement,IRN,Iran (Islamic Republic of),Southern Asia,Asia,Turbat-Haklari,,5.7,35.2,59.2,1923,5,26,2200,,,,,,
644,Natural,Geophysical,Earthquake,Ground movement,IRN,Iran (Islamic Republic of),Southern Asia,Asia,Sirjan,,6.8,29.196,56.833,1923,9,23,290,,,,,,
645,Natural,Geophysical,Earthquake,Ground movement,TUR,Türkiye,Western Asia,Asia,Erzurum,,5.3,39.7,42.8,1924,5,13,50,,,,,,
646,Natural,Geophysical,Earthquake,Ground movement,CHN,China,Eastern Asia,Asia,Xinjiang,,7,36.983,164,1924,7,3,100,,,,,,
647,Natural,Geophysical,Earthquake,Ground movement,TUR,Türkiye,Western Asia,Asia,Erzurum,,6.8,39.897,41.891,1924,9,13,60,,,1140,1140,,
648,Natural,Geophysical,Earthquake,Ground movement,USA,United States of America,Northern America,Americas,Santa Barbara (California),,6.3,34.25,-119.41,1925,6,29,13,,,,,8000,147197
649,Natural,Geophysical,Earthquake,Ground movement,IRN,Iran (Islamic Republic of),Southern Asia,Asia,Bajestan,,5.5,34.6,58.1,1925,12,14,500,,,,,,
650,Natural,Geophysical,Earthquake,Ground movement,CHN,China,Eastern Asia,Asia,Gansu province,,7.7,37.645,102.489,1927,5,23,40912,524,,133370,133894,,
651,Natural,Geophysical,Earthquake,Ground movement,GRC,Greece,Southern Europe,Europe,,,,38,23.44,1928,,,103,,,,,,
652,Natural,Geophysical,Earthquake,Ground movement,TUR,Türkiye,Western Asia,Asia,Torbah-Izmir,,,38.25,27.1,1928,3,30,50,209,,,209,,
653,Natural,Geophysical,Earthquake,Ground movement,ROU,Romania,Eastern Europe,Europe,,,,,,1928,4,14,,,,,,,
654,Natural,Geophysical,Earthquake,Ground movement,ITA,Italy,Southern Europe,Europe,"Irpina, Naples",,6.4,40.922,15.377,1930,7,23,1883,,10000,,10000,5000,96405
655,Natural,Geophysical,Earthquake,Ground movement,JPN,Japan,Eastern Asia,Asia,Idu (Honshu),,6.9,35.05,139.129,1930,11,26,259,1825,,24297,26122,,
656,Natural,Geophysical,Earthquake,Ground movement,IRN,Iran (Islamic Republic of),Southern Asia,Asia,Salmas,,7.1,38.087,44.781,1930,5,6,1360,,,,,,
657,Natural,Geophysical,Earthquake,Ground movement,CHN,China,Eastern Asia,Asia,Sichuan province,,5.5,30,100,1930,8,24,200,,,,,,
658,Natural,Geophysical,Earthquake,Ground movement,ITA,Italy,Southern Europe,Europe,Senigalia,,5.9,43.667,13.267,1930,10,30,18,,,,,,
659,Natural,Geophysical,Earthquake,Ground movement,NZL,New Zealand,Australia and New Zealand,Oceania,"Wairoa, Hastings, Napier Hawke's Bay",,7.4,-39.659,176.42,1931,2,3,256,,11000,,11000,25000,529593
660,Natural,Geophysical,Earthquake,Ground movement,IRN,Iran (Islamic Republic of),Southern Asia,Asia,Torbet-I-Kheydarly,,5.4,36.6,53.4,1932,5,20,1070,,,,,,
661,Natural,Geophysical,Earthquake,Ground movement,MEX,Mexico,Latin America and the Caribbean,Americas,Near coast of Jalisco,Tsunami/Tidal wave,8.1,19.5,-104.25,1932,6,3,400,120,,,120,,
662,Natural,Geophysical,Earthquake,Ground movement,ITA,Italy,Southern Europe,Europe,Central,,,42,14.2,1933,9,26,10,,,,,,
663,Natural,Geophysical,Earthquake,Ground movement,TUR,Türkiye,Western Asia,Asia,Diyarbakir (Kurdistan),,,37.919,40.211,1934,12,15,20,,,,,,
664,Natural,Geophysical,Earthquake,Ground movement,TWN,Taiwan (Province of China),Eastern Asia,Asia,"Taihoku, Taichu,n Mialoi",,6,24.3,124.3,1935,4,21,3276,12053,,89535,101588,,
665,Natural,Geophysical,Earthquake,Ground movement,IDN,Indonesia,South-eastern Asia,Asia,"Tapanuli, Karo (North Sumatera)",,,3.5,97.5,1936,9,9,17,,,,,,
666,Natural,Geophysical,Earthquake,Ground movement,CHN,China,Eastern Asia,Asia,Gansu province,,6,34.2,105.7,1936,8,1,115,31,,22295,22326,,
667,Natural,Geophysical,Earthquake,Ground movement,COL,Colombia,Latin America and the Caribbean,Americas,Pasto,,,1.2,-77.3,1936,8,14,18,,,,,,
668,Natural,Geophysical,Earthquake,Ground movement,TWN,Taiwan (Province of China),Eastern Asia,Asia,,,7.2,22.3,120.8,1936,8,22,10,,,75,75,,
669,Natural,Geophysical,Earthquake,Ground movement,GHA,Ghana,Sub-Saharan Africa,Africa,Accra,Tsunami/Tidal wave,6.4,5.552,-0.628,1939,6,22,22,130,,7500,7630,,
670,Natural,Geophysical,Earthquake,Ground movement,TUR,Türkiye,Western Asia,Asia,Erzincan,,5.9,39.7,39.4,1941,11,12,15,,,,,,
671,Natural,Geophysical,Earthquake,Ground movement,CHN,China,Eastern Asia,Asia,Simao (Yunnan province),,6.8,23.1,100.3,1942,2,2,90,,,,,,
672,Natural,Geophysical,Earthquake,Ground movement,TUR,Türkiye,Western Asia,Asia,"Ladik, Samsun, Havza",,7.5,40.916,33.562,1943,11,27,4020,5000,,,5000,40000,744492
673,Natural,Geophysical,Earthquake,Ground movement,IDN,Indonesia,South-eastern Asia,Asia,Jogyakarta (Central Java),,7,-8.591,109.803,1943,7,23,213,2096,14000,,16096,,
674,Natural,Geophysical,Earthquake,Ground movement,TUR,Türkiye,Western Asia,Asia,Hendek,,6.6,40.8,30.5,1943,1,20,285,,,,,,
675,Natural,Geophysical,Earthquake,Ground movement,TUR,Türkiye,Western Asia,Asia,Gerede (West Anatolia),,7.6,40.696,32.992,1944,2,1,3959,,,,,,
676,Natural,Geophysical,Earthquake,Ground movement,IRN,Iran (Islamic Republic of),Southern Asia,Asia,Gorgan,,4.8,36.8,54.5,1944,4,5,20,,,,,,
677,Natural,Geophysical,Earthquake,Ground movement,TUR,Türkiye,Western Asia,Asia,Usak,,6,38.9,29.3,1944,6,25,21,,,,,,
678,Natural,Geophysical,Earthquake,Ground movement,TUR,Türkiye,Western Asia,Asia,"Aelana, Veyhan, Adana",,6,37.4,35.8,1945,3,20,300,,,,,,
679,Natural,Geophysical,Earthquake,Ground movement,CHN,China,Eastern Asia,Asia,Hebei province,,6.3,39.5,119,1945,9,23,17,30,,,30,,
680,Natural,Geophysical,Earthquake,Ground movement,GRC,Greece,Southern Europe,Europe,Pylia (Messinia),Tsunami/Tidal wave,7.6,36.728,21.897,1947,10,6,3,20,,35000,35020,,
681,Natural,Geophysical,Earthquake,Ground movement,IRN,Iran (Islamic Republic of),Southern Asia,Asia,,,,,,1948,10,5,200,6000,,,6000,,
682,Natural,Geophysical,Earthquake,Ground movement,PHL,Philippines,South-eastern Asia,Asia,"Panay, Iloilo city, Antique",,8.3,10.5,122,1948,1,25,72,,,,,3500,46957
683,Natural,Geophysical,Earthquake,Ground movement,PER,Peru,Latin America and the Caribbean,Americas,Cusco,,6,-13.5,-72,1950,5,21,83,200,,,200,,
684,Natural,Geophysical,Earthquake,Ground movement,IND,India,Southern Asia,Asia,Assam province,"Slide (land, mud, snow, rock)|Tsunami/Tidal wave",8.6,28.5,96.5,1950,8,15,1500,,,,,20000,267214
685,Natural,Geophysical,Earthquake,Ground movement,VEN,Venezuela (Bolivarian Republic of),Latin America and the Caribbean,Americas,El Tocuyo,Tsunami/Tidal wave,6.8,10.5,-68,1950,8,3,100,,,,,,
686,Natural,Geophysical,Earthquake,Ground movement,IRN,Iran (Islamic Republic of),Southern Asia,Asia,Bushire,,,27.3,53.2,1950,1,19,20,,,,,,
687,Natural,Geophysical,Earthquake,Ground movement,IDN,Indonesia,South-eastern Asia,Asia,Gresik (Java),,6.5,-6,113,1950,6,19,16,50,,,50,,
688,Natural,Geophysical,Earthquake,Ground movement,TUR,Türkiye,Western Asia,Asia,Kursunlu-Ilgaz,,6.7,40.8,33.4,1951,8,13,54,150,,,150,,
689,Natural,Geophysical,Earthquake,Ground movement,USA,United States of America,Northern America,Americas,"Bakersfield, Kern County (California)",,5.8,35.333,-118.917,1952,8,22,2,,,270,270,10000,121050
690,Natural,Geophysical,Earthquake,Ground movement,HTI,Haiti,Latin America and the Caribbean,Americas,Anse-a-Veau,,,18.3,73.2,1952,10,27,6,,,,,20000,242100
691,Natural,Geophysical,Earthquake,Ground movement,JPN,Japan,Eastern Asia,Asia,Hokkaido,,6.9,41.831,143.525,1952,3,10,,17,,339,356,,
692,Natural,Geophysical,Earthquake,Ground movement,CHN,China,Eastern Asia,Asia,Yunnan province,,5.8,22.9,99.7,1952,12,8,,,,300,300,,
693,Natural,Geophysical,Earthquake,Ground movement,EGY,Egypt,Northern Africa,Africa,Near Cairo,,6.3,32.2,29.6,1955,9,12,20,28,,,28,,
694,Natural,Geophysical,Earthquake,Ground movement,GRC,Greece,Southern Europe,Europe,Drakia-Agria (Magnesia),Tsunami/Tidal wave,,39.4,23.1,1955,4,19,8,149,25056,1377,26582,,
695,Natural,Geophysical,Earthquake,Ground movement,LBN,Lebanon,Western Asia,Asia,"Bekaa, Litani",,5.8,35.5,35.5,1956,3,16,136,200,,,200,,
696,Natural,Geophysical,Earthquake,Ground movement,AFG,Afghanistan,Southern Asia,Asia,Kabul,,7.6,35.1,67.5,1956,6,10,100,2000,,,2000,25000,296085
697,Natural,Geophysical,Earthquake,Ground movement,IRN,Iran (Islamic Republic of),Southern Asia,Asia,Farsinaj (Western Iran),,7.1,34.3,47.8,1957,12,13,3000,5000,,,5000,5000,57302
698,Natural,Geophysical,Earthquake,Ground movement,MEX,Mexico,Latin America and the Caribbean,Americas,Gulf of Campeche (Vera Cruz state),,6.4,18.22,-94.416,1959,8,26,25,200,,,200,,
699,Natural,Geophysical,Earthquake,Ground movement,MAR,Morocco,Northern Africa,Africa,Agadir,Tsunami/Tidal wave,5.9,30.45,-9.62,1960,2,29,13100,,,,,120000,1306277
700,Natural,Geophysical,Earthquake,Ground movement,JPN,Japan,Eastern Asia,Asia,Honshu,,6.8,36,136.7,1961,8,19,10,,,,,,
701,Natural,Geophysical,Earthquake,Ground movement,LBY,Libya,Northern Africa,Africa,El Marj (Barce),,5.4,32.6,21,1963,2,21,300,375,,5000,5375,5000,52562
702,Natural,Geophysical,Earthquake,Ground movement,TWN,Taiwan (Province of China),Eastern Asia,Asia,Tainan,,7,23.2,120.6,1964,1,18,107,2485,37000,23000,62485,,
703,Natural,Geophysical,Earthquake,Ground movement,AZO,Azores Islands,Southern Europe,Europe,Sao Jorge Isl.,,4.6,38.8,-28.4,1964,2,18,,,1000,,1000,,
704,Natural,Geophysical,Earthquake,Tsunami,JPN,Japan,Eastern Asia,Asia,"Niigata, Hodo Isl.",Tsunami/Tidal wave,6.5,38.67,139.195,1964,6,16,25,376,35000,,35376,800000,8303743
705,Natural,Geophysical,Earthquake,Ground movement,CHL,Chile,Latin America and the Caribbean,Americas,"Coquimbo, Santiago (Central Valley)",,7.4,-32.522,-71.233,1965,3,28,400,350,20000,,20350,125000,1277214
706,Natural,Geophysical,Earthquake,Ground movement,IDN,Indonesia,South-eastern Asia,Asia,Sanana Island,Tsunami/Tidal wave,8.2,-2.608,-125.952,1965,1,24,71,,15000,,15000,,
707,Natural,Geophysical,Earthquake,Ground movement,IRN,Iran (Islamic Republic of),Southern Asia,Asia,North West,,5.1,37.6,47.1,1965,2,10,20,,,,,,
708,Natural,Geophysical,Earthquake,Ground movement,UGA,Uganda,Sub-Saharan Africa,Africa,"W. Bwamba county, Kichwamba, Bondibogyo",,6.6,0.622,29.863,1966,3,20,104,510,5000,,5510,1500,14878
709,Natural,Geophysical,Earthquake,Ground movement,TUR,Türkiye,Western Asia,Asia,Varto,,6.8,39.235,41.572,1966,8,19,2394,1500,108000,,109500,20000,198373
710,Natural,Geophysical,Earthquake,Ground movement,GRC,Greece,Southern Europe,Europe,"(1) Megalopos, (2) Central Greece",,5.9,37.5,22.1,1966,9,1,1,123,15000,,15123,14000,138861
711,Natural,Geophysical,Earthquake,Ground movement,IND,India,Southern Asia,Asia,North,,5.6,28.7,78.9,1966,8,15,15,,,,,,
712,Natural,Geophysical,Earthquake,Ground movement,VEN,Venezuela (Bolivarian Republic of),Latin America and the Caribbean,Americas,"Caracas, Macuto coast",Tsunami/Tidal wave,6.6,10.559,-67.33,1967,7,28,240,1536,80000,,81536,140000,1351147
713,Natural,Geophysical,Earthquake,Ground movement,TUR,Türkiye,Western Asia,Asia,Tunceli,,6.2,39.5,40.4,1967,7,26,97,,,,,,
714,Natural,Geophysical,Earthquake,Ground movement,AUS,Australia,Australia and New Zealand,Oceania,"Perth, Meckering, Northam, Cunderdin",,6.5,-31.566,117.071,1968,10,14,,16,3874,400,4290,2600,24065
715,Natural,Geophysical,Earthquake,Ground movement,NZL,New Zealand,Australia and New Zealand,Oceania,Inangahua,,7.2,-41.659,172.02,1968,5,24,3,14,300,,314,2669,24703
716,Natural,Geophysical,Earthquake,Ground movement,MEX,Mexico,Latin America and the Caribbean,Americas,"Oaxaca, Guerrero",,7.3,16.519,-97.739,1968,8,2,18,,,,,2400,22214
717,Natural,Geophysical,Earthquake,Ground movement,YUG,Yugoslavia,Southern Europe,Europe,Bosnia and Herzegovina,,6,44.9,17.3,1969,10,26,15,1116,200000,85000,286116,50000,438814
718,Natural,Geophysical,Earthquake,Ground movement,PHL,Philippines,South-eastern Asia,Asia,Luzon,,,15.791,121.63,1970,4,7,14,200,,,200,,
719,Natural,Geophysical,Earthquake,Ground movement,PER,Peru,Latin America and the Caribbean,Americas,"Chimbote, Pisco, Chiclayo","Flood|Slide (land, mud, snow, rock)",7.8,-9.183,-78.737,1970,5,31,66794,143331,3072909,,3216240,530000,4394843
720,Natural,Geophysical,Earthquake,Ground movement,COL,Colombia,Latin America and the Caribbean,Americas,Pereira (Bahia Solano),,6.5,6.375,-77.438,1970,9,25,,6,3000,,3006,400,3317
721,Natural,Geophysical,Earthquake,Ground movement,ITA,Italy,Southern Europe,Europe,Toscana,,4.6,42.5,11.8,1971,2,6,22,100,4120,,4220,41600,330755
722,Natural,Geophysical,Earthquake,Ground movement,TUR,Türkiye,Western Asia,Asia,Burdur,,5.9,37.6,29.8,1971,5,12,57,,,,,,
723,Natural,Geophysical,Earthquake,Ground movement,TUR,Türkiye,Western Asia,Asia,"Bingol, Erzincan",,6.9,38.934,40.653,1971,5,22,878,1200,60000,27465,88665,5000,39754
724,Natural,Geophysical,Earthquake,Ground movement,CHL,Chile,Latin America and the Caribbean,Americas,"Valparaiso, Salamnca, Coquimbo",Tsunami/Tidal wave,7.8,-32.601,-71.076,1971,7,9,85,451,2348522,,2348973,236400,1879579
725,Natural,Geophysical,Earthquake,Ground movement,IDN,Indonesia,South-eastern Asia,Asia,"Buaran, Bantar Kawsun, Jipang (Java)",,5.2,-7.2,109.1,1971,6,16,1,6,6885,,6891,,
726,Natural,Geophysical,Earthquake,Ground movement,PAK,Pakistan,Southern Asia,Asia,"Tangir, Gupis, Rawalpindi, Peshawar",,6.2,36,73.4,1972,9,3,100,,5000,,5000,,
727,Natural,Geophysical,Earthquake,Ground movement,ITA,Italy,Southern Europe,Europe,Ancona,,4.4,43.8,13.3,1972,6,21,2,,,,,300000,2309674
728,Natural,Geophysical,Earthquake,Ground movement,MEX,Mexico,Latin America and the Caribbean,Americas,"Michoacan, Colima",,7.5,18.481,-102.996,1973,1,30,56,390,,,390,,
729,Natural,Geophysical,Earthquake,Ground movement,MEX,Mexico,Latin America and the Caribbean,Americas,"Puebla, Veracrur, Mexico city",,6.8,18.267,-96.598,1973,8,28,500,,,,,,
730,Natural,Geophysical,Earthquake,Ground movement,PER,Peru,Latin America and the Caribbean,Americas,"Lima area, Calleo",Tsunami/Tidal wave,7.6,-12.265,-77.795,1974,10,4,78,2414,41260,,43674,10000,65292
731,Natural,Geophysical,Earthquake,Ground movement,CHN,China,Eastern Asia,Asia,Anshan Liaoning province,,7,40.641,122.58,1975,2,4,2000,,,,,,
732,Natural,Geophysical,Earthquake,Ground movement,NZL,New Zealand,Australia and New Zealand,Oceania,"Kermandec Is., Raoul",,8,-28.427,-177.657,1976,1,15,,,,,,,
733,Natural,Geophysical,Earthquake,Ground movement,TUR,Türkiye,Western Asia,Asia,,,4.8,41.13,43.01,1976,3,25,2,6,,,6,,
734,Natural,Geophysical,Earthquake,Ground movement,ITA,Italy,Southern Europe,Europe,Friuli region,,6.5,46.356,13.275,1976,5,6,922,1750,111472,105000,218222,3600000,20365995
735,Natural,Geophysical,Earthquake,Ground movement,IDN,Indonesia,South-eastern Asia,Asia,Wanena Region (Irian Jaya),,7.1,-4.603,140.091,1976,6,26,420,,15000,,15000,25000,141431
736,Natural,Geophysical,Earthquake,Ground movement,CHN,China,Eastern Asia,Asia,"Tangshan, Pek.,Tientsin",,7.5,39.57,117.978,1976,7,28,242000,164000,,,164000,5600000,31680437
737,Natural,Geophysical,Earthquake,Ground movement,CHN,China,Eastern Asia,Asia,"Szechwan, Chengtu",,,30.37,104.06,1976,8,16,,,,,,,
738,Natural,Geophysical,Earthquake,Ground movement,IRN,Iran (Islamic Republic of),Southern Asia,Asia,South Khorasan province,,6.2,33.8,59.15,1976,11,6,16,,,,,,
739,Natural,Geophysical,Earthquake,Ground movement,ITA,Italy,Southern Europe,Europe,Friuli,,,,,1976,9,9,12,,,32000,32000,,
740,Natural,Geophysical,Earthquake,Ground movement,ITA,Italy,Southern Europe,Europe,Northeastern,,,46.302,13.197,1976,9,15,11,,,,,,
741,Natural,Geophysical,Earthquake,Ground movement,BGR,Bulgaria,Eastern Europe,Europe,"Svishtov, Ruse",,6.4,45.77,26.76,1977,3,4,20,165,,,165,,
742,Natural,Geophysical,Earthquake,Ground movement,IRN,Iran (Islamic Republic of),Southern Asia,Asia,Bandar Abbas area,,6.9,27.609,56.393,1977,3,22,167,556,20126,,20682,,
743,Natural,Geophysical,Earthquake,Ground movement,TUR,Türkiye,Western Asia,Asia,"Lice-Palu, Elazig Province",,4.9,38.56,40.02,1977,3,25,30,,,,,,
744,Natural,Geophysical,Earthquake,Ground movement,IRN,Iran (Islamic Republic of),Southern Asia,Asia,"Makhmur, Ilchi",,5.4,38.934,44.38,1977,5,26,3,9,,,9,,
745,Natural,Geophysical,Earthquake,Ground movement,IRN,Iran (Islamic Republic of),Southern Asia,Asia,"Sarasiyab, Gish, Bab-Tangal villages (Kerman province)",,5.8,30.95,56.47,1977,12,20,589,500,,,500,,
746,Natural,Geophysical,Earthquake,Ground movement,ITA,Italy,Southern Europe,Europe,Sicily,,5.7,38.391,15.066,1978,4,16,5,,900,,900,,
747,Natural,Geophysical,Earthquake,Ground movement,GRC,Greece,Southern Europe,Europe,Thessaloniki area,,6.4,40.739,23.229,1978,6,20,50,100,600000,,600100,250000,1233813
748,Natural,Geophysical,Earthquake,Ground movement,IDN,Indonesia,South-eastern Asia,Asia,Lombok Island (Sumabxa Isl. region),,6.1,-8.21,115.95,1979,5,30,34,48,18000,18000,36048,4150,18409
749,Natural,Geophysical,Earthquake,Ground movement,IDN,Indonesia,South-eastern Asia,Asia,"Yapen, Jobi (Irian Jaja)",Tsunami/Tidal wave,7.9,-1.679,136.04,1979,9,12,2,5,5000,,5005,,
750,Natural,Geophysical,Earthquake,Ground movement,AZO,Azores Islands,Southern Europe,Europe,"Terceira, San Miguel, Santa Maria Pico, Sao Jorge Islands",,6.7,38.815,-27.78,1980,1,1,69,600,21300,,21900,5000,19533
751,Natural,Geophysical,Earthquake,Ground movement,NPL,Nepal,Southern Asia,Asia,"Mahakali, Seti, Karnalin Bheri, Rapti zones",,6.5,29.598,81.092,1980,7,29,100,5600,200000,35000,240600,245000,957136
752,Natural,Geophysical,Earthquake,Ground movement,IND,India,Southern Asia,Asia,Jammu (Kashmir),,5.5,32.913,75.633,1980,8,24,13,40,,,40,,
753,Natural,Geophysical,Earthquake,Ground movement,JPN,Japan,Eastern Asia,Asia,"Tokyo, Kanto region",,6.2,35.45,139.964,1980,9,25,2,73,,,73,1000,3907
754,Natural,Geophysical,Earthquake,Ground movement,MEX,Mexico,Latin America and the Caribbean,Americas,Oaxaca state,,6.7,18.211,-98.24,1980,10,24,65,300,6000,,6300,5000,19533
755,Natural,Geophysical,Earthquake,Ground movement,PER,Peru,Latin America and the Caribbean,Americas,Ayacucho,,4.9,-13.347,-74.545,1980,11,12,7,,3000,,3000,1000,3907
756,Natural,Geophysical,Earthquake,Ground movement,ITA,Italy,Southern Europe,Europe,"Avellino, Potenza, Caserta, Naples",,6.9,40.914,15.366,1980,11,23,4689,7700,400000,,407700,20000000,78133584
757,Natural,Geophysical,Earthquake,Ground movement,GRC,Greece,Southern Europe,Europe,Athens-Corinth area,,6.7,38.222,22.934,1981,2,24,22,400,80000,,80400,900000,3186678
758,Natural,Geophysical,Earthquake,Ground movement,IRN,Iran (Islamic Republic of),Southern Asia,Asia,"Golbaf region, Kerman province",,6.7,29.913,57.715,1981,6,11,2000,3000,,,3000,5000,17704
759,Natural,Geophysical,Earthquake,Ground movement,COL,Colombia,Latin America and the Caribbean,Americas,Colombia/Venezuela border,"Slide (land, mud, snow, rock)",5.4,8.117,-72.527,1981,10,18,10,,,,,5000,17704
760,Natural,Geophysical,Earthquake,Ground movement,CHN,China,Eastern Asia,Asia,Shangyi-Zhangbei (Hebei province),Fire,6.2,41.083,114.5,1998,1,10,49,12000,542000,44000,598000,285500,563865
761,Natural,Geophysical,Earthquake,Ground movement,ROU,Romania,Eastern Europe,Europe,,,,,,1934,3,29,,,,,,,
762,Natural,Geophysical,Earthquake,Ground movement,TUR,Türkiye,Western Asia,Asia,Diyarbakir (Kurdistan),,,37.919,40.211,1934,11,27,100,,,,,,
763,Natural,Geophysical,Earthquake,Ground movement,IRN,Iran (Islamic Republic of),Southern Asia,Asia,"Tehran, Damavond, Amoi","Slide (land, mud, snow, rock)",4.9,35.953,52.264,1983,3,26,30,61,7005,,7066,5000,16162
764,Natural,Geophysical,Earthquake,Ground movement,COL,Colombia,Latin America and the Caribbean,Americas,Popayan city (Cauca department),,4.9,2.461,-76.686,1983,3,31,250,1200,35000,,36200,410900,1328176
765,Natural,Geophysical,Earthquake,Ground movement,CRI,Costa Rica,Latin America and the Caribbean,Americas,S.E. San José,,7.1,8.717,-83.123,1983,4,2,10,,475,,475,1000,3232
766,Natural,Geophysical,Earthquake,Ground movement,IDN,Indonesia,South-eastern Asia,Asia,Banda Aceh (North Sumatra),,6.9,5.723,94.722,1983,4,3,,100,,,100,1000,3232
767,Natural,Geophysical,Earthquake,Ground movement,PER,Peru,Latin America and the Caribbean,Americas,Chimbote,,5.2,-4.843,-78.103,1983,4,12,10,,,,,500,1616
768,Natural,Geophysical,Earthquake,Ground movement,CRI,Costa Rica,Latin America and the Caribbean,Americas,San Jose province,"Slide (land, mud, snow, rock)",6.5,9.652,-83.688,1983,7,3,2,60,5000,,5060,5000,16162
769,Natural,Geophysical,Earthquake,Ground movement,IDN,Indonesia,South-eastern Asia,Asia,Mamuju (Central Sulawesi),,6.4,-2.823,118.806,1984,1,8,2,89,3425,,3514,500,1550
770,Natural,Geophysical,Earthquake,Ground movement,SUN,Soviet Union,Eastern Europe,Europe,"Gazli, Boukhara (Uzbekistan)",,7,40.32,63.35,1984,3,20,,100,,20000,20100,5000,15495
771,Natural,Geophysical,Earthquake,Ground movement,ITA,Italy,Southern Europe,Europe,"Assisi, Gubbio, Perugia area (Umbria Province)",,5.8,43.26,12.558,1984,4,29,3,200,,4000,4200,25000,77477
772,Natural,Geophysical,Earthquake,Ground movement,ITA,Italy,Southern Europe,Europe,Abruzzo area,,5.4,42.1,13.5,1984,5,7,3,83,5000,,5083,,
773,Natural,Geophysical,Earthquake,Ground movement,IDN,Indonesia,South-eastern Asia,Asia,Pahae Jae sub-district (North Sumatra),,5.2,-1.3,98,1984,8,27,,108,1750,,1858,1000,3099
774,Natural,Geophysical,Earthquake,Ground movement,IND,India,Southern Asia,Asia,Cachar district (Assam),,6,24.4,92.34,1984,12,31,20,100,800,10000,10900,,
775,Natural,Geophysical,Earthquake,Ground movement,AFG,Afghanistan,Southern Asia,Asia,Jalalabad Area,,5.8,34.26,70.28,1984,2,2,1,35,,,35,5000,15495
776,Natural,Geophysical,Earthquake,Ground movement,JPN,Japan,Eastern Asia,Asia,Kyushu (Shikoku Island),Tsunami/Tidal wave,7.2,32.5,130.42,1984,8,6,,9,,,9,,
777,Natural,Geophysical,Earthquake,Ground movement,TUR,Türkiye,Western Asia,Asia,Erzurum-Senkaya area,,5.3,40.55,42.4,1984,10,18,3,35,375000,,375035,,
778,Natural,Geophysical,Earthquake,Ground movement,CHL,Chile,Latin America and the Caribbean,Americas,"Valparaiso, Santiago, Talca, Copiapo, La Serena, Rancegua, Cauquenes, Concepcion",,8,-33.135,-71.871,1985,3,3,180,2483,979792,500000,1482275,1500000,4489444
779,Natural,Geophysical,Earthquake,Ground movement,SUN,Soviet Union,Eastern Europe,Europe,"KAPTOLYUK, KAYRAKKUM, GAFUROV (TAJIKISTAN)",,5.9,40.301,69.823,1985,10,14,29,80,8000,,8080,,
780,Natural,Geophysical,Earthquake,Ground movement,PNG,Papua New Guinea,Melanesia,Oceania,"Bialla, Piona regions (West New Britain)",,7.2,-5.599,151.045,1985,5,11,,,,,,1000,2993
781,Natural,Geophysical,Earthquake,Ground movement,TUR,Türkiye,Western Asia,Asia,"Malatya, Adiyaman provinces",,5.8,37.993,37.806,1986,5,5,15,100,20000,,20100,,
782,Natural,Geophysical,Earthquake,Ground movement,PNG,Papua New Guinea,Melanesia,Oceania,East Sepik province,"Slide (land, mud, snow, rock)",7.1,-4,142,1986,6,24,,,1000,,1000,500,1469
783,Natural,Geophysical,Earthquake,Ground movement,SLV,El Salvador,Latin America and the Caribbean,Americas,San Salvador,,7.5,13.4,-89.1,1986,10,10,1100,20000,500000,250000,770000,1500000,4405818
784,Natural,Geophysical,Earthquake,Ground movement,PER,Peru,Latin America and the Caribbean,Americas,Huarmey area,,5.3,-9.505,-77.512,1986,1,11,1,,,100,100,,
785,Natural,Geophysical,Earthquake,Ground movement,GTM,Guatemala,Latin America and the Caribbean,Americas,Ixchiguan (San Marcos province),,4.7,15.075,-92.072,1986,2,3,,,2500,,2500,,
786,Natural,Geophysical,Earthquake,Ground movement,IRN,Iran (Islamic Republic of),Southern Asia,Asia,Mamasani area,,5.7,29.962,51.582,1986,7,12,1,4,1500,,1504,,
787,Natural,Geophysical,Earthquake,Ground movement,TUR,Türkiye,Western Asia,Asia,Aydin area,,5.5,37.931,28.574,1986,10,11,,3,750,250,1003,,
788,Natural,Geophysical,Earthquake,Ground movement,CHN,China,Eastern Asia,Asia,Ganzhou-Xunwu area,,4.9,24.924,115.608,1987,8,2,,84,185000,,185084,,
789,Natural,Geophysical,Earthquake,Ground movement,IRN,Iran (Islamic Republic of),Southern Asia,Asia,Khurasan province,,5.6,37.1,57.9,1969,1,3,50,300,48000,,48300,,
790,Natural,Geophysical,Earthquake,Ground movement,IDN,Indonesia,South-eastern Asia,Asia,Lahat district (Sumatera Selatan province),,6.7,-4.612,101.905,2000,6,7,1,,3000,,3000,,
791,Natural,Geophysical,Earthquake,Ground movement,GTM,Guatemala,Latin America and the Caribbean,Americas,Jutapia province,,7.7,13.049,-88.66,2001,1,13,6,2,150,,152,50,91
792,Natural,Geophysical,Earthquake,Ground movement,CHN,China,Eastern Asia,Asia,"Yajiang Xian, Kangding Xian areas (Garze Tibetan district, Sichuan Sheng province)",,5.6,29.513,101.129,2001,2,23,3,109,,300000,300109,24000,43637
793,Natural,Geophysical,Earthquake,Ground movement,CHN,China,Eastern Asia,Asia,"Ninglang Yi Zizhixian area (Lijiang district, Yunnan Sheng province), Yanyuan Xian area (Liangshan Yi district, Sichuan Sheng province)",,5.5,27.689,101.003,2001,5,23,2,605,,10000,10605,36000,65455
794,Natural,Geophysical,Earthquake,Tsunami,PER,Peru,Latin America and the Caribbean,Americas,"Arequipa, Moquegua, Tacna, Ayacucho provinces",Tsunami/Tidal wave,8.4,-16.265,-73.641,2001,6,23,145,2713,222400,124865,349978,300000,545461
795,Natural,Geophysical,Earthquake,Ground movement,CHN,China,Eastern Asia,Asia,"Donghua village (Yongsheng Xian area, Lijiang district, Yunnan Sheng province)",,4.6,24.455,102.66,2001,7,14,,,25000,,25000,,
796,Natural,Geophysical,Earthquake,Ground movement,CHN,China,Eastern Asia,Asia,"Yongsheng area (Lijiang district, Yunnan Sheng province)",,5.6,26.316,100.648,2001,10,27,1,220,,17000,17220,,
797,Natural,Geophysical,Earthquake,Ground movement,PER,Peru,Latin America and the Caribbean,Americas,Antambaba district (Apurcmac province),,5.8,-14.258,-72.683,2001,8,9,4,15,3950,,3965,,
798,Natural,Geophysical,Earthquake,Ground movement,TJK,Tajikistan,Central Asia,Asia,"Taghi Akbar, Talkhan Chashma, Passimokhroukho areas (Rogunsky district, Tadzhikistan Territories province)",,5.3,38.673,69.902,2002,1,9,3,50,1000,,1050,,
799,Natural,Geophysical,Earthquake,Ground movement,PHL,Philippines,South-eastern Asia,Asia,"General Santos city (South Cotabato district, Region XII (Soccsksargen) province), Kiamba area (Saranggani district, Region XII (Soccsksargen) province)",Tsunami/Tidal wave,7.5,6.033,124.249,2002,3,5,15,100,73351,,73451,1714,3068
800,Natural,Geophysical,Earthquake,Ground movement,TWN,Taiwan (Province of China),Eastern Asia,Asia,"Hualien area (Name Unknown district, Taiwan Sheng province)","Slide (land, mud, snow, rock)|Tsunami/Tidal wave",7.1,24.279,122.179,2002,3,31,4,200,300,,500,25000,44745
801,Natural,Geophysical,Earthquake,Ground movement,CHN,China,Eastern Asia,Asia,Yunnan province,,6.3,23.027,101.062,1993,1,27,,66,107220,34860,142146,,
802,Natural,Geophysical,Earthquake,Ground movement,GRC,Greece,Southern Europe,Europe,Pyrgos-Amalias area,,5.2,37.589,21.391,1993,3,27,1,16,1500,,1516,,
803,Natural,Geophysical,Earthquake,Ground movement,IDN,Indonesia,South-eastern Asia,Asia,Biak (Iran Jaya),Tsunami/Tidal wave,7.5,1.1,137.15,1996,2,17,166,423,20125,5090,25638,4200,8621
804,Natural,Geophysical,Earthquake,Ground movement,CHN,China,Eastern Asia,Asia,Guyang county (Inner Mongolia),,6.4,40.774,109.661,1996,5,3,18,300,200000,,200300,,
805,Natural,Geophysical,Earthquake,Ground movement,TUR,Türkiye,Western Asia,Asia,Corum-Amasya,"Slide (land, mud, snow, rock)",,40.754,35.34,1996,8,14,,6,17000,9000,26006,30000,61577
806,Natural,Geophysical,Earthquake,Ground movement,CHN,China,Eastern Asia,Asia,Southern Xinjiang,,5.9,39.474,76.998,1997,1,21,12,40,85000,70000,155040,,
807,Natural,Geophysical,Earthquake,Ground movement,IRN,Iran (Islamic Republic of),Southern Asia,Asia,Ardabil region,,6,38.075,48.05,1997,2,28,1100,2600,,36000,38600,76000,152431
808,Natural,Geophysical,Earthquake,Ground movement,IND,India,Southern Asia,Asia,Jabalpur (Madhya Pradesh),,6,23.083,80.041,1997,5,22,43,1500,125000,30000,156500,37000,74210
809,Natural,Geophysical,Earthquake,Ground movement,CHN,China,Eastern Asia,Asia,Jiashi county (Xinjiang),,5.8,39.527,76.941,1997,4,11,9,89,,100000,100089,,
810,Natural,Geophysical,Earthquake,Ground movement,IRN,Iran (Islamic Republic of),Southern Asia,Asia,"Birjand, Gonobad area",,5.8,32.457,59.976,1998,4,10,12,30,2905,,2935,,
811,Natural,Geophysical,Earthquake,Ground movement,AFG,Afghanistan,Southern Asia,Asia,Rostaq area,,6.4,36.479,71.086,1998,2,20,,,,,,,
812,Natural,Geophysical,Earthquake,Ground movement,CHN,China,Eastern Asia,Asia,"Artux, Kashy ( Xinjiang)",,5.4,39.977,76.731,1998,3,19,,,,2000,2000,,
813,Natural,Geophysical,Earthquake,Ground movement,CHN,China,Eastern Asia,Asia,Jiashi county (Xinjiang),,6.4,39.66,77.343,1998,8,27,3,7,93855,18000,111862,,
814,Natural,Geophysical,Earthquake,Ground movement,IDN,Indonesia,South-eastern Asia,Asia,Malang area (Java),,6.4,-8.194,112.413,1998,9,28,1,,310,190,500,,
815,Natural,Geophysical,Earthquake,Ground movement,ALB,Albania,Southern Europe,Europe,"Kukes, Peshkopi",,5,41.925,20.39,1998,10,1,,,2100,,2100,,
816,Natural,Geophysical,Earthquake,Ground movement,TUR,Türkiye,Western Asia,Asia,Kayseri,,4.5,,,1998,12,14,2,,590,100,690,,
817,Natural,Geophysical,Earthquake,Ground movement,RUS,Russian Federation,Eastern Europe,Europe,"Makhachkala (Dagestan, Causacus)",,3.2,42.962,46.954,1999,2,2,,,6000,240,6240,900,1739
818,Natural,Geophysical,Earthquake,Ground movement,IRN,Iran (Islamic Republic of),Southern Asia,Asia,"Chiraz Town, Fars Province",,7,29.501,51.88,1999,5,6,20,100,,4000,4100,,
819,Natural,Geophysical,Earthquake,Ground movement,GRC,Greece,Southern Europe,Europe,"Athens Suburbs: Menidi, Ano Liosia, Thracomacedones, Philadelfia, Zefiri, Metamorphosi, Petroupoli, N. Ionia, Moschato, Fili, Kamatero, Ilion, Elefsina, N. Halkidona, Peristeri, Ag Anargiri, Haidari and Galatsi",,5.8,38.119,23.605,1999,9,7,143,2000,113031,108,115139,4200000,8117427
820,Natural,Geophysical,Earthquake,Ground movement,TUR,Türkiye,Western Asia,Asia,"Kocaeli, Bursa, Istanbul, Sakarya, Yalova Provinces",,5.8,40.709,30.045,1999,9,13,6,422,,,422,,
821,Natural,Geophysical,Earthquake,Ground movement,CHN,China,Eastern Asia,Asia,"Zangbei County, Level 1 = Hebei",,5.1,41.131,114.658,1999,3,11,,3,15000,1000,16003,,
822,Natural,Geophysical,Earthquake,Ground movement,PER,Peru,Latin America and the Caribbean,Americas,"Quispillacta, Chuschi area (Ayacucho Department)",,4.4,-13.64,-74.43,1999,10,31,,30,5500,1050,6580,1100,2126
823,Natural,Geophysical,Earthquake,Ground movement,CHN,China,Eastern Asia,Asia,Shanxi Province (Datong Area),,5.6,39.899,113.983,1999,11,1,,4,3000000,20000,3020004,44000,85040
824,Natural,Geophysical,Earthquake,Ground movement,VUT,Vanuatu,Melanesia,Oceania,"Pentecost, Ambrym, Paama, Epi Islands","Slide (land, mud, snow, rock)|Tsunami/Tidal wave",7.5,-16.423,168.214,1999,11,27,12,100,12000,2000,14100,,
825,Natural,Geophysical,Earthquake,Ground movement,BGD,Bangladesh,Southern Asia,Asia,"Maheshkhali area (Cox's Bazar district, Chittagong province)",,4.3,21.431,91.762,2000,1,2,,,1000,,1000,,
826,Natural,Geophysical,Earthquake,Ground movement,ISL,Iceland,Northern Europe,Europe,"Grimsnes, Selfoss, Eyrarbakki, Stokkseyri city (Arnes provinces)",,6.5,63.98,-20.758,2000,6,21,,,72,36,108,12000,22435
827,Natural,Geophysical,Earthquake,Ground movement,TUR,Türkiye,Western Asia,Asia,"Cerkes, Orta districts (Cankiri province), Cubuk district (Ankara province)",,6,40.693,32.992,2000,6,6,2,80,23000,,23080,,
828,Natural,Geophysical,Earthquake,Ground movement,IDN,Indonesia,South-eastern Asia,Asia,"Enggano island (Bengkulu Utara district, Bengkulu province)","Slide (land, mud, snow, rock)",6.7,-4.646,102.102,2000,6,4,103,2714,200000,2000,204714,41000,76653
829,Natural,Geophysical,Earthquake,Ground movement,NIC,Nicaragua,Latin America and the Caribbean,Americas,"Laguna de Apoyo nature reserve (Masaya district, Masaya province)",,5.4,11.884,-85.988,2000,7,6,7,42,1785,5650,7477,,
830,Natural,Geophysical,Earthquake,Ground movement,JPN,Japan,Eastern Asia,Asia,"Koodusimamura, Niizimamura districts (Tookyoo province)",,6.1,34.221,139.131,2000,7,1,1,,100,,100,,
831,Natural,Geophysical,Earthquake,Ground movement,IDN,Indonesia,South-eastern Asia,Asia,"Ciranggon village (Karawang district, Jawa Barat province)",,5.4,-6.675,106.845,2000,7,12,,124,,4000,4124,2000,3739
832,Natural,Geophysical,Earthquake,Ground movement,AZE,Azerbaijan,Western Asia,Asia,"Absheron, Baku, Sumgayit districts (Absheron province)",,6.8,40.245,49.946,2000,11,25,31,600,2694,,3294,10000,18696
833,Natural,Geophysical,Earthquake,Ground movement,SLV,El Salvador,Latin America and the Caribbean,Americas,"Berlin, Alegria, Tecapan, Santiago de Maria districts (Usulutan province), Santa Tecla, Comasagua districts (La Libertad province) ; San Miguel, Santa Ana, Sonsonate, Cuscatlan, San Vicente, La Union, Ahuachapan, Cabanas, Morazan, Chalatenango, La Paz, La Libertad, San Salvador, Usulutan provinces","Slide (land, mud, snow, rock)",7.7,13.049,-88.66,2001,1,13,844,4723,1329806,,1334529,1500000,2727303
834,Natural,Geophysical,Earthquake,Ground movement,IND,India,Southern Asia,Asia,"Ahmadabad, Amreli, Anand, Banas Kantha, Bharuch, Bhavnagar, Dahdod, Gandhinagar, Jamnagar, Junagadh, Kachchh, Kheda, Mahesana, Navsari, Patan, Porbandar, Rajkot, Sabar Kantha, Surat, Surendranagar, Vadodara districts (Gurajat province)",,7.7,23.419,70.232,2001,1,26,20005,166812,4365000,1790000,6321812,2623000,4769144
835,Natural,Geophysical,Earthquake,Ground movement,USA,United States of America,Northern America,Americas,"Seattle city (King district), Tacoma city (Pierce district), Olympia city (Thurston district) (Washington province)",,6.8,47.149,-122.7266667,2001,2,28,1,400,,,400,2000000,3636404
836,Natural,Geophysical,Earthquake,Ground movement,PNG,Papua New Guinea,Melanesia,Oceania,Mumeng district (Morobe province),"Slide (land, mud, snow, rock)",6.4,-6.884,146.388,2001,6,5,,1,,200,201,,
837,Natural,Geophysical,Earthquake,Ground movement,IDN,Indonesia,South-eastern Asia,Asia,Jawa Barat province,,5,-6.99,108.275,2001,6,28,,12,12500,,12512,,
838,Natural,Geophysical,Earthquake,Ground movement,IDN,Indonesia,South-eastern Asia,Asia,Bengkulu province,,7.4,-4.68,102.562,2001,2,13,,,,,,,
839,Natural,Geophysical,Earthquake,Ground movement,GRC,Greece,Southern Europe,Europe,"Skyros Island (Evvoias district, Sterea Ellada province)",,6.5,39.059,24.244,2001,7,26,,,300,,300,,
840,Natural,Geophysical,Earthquake,Ground movement,PNG,Papua New Guinea,Melanesia,Oceania,Aitape district (West Sepik province),,6.7,-3.212,142.427,2002,1,10,1,,,1000,1000,,
841,Natural,Geophysical,Earthquake,Ground movement,SCG,Serbia Montenegro,Southern Europe,Europe,Gnjilane town (Kosovsko-pomoravski Province) (Serbia),,5.7,42.436,21.466,2002,4,24,1,100,,,100,,
842,Natural,Geophysical,Earthquake,Ground movement,ARG,Argentina,Latin America and the Caribbean,Americas,"Aminga, Anillaco, Agua Blanca, Chuquis towns (Castro Barros district, La Rioja Provinve)","Slide (land, mud, snow, rock)",6,-28.937,-66.797,2002,5,28,,27,500,200,727,,
843,Natural,Geophysical,Earthquake,Ground movement,IDN,Indonesia,South-eastern Asia,Asia,Poso district (Sulawesi Tengah province),,6.2,-1.196,121.333,2002,8,15,,48,2500,,2548,,
844,Natural,Geophysical,Earthquake,Ground movement,IND,India,Southern Asia,Asia,Andaman Islands district (Andaman and Nicobar province),Tsunami/Tidal wave,6.5,13.036,93.068,2002,9,13,2,,,200,200,,
845,Natural,Geophysical,Earthquake,Ground movement,ITA,Italy,Southern Europe,Europe,"San Guliano di Puglia town (Campobasso province, Molise region)","Slide (land, mud, snow, rock)",5.9,41.789,14.872,2002,10,31,30,33,,8500,8533,796000,1424693
846,Natural,Geophysical,Earthquake,Ground movement,ITA,Italy,Southern Europe,Europe,"Zafferana Etnea, Giarre, Santa Venerina towns (Catania Province, Sicilia Region)",,4.3,37.67,15.267,2002,10,29,,9,,1000,1009,,
847,Natural,Geophysical,Earthquake,Ground movement,PAK,Pakistan,Southern Asia,Asia,Administrative unit not available district (Jammu and Kashmir province),"Slide (land, mud, snow, rock)",6.3,35.414,74.515,2002,11,20,19,40,140742,,140782,,
848,Natural,Geophysical,Earthquake,Ground movement,CHN,China,Eastern Asia,Asia,"Yumen Shi (Jiuquan district, Gansu Sheng province)",,5.6,39.736,97.443,2002,12,14,2,,65500,,65500,,
849,Natural,Geophysical,Earthquake,Ground movement,CHN,China,Eastern Asia,Asia,"Payzawat village (Jiashi Xian area, Kashgar district, Xinjiang Uygur Zizhiqu province), Bachu Xian, Yuepuhu Xian, Yingjisha Xian, Maigaiti Xian, Shule Xian, Shufu Xian, Kashi Shi areas (Kashgar district, Xinjiang Uygur Zizhiqu province)",,6.3,39.61,77.23,2003,2,24,268,4000,510000,3000,517000,157000,274764
850,Natural,Geophysical,Earthquake,Ground movement,CHN,China,Eastern Asia,Asia,"Huaitoutalazhen village (Delingha Shi area, Haixi Mongol and Tibetan district, Qinghai Sheng province)",,6.4,37.529,96.476,2003,4,17,,,3300,,3300,,
851,Natural,Geophysical,Earthquake,Ground movement,CHN,China,Eastern Asia,Asia,"Bachu Xian, Jiashi Xian areas (Kashgar district, Xinjiang Uygur Zizhiqu province)",,5.8,39.43,77.219,2003,5,4,1,3,,8000,8003,,
852,Natural,Geophysical,Earthquake,Ground movement,IDN,Indonesia,South-eastern Asia,Asia,"Morotai island (Halmahera Utara district, Malaku Utara province)",,7,2.354,128.855,2003,5,27,1,7,100,140,247,,
853,Natural,Geophysical,Earthquake,Ground movement,CHN,China,Eastern Asia,Asia,"Dayao Xian area (Chuxiong Yi district, Yunnan Sheng province)","Slide (land, mud, snow, rock)",6,25.975,101.29,2003,7,21,16,584,1250000,45000,1295584,75000,131256
854,Natural,Geophysical,Earthquake,Ground movement,JPN,Japan,Eastern Asia,Asia,"Sendaisi_Aobaku, Sendaisi_Daisiroku, Sendaisi_Izumiku, Sendaisi_Miyaginoku, Sendaisi_Wakabayasiku, Isinomakisi, Hurukawasi, Kasimadaimati, Nangootyoon, Narusetyoo, Yamototyoo, Yoneyamatyoo districts (Miyagi province)","Slide (land, mud, snow, rock)",5.5,38.432,141.003,2003,7,25,,569,17403,219,18191,411000,719286
855,Natural,Geophysical,Earthquake,Ground movement,CHN,China,Eastern Asia,Asia,"Lindong village (Balin-Zuo Qi area, Chifeng district, Nei Mongol Zizhiqu province), Tianshanzhen village (Aluke'erqin Qi area, Chifeng district, Nei Mongol Zizhiqu province)",,5.4,43.77,119.643,2003,8,16,4,1000,415000,39500,455500,167000,292264
856,Natural,Geophysical,Earthquake,Ground movement,BGD,Bangladesh,Southern Asia,Asia,"Chittagong, Cox's Bazar, Rangamati districts (Chittagong province)","Slide (land, mud, snow, rock)",5.7,22.854,92.306,2003,7,26,2,25,2500,,2525,,
857,Natural,Geophysical,Earthquake,Ground movement,DOM,Dominican Republic,Latin America and the Caribbean,Americas,"Puerto Plata district (Puerto Plata province), San Francisco de Macoris district (Duarte province), Santiago district (Santiago province), Nagua district (Maria Trinidad Sanches province)","Slide (land, mud, snow, rock)",6.4,19.777,-70.673,2003,9,22,3,15,2000,,2015,,
858,Natural,Geophysical,Earthquake,Ground movement,CHN,China,Eastern Asia,Asia,"Minle Xian, Shandan Xian, Sunan Yugu Zizhixian areas (Zhangye district, Gansu Sheng province)",,5.8,38.383,100.975,2003,10,25,9,43,50000,225000,275043,40000,70003
859,Natural,Geophysical,Earthquake,Ground movement,IDN,Indonesia,South-eastern Asia,Asia,"Kota Mataram, Lombok Barat districts (Nusatenggara Barat), Klungkung, Karangasem districts (Bali province)",,5.8,-8.31,115.788,2004,1,1,1,40,30000,,30040,12000,20453
860,Natural,Geophysical,Earthquake,Ground movement,PAK,Pakistan,Southern Asia,Asia,"Bisham Tehsil area (Shangla District district, North-West Frontier province), Batagram District, Mansehra District, Kohistan District districts (North-West Frontier province)","Slide (land, mud, snow, rock)",5.5,34.774,73.216,2004,2,14,24,63,10765,2320,13148,,
861,Natural,Geophysical,Earthquake,Ground movement,TUR,Türkiye,Western Asia,Asia,"Askale, Ilica, Cat districts (Erzurum province)","Slide (land, mud, snow, rock)",5.6,39.847,40.874,2004,3,28,,30,32500,,32530,,
862,Natural,Geophysical,Earthquake,Ground movement,TJK,Tajikistan,Central Asia,Asia,"Karabuin village (Penjikenskiy district,Sogd province)","Slide (land, mud, snow, rock)",4.3,39.57,67.479,2004,4,1,,,180,,180,,
863,Natural,Geophysical,Earthquake,Ground movement,TUR,Türkiye,Western Asia,Asia,Dogubeyazit district (Agri province),,5.1,39.766,43.979,2004,7,1,18,21,335,,356,,
864,Natural,Geophysical,Earthquake,Ground movement,CHN,China,Eastern Asia,Asia,Baoshan district (Yunnan Sheng province),,4.8,25.073,99.169,2004,10,18,,12,100000,,100012,,
865,Natural,Geophysical,Earthquake,Ground movement,AFG,Afghanistan,Southern Asia,Asia,Paktya province,,5.2,33.426,69.524,2004,7,18,2,40,,1000,1040,,
866,Natural,Geophysical,Earthquake,Ground movement,JPN,Japan,Eastern Asia,Asia,"Odiyasi, Nagaokasi, Tookamatisi districts (Niigata province)","Fire|Slide (land, mud, snow, rock)",6.6,37.226,138.779,2004,10,23,40,3183,59000,,62183,28000000,47724716
867,Natural,Geophysical,Earthquake,Ground movement,COL,Colombia,Latin America and the Caribbean,Americas,"Litoral de San Juan, Litoral de San Juan (is.), Bajo Baudo (is.), Bajo Baudo (pizzaro) districts (Choco province), Cali, Buenaventua, Buenaventura (is.), El Cerrito, Restrepo, Zarzal, Bugalagrande, Calima (darien), Vijes districts (Valle del Cauca province)",,7.2,4.695,-77.508,2004,11,15,,20,8016,,8036,,
868,Natural,Geophysical,Earthquake,Ground movement,CRI,Costa Rica,Latin America and the Caribbean,Americas,"San Jose, Puntarenas provinces","Slide (land, mud, snow, rock)",6.4,9.602,-84.172,2004,11,20,8,,255,25,280,,
869,Natural,Geophysical,Earthquake,Ground movement,IDN,Indonesia,South-eastern Asia,Asia,Nabire district (Papua province),Fire,7.1,-3.609,135.404,2004,11,26,32,213,12620,,12833,55000,93745
870,Natural,Geophysical,Earthquake,Tsunami,MMR,Myanmar,South-eastern Asia,Asia,"Kawthoung, Pyapon, Pathein districts (Ayeyawaddy province), Kawthoung district (Taninthayi province), Sittwe district (Rakhine province)",,9.1,3.295,95.982,2004,12,26,71,,12500,3200,15700,500000,852227
871,Natural,Geophysical,Earthquake,Ground movement,IRN,Iran (Islamic Republic of),Southern Asia,Asia,"Agh Ghala area (Gorgan district, Golestan province)",,5.4,37.103,54.574,2005,1,10,,110,,,110,,
872,Natural,Geophysical,Earthquake,Ground movement,IDN,Indonesia,South-eastern Asia,Asia,Kota Palu district (Sulawesi Tengah province),,6.3,-1.198,119.933,2005,1,23,1,4,680,,684,,
873,Natural,Geophysical,Earthquake,Ground movement,TUR,Türkiye,Western Asia,Asia,Karliova district (Bingol province),,5.8,39.354,40.89,2005,3,14,,18,2250,,2268,,
874,Natural,Geophysical,Earthquake,Ground movement,JPN,Japan,Eastern Asia,Asia,"Hukuoka, Saga provinces","Slide (land, mud, snow, rock)",5.5,33.637,130.179,2005,4,19,,58,837,,895,,
875,Natural,Geophysical,Earthquake,Ground movement,TUR,Türkiye,Western Asia,Asia,Karliova district (Bingol province),,5.6,39.22,41.08,2005,6,6,,54,300,,354,,
876,Natural,Geophysical,Earthquake,Ground movement,PER,Peru,Latin America and the Caribbean,Americas,"Moyobamba, Lamas districts (San Martin province)",,7.5,-5.678,-76.398,2005,9,26,5,59,2446,,2505,,
877,Natural,Geophysical,Earthquake,Ground movement,AFG,Afghanistan,Southern Asia,Asia,Jalalabad district (Nangarhar province),,7.6,34.539,73.588,2005,10,8,1,,,,,50,82
878,Natural,Geophysical,Earthquake,Ground movement,PAK,Pakistan,Southern Asia,Asia,"Bisham Tehsil, Chakisar Tehsil areas (Shangla District district, North-West Frontier province), Palas Sub-Division area (Kohistan District district, North-West Frontier province), Abbottabad District, Mansehra District, Batagram District districts (North-West Frontier province), Gujranwala District, Gujrat District, Rawalpindi District districts (Punjab province), Islamabad District district (Islamabad province),",,7.6,34.539,73.588,2005,10,8,73338,128309,,5000000,5128309,5200000,8572324
879,Natural,Geophysical,Earthquake,Ground movement,IRN,Iran (Islamic Republic of),Southern Asia,Asia,"Ghurzin, Kosheh, Viranagh, Tourian, Tonban, Ramkan, Gharbdan, Karavan, Khaledin, Giahdan villages (Geshm district, Hormozgan province)",,5.9,26.774,55.858,2005,11,27,13,100,,,100,,
880,Natural,Geophysical,Earthquake,Ground movement,COD,Democratic Republic of the Congo,Sub-Saharan Africa,Africa,"Kalemie city (Tanganyka district, Katanga province)",,6.8,-6.224,29.83,2005,12,5,6,5,,1500,1505,,
881,Natural,Geophysical,Earthquake,Ground movement,TJK,Tajikistan,Central Asia,Asia,"Kumsangir village (Kolhosobadskiy districts, Khatlon province), Panj Jamoat village (Piynjskiy districts, Khatlon province)",,5.6,37.255,68.828,2006,7,29,3,19,15408,,15427,22000,35134
882,Natural,Geophysical,Earthquake,Ground movement,CHN,China,Eastern Asia,Asia,Chifeng district (Nei Mongol Zizhiqu province),,4.7,43.469,119.558,2006,11,3,,,12000,,12000,291,465
883,Natural,Geophysical,Earthquake,Ground movement,KGZ,Kyrgyzstan,Central Asia,Asia,"Isakeevo, Kochkorka, Semiz-Bel areas (Kochkor district, Naryn province)",,5.8,42.156,76.163,2006,12,26,,,12000,50,12050,,
884,Natural,Geophysical,Earthquake,Tsunami,SLB,Solomon Islands,Melanesia,Oceania,Administrative unit not available,"Slide (land, mud, snow, rock)|Tsunami/Tidal wave",8.1,-8.466,157.043,2007,4,1,52,9,2375,,2384,,
885,Natural,Geophysical,Earthquake,Ground movement,JPN,Japan,Eastern Asia,Asia,"Aikawamati, Akadomarimura, Hatanomati, Izumozakimati, Kanaimati, Kariwamura, Kasiwazakisi, Manomati, Nagaokasi, Niigatasi, Odiyasi, Ogimati, Sanzyoosi, Sawatamati, Yosidamati, Zyooetusi districts (Niigata province), Nagano, Toyama provinces",Fire|Tsunami/Tidal wave,6.6,37.535,138.446,2007,7,16,9,1000,13000,,14000,12500000,19408894
886,Natural,Geophysical,Earthquake,Ground movement,HND,Honduras,Latin America and the Caribbean,Americas,"El Progreso district (Yoro province), Santa Barbara, Las Vegas districts (Santa Barbara province)",,5.3,14.828,-87.12,2007,9,15,,18,,1865,1883,,
887,Natural,Geophysical,Earthquake,Ground movement,IDN,Indonesia,South-eastern Asia,Asia,Situbondo district (Java Timur province),,4.9,-7.783,114.338,2007,9,9,,19,450,,469,,
888,Natural,Geophysical,Earthquake,Ground movement,BRB,Barbados,Latin America and the Caribbean,Americas,Bridgetown (St. Michael Province),"Slide (land, mud, snow, rock)",7.4,14.944,-61.274,2007,11,29,,1,,,1,,
889,Natural,Geophysical,Earthquake,Ground movement,COD,Democratic Republic of the Congo,Sub-Saharan Africa,Africa,Bukavu district (Sud-Kivu province),,5.9,-2.296,28.9,2008,2,3,11,,17355,,17355,7000,10467
890,Natural,Geophysical,Earthquake,Ground movement,IRN,Iran (Islamic Republic of),Southern Asia,Asia,Borugerd district (Lorestan province),,4.5,33.86,48.59,2008,5,1,,170,,,170,,
891,Natural,Geophysical,Earthquake,Ground movement,GRC,Greece,Southern Europe,Europe,"Achaïe (Achaias district, Dytiki Ellada province), Elide (Ileias district, Dytiki Ellada province), Leucade Isl. (Lefkados district, Ionioi Nisoi province)","Slide (land, mud, snow, rock)",6.4,37.963,21.525,2008,6,8,2,240,3468,,3708,,
892,Natural,Geophysical,Earthquake,Ground movement,JPN,Japan,Eastern Asia,Asia,"Mizusawasi, Moriokasi districts (Iwate province), Tukidatetyoo, Hurukawasi, Sendaisi_Aobaku, Sendaisi_Daisiroku, Sendaisi_Izumiku, Sendaisi_Miyaginoku, Sendaisi_Wakabayasiku districts (Miyagi province), Akita province","Slide (land, mud, snow, rock)",6.9,39.03,140.881,2008,6,13,23,448,,,448,167000,249716
893,Natural,Geophysical,Earthquake,Ground movement,CHN,China,Eastern Asia,Asia,"Ningzhongxiang village (Dangxiong Xian area, Lhasa district, Xizang Zizhiqu province)",,6.3,29.807,90.35,2008,10,6,30,19,,735,754,,
894,Natural,Geophysical,Earthquake,Ground movement,IDN,Indonesia,South-eastern Asia,Asia,Buol district (Sulawesi Tengah province) Gorontalo province,,7.4,1.271,122.091,2008,11,16,6,77,10000,,10077,,
895,Natural,Geophysical,Earthquake,Ground movement,CHN,China,Eastern Asia,Asia,Yunnan Sheng province,,4.8,23.97,97.569,2008,12,25,,19,27000,150,27169,,
896,Natural,Geophysical,Earthquake,Ground movement,IDN,Indonesia,South-eastern Asia,Asia,"Manokwari , Sorong districts (Papua Barat province)",,7.7,-0.414,132.885,2009,1,3,5,250,4000,,4250,10000,15006
897,Natural,Geophysical,Earthquake,Ground movement,HND,Honduras,Latin America and the Caribbean,Americas,"La Ceiba, Tela districts (Atlantida province), La Lima, Omoa, Puerto Cortes, San Pedro Sula districts (Cortes province), Jesus De Otoro, Guanaja, Roatan, Jose Santos Guardiola districts (Islas De Bahia province), Ceguaca, Chinda, Gualala, Ilama, Las Vegas, Petoa, San Jose De Colimas, Santa Barbara, Trinidad districts (Santa Barbara province), El Progreso, Olanchito districts (Yoro province)","Slide (land, mud, snow, rock)",7.3,16.731,-86.217,2009,5,28,7,136,50000,,50136,100000,150064
898,Natural,Geophysical,Earthquake,Tsunami,JPN,Japan,Eastern Asia,Asia,"Sizuokasi, Yaidusi, Sagaratyoo, Huziedasi, Simadasi, Kakegawasi, Haibaratyoo districts (Sizuola province), Tookyoo province",Fire|Tsunami/Tidal wave,6.2,34.743,138.264,2009,8,10,1,319,25000,,25319,400000,600256
899,Natural,Geophysical,Earthquake,Ground movement,IDN,Indonesia,South-eastern Asia,Asia,"Cianjur, Bandung, Kota Bandung, Garut, Tasikmalaya, Kota Tasilmalaya, Sukabumi, Kota Bogor, Bogor, Ciamis, Sumedang, Kuningan, Kota Banjar, Purwakarta, Kota Cimahi, Kota Sukabumi districts (Jawa Barat province), Cilacap district (Jawa Tengah province), Dki Jakarta province","Slide (land, mud, snow, rock)",7,-7.782,107.297,2009,9,2,128,1442,338350,,339792,160000,240103
900,Natural,Geophysical,Earthquake,Ground movement,ALB,Albania,Southern Europe,Europe,Peshkopi district,,5.5,41.483,20.388,2009,9,7,,,,150,150,,
901,Natural,Geophysical,Earthquake,Tsunami,WSM,Samoa,Polynesia,Oceania,Administrative unit not available province,Tsunami/Tidal wave,8.1,-15.489,-172.095,2009,9,29,148,310,5274,,5584,124040,186139
902,Natural,Geophysical,Earthquake,Ground movement,IRN,Iran (Islamic Republic of),Southern Asia,Asia,Bandar-e abbas district (Hormozgan province),,5,27.334,56.202,2009,11,3,,269,,,269,,
903,Natural,Geophysical,Earthquake,Ground movement,MWI,Malawi,Sub-Saharan Africa,Africa,Karonga district (Northern Region province),,5.9,-9.948,33.878,2009,12,8,1,15,,15000,15015,,
904,Natural,Geophysical,Earthquake,Ground movement,TJK,Tajikistan,Central Asia,Asia,"Uskrogh, Rogh, Payshanbeobod, Gishkhun, Dashtirogh, Rokharv, Punichuguni Jamak villages (Vanchskiy district, Badakhshoni province)",,5.4,38.245,71.467,2010,1,2,,,6706,1134,7840,1500,2215
905,Natural,Geophysical,Earthquake,Ground movement,HTI,Haiti,Latin America and the Caribbean,Americas,"Port-au-prince, Kenscoff municipalities (Port-au-Prince district), Croix-des-Bouquets municipality (Croix-des-Bouquets district), Leogane, Petit-Goave, Grand-Goave municipalities (Leogane) (Ouest province), Jacmel municipality (Jacmel district, Sud Est province), Les Cayes municipality (Cayes district, Sud province), Jeremie municipality (Jeremie district, Grande Anse province), Gonaives municipality (Gonaives district, Artibonite province)",,7,18.443,-72.571,2010,1,12,222570,300000,3400000,,3700000,8000000,11811414
906,Natural,Geophysical,Earthquake,Tsunami,CHL,Chile,Latin America and the Caribbean,Americas,"Biobio province, Libertador Gral. Bernardo O'higgins, Valparaiso, Araucania, Metropolitana Santiago, Maule Provinces",Tsunami/Tidal wave,8.8,-36.122,-72.898,2010,2,27,562,10334,1861222,800000,2671556,30000000,44292803
907,Natural,Geophysical,Earthquake,Ground movement,CHN,China,Eastern Asia,Asia,"Pingyuanzhen village (Yingjiang area, Dehong Dai and Jingpo district, Yunnan Sheng province)",,5.5,24.727,97.957,2011,3,10,25,250,,5190,5440,290000,415061
908,Natural,Geophysical,Earthquake,Ground movement,CHN,China,Eastern Asia,Asia,"Pingyuanzhen village (Yingjiang area, Dehong Dai and Jingpo district, Yunnan Sheng province)",,4.8,24.693,97.943,2011,2,1,,1,,64500,64501,,
909,Natural,Geophysical,Earthquake,Ground movement,THA,Thailand,South-eastern Asia,Asia,"Chiang Rai, Chiang Mai, Lampang, Lamphun, Mae Hong Son, Phayao, Phrae, Nan provinces",,6.9,20.687,99.822,2011,3,24,1,16,,,16,,
910,Natural,Geophysical,Earthquake,Ground movement,UZB,Uzbekistan,Central Asia,Asia,Fergana province,,6.1,40.081,71.41,2011,7,19,13,,86,,86,,
911,Natural,Geophysical,Earthquake,Ground movement,CHN,China,Eastern Asia,Asia,"Shigatse, Shannan districts (Xizang Zizhiqu province)",,6.9,27.73,88.155,2011,9,18,7,136,,5000,5136,,
912,Natural,Geophysical,Earthquake,Ground movement,CHN,China,Eastern Asia,Asia,"Dabancheng area (Urumqi district, Xinjiang Uygur Zizhiqu province))","Slide (land, mud, snow, rock)",5.1,43.015,88.247,2011,6,8,,8,250,,258,,
913,Natural,Geophysical,Earthquake,Ground movement,NZL,New Zealand,Australia and New Zealand,Oceania,"Canterbury, Nelson-marlborough, Otago, Southland, Westland provinces","Slide (land, mud, snow, rock)",5.9,-43.564,172.743,2011,6,13,1,45,,300,345,3000000,4293734
914,Natural,Geophysical,Earthquake,Ground movement,IDN,Indonesia,South-eastern Asia,Asia,"Subulussalam city (Aceh Singkil district, Nangroe Aceh Darussalam province)",,6.7,2.965,97.893,2011,9,5,10,,,,,5850,8373
915,Natural,Geophysical,Earthquake,Ground movement,PER,Peru,Latin America and the Caribbean,Americas,"Ica, Chincha, Pisco districts (Ica province), Canete district (Lima province)",,6.4,-14.168,-75.635,2012,1,30,,145,2905,1385,4435,,
916,Natural,Geophysical,Earthquake,Ground movement,CHN,China,Eastern Asia,Asia,Xinjiang Uygur Zizhiqu province,,6.3,43.433,84.7,2012,6,29,,52,155000,,155052,68000,95351
917,Natural,Geophysical,Earthquake,Ground movement,MEX,Mexico,Latin America and the Caribbean,Americas,"Guerrero, Oaxaca, Mexico provinces",,7.4,16.493,-98.231,2012,3,20,2,11,45000,4000,49011,320000,448713
918,Natural,Geophysical,Earthquake,Ground movement,ITA,Italy,Southern Europe,Europe,"Finale Emilia, Mirandola towns (Modena Province, Emilia-romagna Region), Sant'Agostino area (Ferrara province, Emilia-romagna Region)",,6,44.89,11.23,2012,5,20,7,50,11000,,11050,15800000,22155200
919,Natural,Geophysical,Earthquake,Ground movement,CRI,Costa Rica,Latin America and the Caribbean,Americas,"Abangares, Carillo, Hojancgan, Liberia, Nicoya, Nandayure, Santacruz districts (Guanacaste province), Alajuela, Alafaro Ruiz, Atenas, Grecia, Naranjo, Poas, San Carlos, San Ramon, Valverde Vega, Upala districts (Alajuela province), Acosta, Puriscal, San Jose districts (San Jose province), Limon districts (Limon province), Barva, Sarapiqui districts (Heredia province), Aguirre, Garabito, Puntaneras districts (Puntarenas province)",,7.6,10.085,-85.315,2012,9,5,2,225,537,,762,45000,63100
920,Natural,Geophysical,Earthquake,Ground movement,IDN,Indonesia,South-eastern Asia,Asia,"Lindu village (Sigi area, Donggala district, Sulawesi Tengah province)",,6.3,-1.315,120.096,2012,8,18,6,43,5485,2355,7883,,
921,Natural,Geophysical,Earthquake,Ground movement,GTM,Guatemala,Latin America and the Caribbean,Americas,"San Marcos, Quetzaltenango, Solola, Retalhuleu, Quiché, Totonicapan, Huehuetenango, Suchitepequez, Chimaltenango, Sacatepequez, Guatemala provinces",,7.4,13.988,-91.895,2012,11,7,44,178,1321564,,1321742,210000,294468
922,Natural,Geophysical,Earthquake,Tsunami,SLB,Solomon Islands,Melanesia,Oceania,Santa Cruz islands (Temotu (Adminitrative unit not available) province),Tsunami/Tidal wave,8,-10.799,165.114,2013,2,6,10,,3329,,3329,2000,2764
923,Natural,Geophysical,Earthquake,Ground movement,COL,Colombia,Latin America and the Caribbean,Americas,"Narino, Cauca, Risaralda, Quindio,Valle Del Cauca provinces",,6.9,1.135,-77.393,2013,2,9,,15,9500,500,10015,4000,5528
924,Natural,Geophysical,Earthquake,Ground movement,CHN,China,Eastern Asia,Asia,"Eryuan Xian, Yangbi Yi Zizhixian, Yunlong Xian areas (Dali Bali district, Yunnan Sheng province)",,5.2,25.98,99.812,2013,3,3,,30,417170,10540,427740,56000,77391
925,Natural,Geophysical,Earthquake,Ground movement,IDN,Indonesia,South-eastern Asia,Asia,"Aceh Tengah, Bener Meriah districts (Nangroe Aceh Darussalam province)","Slide (land, mud, snow, rock)",6.1,4.645,96.665,2013,7,2,48,2532,53403,,55935,130000,179658
926,Natural,Geophysical,Earthquake,Ground movement,CHN,China,Eastern Asia,Asia,"Gannan Tibetan, Longnan, Dingxi, Tianshui, Baiyin, Lanzhou districts (Gansu Sheng province)","Slide (land, mud, snow, rock)",5.9,34.512,104.262,2013,7,22,95,887,123000,,123887,1000000,1381984
927,Natural,Geophysical,Earthquake,Ground movement,PAK,Pakistan,Southern Asia,Asia,"Awaran District, Chagai District, Gwadar District, Kech District, Khuzdar District, Panjgur District districts (Balochistan province)",,7.7,26.951,65.5009,2013,9,24,399,599,185150,,185749,100000,138198
928,Natural,Geophysical,Earthquake,Ground movement,CHN,China,Eastern Asia,Asia,"Keping Xian area (Aksu district, Xinjiang Uygur Zizhiqu province)",,5,40.253,78.944,2013,12,1,,,,2000,2000,,
929,Natural,Geophysical,Earthquake,Ground movement,CHN,China,Eastern Asia,Asia,"Changling area (Songyuan district, Jilin Sheng province)",,5.3,44.5993,124.1681,2013,11,22,,,58300,,58300,,
930,Natural,Geophysical,Earthquake,Ground movement,CHN,China,Eastern Asia,Asia,"Yutian Xian area (Khotan district, Xinjiang Uygur Zizhiqu province)",,6.9,35.9053,82.5864,2014,2,12,,,450000,,450000,174000,236627
931,Natural,Geophysical,Earthquake,Ground movement,PER,Peru,Latin America and the Caribbean,Americas,"Misca (Paruro district, Cusco province)",,4.9,-13.843,-71.695,2014,9,27,8,4,600,,604,,
932,Natural,Geophysical,Earthquake,Ground movement,CHL,Chile,Latin America and the Caribbean,Americas,"Arica y Painacota province, Alto Hospicio commune (Iquique district, Tarapaca province)","Slide (land, mud, snow, rock)",8.2,-19.61,-70.769,2014,4,1,6,,513387,,513387,100000,135992
933,Natural,Geophysical,Earthquake,Ground movement,NIC,Nicaragua,Latin America and the Caribbean,Americas,Managua province,,6.6,11.642,-85.8779,2014,4,11,2,266,12015,,12281,3000,4080
934,Natural,Geophysical,Earthquake,Ground movement,MEX,Mexico,Latin America and the Caribbean,Americas,"Guerrero, Morelos, Distrito Federal, Michoacan provinces",,7.2,17.397,-100.9723,2014,4,18,,,381,,381,,
935,Natural,Geophysical,Earthquake,Ground movement,CHN,China,Eastern Asia,Asia,"Xiluoduzhen village (Zhaotong district, Yunnan Sheng province)",,5.4,28.174,103.619,2014,4,4,,21,75000,,75021,80000,108794
936,Natural,Geophysical,Earthquake,Ground movement,TUR,Türkiye,Western Asia,Asia,"Tekirdag, Canakkale provinces",,6.9,40.2893,25.3889,2014,5,24,,324,,,324,,
937,Natural,Geophysical,Earthquake,Ground movement,CHN,China,Eastern Asia,Asia,"Yingjiang area (Dehong Dai and Jingpo district, Yunnan Sheng province)",,5.9,24.9997,97.845,2014,5,30,,45,184678,,184723,2000,2720
938,Natural,Geophysical,Earthquake,Ground movement,GTM,Guatemala,Latin America and the Caribbean,Americas,"Huehuetenango, Quetzaltenango, Retalhuleu, San Marcos, Solola, Suchitepequez, Totonicapan provinces",,6.9,14.724,-92.4614,2014,7,7,1,274,84679,9830,94783,,
939,Natural,Geophysical,Earthquake,Ground movement,CHN,China,Eastern Asia,Asia,"Longtoushanzhen, Zhaotong cities (Ludian area, Zhaotong district, Yunnan Sheng province), Qiaojia area (Zhaotong district, Yunnan Sheng province), Huize area (Qujing district, Yunnan Sheng province), Guizhou Sheng, Sichuan Sheng provinces","Slide (land, mud, snow, rock)",6.2,27.1891,103.4086,2014,8,3,731,3413,1117100,,1120513,5000000,6799615
940,Natural,Geophysical,Earthquake,Ground movement,COL,Colombia,Latin America and the Caribbean,Americas,"Santafe de Bogota D.c. district (Cundinamarca province), Cali district (Valle del Cauca province); Bucaramanga, Betulia districts (Santander Province)","Slide (land, mud, snow, rock)",6.2,6.7757,-72.9875,2015,3,10,,1,40835,400,41236,,
941,Natural,Geophysical,Earthquake,Ground movement,KGZ,Kyrgyzstan,Central Asia,Asia,"Chong-Alay, Alay, Kara-Suu, Kara-Kulja, Aravan districts (Osh province)",,5.6,40.376,73.204,2015,11,17,,,11490,5290,16780,12000,16300
942,Natural,Geophysical,Earthquake,Ground movement,AFG,Afghanistan,Southern Asia,Asia,"Ashkasham town (Eshkmesh district, Badakhshan province)",,6.3,36.4935,71.1263,2015,12,25,,12,,395,407,,
943,Natural,Geophysical,Earthquake,Ground movement,PAK,Pakistan,Southern Asia,Asia,Khyber Agency district (Federally Administrered Tribal Areas province),,6.3,36.4935,71.1263,2015,12,25,3,85,,,85,,
944,Natural,Geophysical,Earthquake,Ground movement,BGD,Bangladesh,Southern Asia,Asia,"Dhaka, Jamalpur districts (Dhaka province), Rajshahi district (Rajshahi province), Lalmonirhat, Panchagarh districts (Rangpur province)",,6.7,24.804,93.65,2016,1,3,5,70,,,70,,
945,Natural,Geophysical,Earthquake,Ground movement,JPN,Japan,Eastern Asia,Asia,"Kumamoto, Fukuoka, Saga, Oita, Miyazaki provinces",,7,32.791,130.75,2016,4,15,49,1684,272763,23985,298432,20000000,26827775
946,Natural,Geophysical,Earthquake,Ground movement,ITA,Italy,Southern Europe,Europe,"Amatrice, Accumoli, Pescara del Tronto, Arquataa, Posta (Rieti and Ascoli Piceno provinces)",,6.2,42.723,13.187,2016,8,24,296,400,4454,,4854,5000000,6706944
947,Natural,Geophysical,Earthquake,Ground movement,TUR,Türkiye,Western Asia,Asia,Bodrum,Tsunami/Tidal wave,6.7,,,2017,7,21,,360,,,360,,
948,Natural,Geophysical,Earthquake,Ground movement,MMR,Myanmar,South-eastern Asia,Asia,"Magway, Mandalay, Rakhine, Sagaing provinces",,6.8,20.923,94.569,2016,8,24,4,2,1150,,1152,10000,13414
949,Natural,Geophysical,Earthquake,Tsunami,NZL,New Zealand,Australia and New Zealand,Oceania,"Culverden, Kaikoura (Canterbury province), Wellington province","Slide (land, mud, snow, rock)|Tsunami/Tidal wave",7.8,-42.725,173.064,2016,11,14,2,50,,,50,3900000,5231416
950,Natural,Geophysical,Earthquake,Ground movement,CHN,China,Eastern Asia,Asia,Xinjinag Uygur Zizhiqu province,,6.6,39.238,74.047,2016,11,25,1,,37200,,37200,5500,7378
951,Natural,Geophysical,Earthquake,Ground movement,JPN,Japan,Eastern Asia,Asia,"Kurayoshi city (Kurayosisi district, Tottori province)",,6.2,35.37,133.812,2016,10,21,,7,480,6,493,100000,134139
952,Natural,Geophysical,Earthquake,Ground movement,CHN,China,Eastern Asia,Asia,Near Shihezi district (Xinjiang Uygur Zizhiqu province),,6,43.823,86.345,2016,12,8,,,9000,120,9120,135000,181087
953,Natural,Geophysical,Earthquake,Ground movement,GRC,Greece,Southern Europe,Europe,Kos Island,Tsunami/Tidal wave,6.7,36.925,27.414,2017,7,21,2,120,,,120,,
954,Natural,Geophysical,Earthquake,Ground movement,CHN,China,Eastern Asia,Asia,"Aba prefecture, Jiuzhaigou County (Sichuan province)","Slide (land, mud, snow, rock)",6.5,33.193,103.855,2017,8,8,29,525,217500,300,218325,500000,656706
955,Natural,Geophysical,Earthquake,Ground movement,MEX,Mexico,Latin America and the Caribbean,Americas,"Puebla (Puebla, Cholula), Morelos (Cuernavaca, Jojutla), Mexico state, Mexico city (Roma, Reforma, Condesa, Narvarte, Napoles, Lindavista), Guerrero, Oaxaca, Chiapas",Fire,7.1,18.55,-98.489,2017,9,17,369,6000,250000,,256000,6000000,7880469
956,Natural,Geophysical,Earthquake,Ground movement,KOR,Republic of Korea,Eastern Asia,Asia,"Near Pohang, Gyeongsangbuk-do province",,5.4,36.065,129.27,2017,11,15,,57,5000,,5057,,
957,Natural,Geophysical,Earthquake,Ground movement,IDN,Indonesia,South-eastern Asia,Asia,"Lombok, sumbawa",Tsunami/Tidal wave,6.9,-8.287,116.452,2018,8,5,564,1584,445343,70000,516927,790000,1012856
958,Natural,Geophysical,Earthquake,Ground movement,IRN,Iran (Islamic Republic of),Southern Asia,Asia,Tazeh Abad district (Kermanshah),,5.8,34.591,46.166,2018,7,22,,287,4755,,5042,10000,12821
959,Natural,Geophysical,Earthquake,Ground movement,JPN,Japan,Eastern Asia,Asia,"Atsuma village, Abira, Sapporo (Hokkaido)","Fire|Slide (land, mud, snow, rock)",6.6,42.686,141.929,2018,9,6,41,680,5600,,6280,1250000,1602620
960,Natural,Geophysical,Earthquake,Ground movement,IDN,Indonesia,South-eastern Asia,Asia,West Sumatra province,,5.4,-1.323,101.578,2019,2,28,,48,1715,,1763,,
961,Natural,Geophysical,Earthquake,Ground movement,ECU,Ecuador,Latin America and the Caribbean,Americas,Amazon basin region,,8,-5.812,-75.27,2019,5,26,,15,,,15,,
962,Natural,Geophysical,Earthquake,Ground movement,IRN,Iran (Islamic Republic of),Southern Asia,Asia,Masjed Soleyman City (Khuzestan Province),,5.6,31.756,49.561,2019,7,8,1,100,,2000,2100,,
963,Natural,Geophysical,Earthquake,Ground movement,IDN,Indonesia,South-eastern Asia,Asia,North Maluku Province,Tsunami/Tidal wave,7.2,-0.586,128.034,2019,7,14,8,134,5790,5880,11804,,
964,Natural,Geophysical,Earthquake,Ground movement,PHL,Philippines,South-eastern Asia,Asia,Itbayat Island (Batanes Province),,6,20.837,121.974,2019,7,27,9,64,2963,,3027,5258,6621
965,Natural,Geophysical,Earthquake,Ground movement,IDN,Indonesia,South-eastern Asia,Asia,"Ambon, Nusaniwe, Sirimau, Baguala, Teluk ambon, Leitimur Selatan distrcits (Maluku Province)",,6.5,-3.45,128.347,2019,9,26,31,179,247239,,247418,,
966,Natural,Geophysical,Earthquake,Ground movement,TUR,Türkiye,Western Asia,Asia,Istanbul,,5.7,40.89,28.173,2019,9,26,1,34,1419,,1453,,
967,Natural,Geophysical,Earthquake,Ground movement,PHL,Philippines,South-eastern Asia,Asia,North Cotabato Province (Mindanao Island),,6.4,6.714,125.009,2019,10,16,7,215,3068,,3283,,
968,Natural,Geophysical,Earthquake,Ground movement,PHL,Philippines,South-eastern Asia,Asia,Davao del Sur and South Cotabato provinces; North Cotabato Province (Mindanao Island),,6.6,6.754,124.985,2019,10,29,10,395,25630,,26025,,
969,Natural,Geophysical,Earthquake,Ground movement,FRA,France,Western Europe,Europe,Auvergne-Rhône-Alpes region,,4.8,44.612,4.638,2019,11,11,,4,750,,754,,
970,Natural,Geophysical,Earthquake,Ground movement,IRN,Iran (Islamic Republic of),Southern Asia,Asia,Varnakesh village (Mianeh County); Torkamanchay City (Mianeh County) - East Azerbaijan Province,,5.9,37.808,47.558,2019,11,8,6,584,22500,,23084,90000,113335
971,Natural,Geophysical,Earthquake,Ground movement,ALB,Albania,Southern Europe,Europe,"Durrës, Kruje, Tiranë, Lezhë",,6.4,41.511,19.522,2019,11,26,51,913,202000,,202913,700000,881492
972,Natural,Geophysical,Earthquake,Ground movement,PHL,Philippines,South-eastern Asia,Asia,"Davao del Sur Province (Davao Region, Mindanao Island)",,6.8,6.708,125.188,2019,12,15,14,210,394355,,394565,,
973,Natural,Geophysical,Earthquake,Ground movement,PRI,Puerto Rico,Latin America and the Caribbean,Americas,"Ponce City, San Juan, Yauco, Guayanilla, Lajas, Guanica",Tsunami/Tidal wave,6.4,17.935,-66.883,2020,1,7,4,8,4170,900,5078,800000,995144
974,Natural,Geophysical,Earthquake,Ground movement,HRV,Croatia,Southern Europe,Europe,Zagreb,,5.4,45.897,15.966,2020,3,22,1,27,60000,18915,78942,6800000,8458723
975,Natural,Geophysical,Earthquake,Ground movement,PRI,Puerto Rico,Latin America and the Caribbean,Americas,"Ponce, Peñuelas, Guayanilla provinces","Slide (land, mud, snow, rock)",5.4,17.937,-66.727,2020,5,2,,,150,,150,150000,186589
976,Natural,Geophysical,Earthquake,Ground movement,TUR,Türkiye,Western Asia,Asia,"Karl?ova, Yedisu, Adakl? districts (Bingöl); Çat district (Erzurum)",,5.9,39.421,40.697,2020,6,14,1,35,6600,,6635,,
977,Natural,Geophysical,Earthquake,Ground movement,IRN,Iran (Islamic Republic of),Southern Asia,Asia,Bouchehr province,,5.9,29.787,50.669,2021,4,18,,6,3537,,3543,,
978,Natural,Geophysical,Earthquake,Ground movement,HTI,Haiti,Latin America and the Caribbean,Americas,"Nippe, Grand Anse and the Sud departments",,7.2,18.408,-73.475,2021,8,14,2575,12763,690000,,702763,1620071,1924830
979,Natural,Geophysical,Earthquake,Ground movement,FRA,France,Western Europe,Europe,"La Laigne, Benon, Mauzé-sur-le-Mignon, Saint Hilaire-la-Palud and Cram-Chaban (Nouvelle-Aquitaine Region); Charente-Maritime",,4.8,46.212,-0.785,2023,6,16,,2,750,,752,445000,470180
980,Natural,Geophysical,Earthquake,Ground movement,IRN,Iran (Islamic Republic of),Southern Asia,Asia,Bandar Abbas County (central Hormozgan Province),,6.3,27.721,56.065,2021,11,14,1,104,36484,,36588,165000,196039
981,Natural,Geophysical,Earthquake,Ground movement,IDN,Indonesia,South-eastern Asia,Asia,"Selayar Islands Regency (South Sulawesi Province); Sikka Regency (Flores Island, East Nusa Tenggara Province)",,7.3,,,2021,12,14,,7,1730,,1737,,
982,Natural,Geophysical,Earthquake,Ground movement,ECU,Ecuador,Latin America and the Caribbean,Americas,,,7.2,-4.49,-76.846,2021,11,28,,,39,,39,,
983,Natural,Geophysical,Earthquake,Ground movement,IDN,Indonesia,South-eastern Asia,Asia,Maluku Province,,5.6,,,2022,1,10,,2,300,,302,,
984,Natural,Geophysical,Earthquake,Ground movement,AFG,Afghanistan,Southern Asia,Asia,Qadis (Badghis province) Ghor and Hirat provinces,,5.3,34.929,63.621,2022,1,17,28,4,,4000,4004,,
985,Natural,Geophysical,Earthquake,Ground movement,IDN,Indonesia,South-eastern Asia,Asia,"Mentawai Islands Regency, (West Sumatra Province)",,6,,,2022,9,11,,3,6000,,6003,,
986,Natural,Geophysical,Earthquake,Ground movement,SYR,Syrian Arab Republic,Western Asia,Asia,"Aleppo, Lattakia, Hama; Harim (Idlib); Tartous; Atmeh, Sarmada, Atareb, and Kafr Takharim",,7.8,38.055,36.51,2023,2,6,5670,11774,8000000,,8011774,8900000,9403598
987,Natural,Geophysical,Earthquake,Ground movement,TUR,Türkiye,Western Asia,Asia,"Gaziantep; Pazarcik District (Kahramanmaras); Sanliurfa, Diyarbakir, Adana, Adiyaman, Osmaniye, Hatay, Kilis, Elazig, Malatya",Fire,7.8,38.055,36.51,2023,2,6,53000,107000,16000000,,16107000,34000000,35923858
988,Natural,Geophysical,Earthquake,Ground movement,JPN,Japan,Eastern Asia,Asia,Ishikawa,"Slide (land, mud, snow, rock)",6.2,37.548,137.299,2023,5,6,1,43,2157,54,2254,,
989,Natural,Geophysical,Earthquake,Ground movement,IDN,Indonesia,South-eastern Asia,Asia,"Special Region of Yogyakarta, East and Central Java (Java province)",,5.8,-8.674,110.041,2023,6,30,1,10,1110,,1120,,
990,Natural,Geophysical,Earthquake,Ground movement,CHN,China,Eastern Asia,Asia,Dezhou and Liaocheng,,5.4,37.231,116.391,2023,8,5,,21,,378,399,35000,36980
991,Natural,Geophysical,Earthquake,Ground movement,MAR,Morocco,Northern Africa,Africa,"Al Haouz and Taroudant Provinces; Marrakech; Ouarzazate, Azilal, Chichaoua","Slide (land, mud, snow, rock)",6.8,31.058,-8.385,2023,9,8,2946,5674,840000,,845674,7000000,7396088
992,Natural,Geophysical,Earthquake,Ground movement,KAZ,Kazakhstan,Central Asia,Asia,,,5.8,41.27,78.621,2024,1,23,,67,,,67,,
993,Natural,Geophysical,Earthquake,Ground movement,PNG,Papua New Guinea,Melanesia,Oceania,"Ambunti-Dreikikir, Angoram and Wosera-Gaui (East Sepik Province)","Slide (land, mud, snow, rock)",6.9,-4.139,143.159,2024,3,20,5,2,,5000,5002,,
994,Natural,Geophysical,Earthquake,Ground movement,PHL,Philippines,South-eastern Asia,Asia,Lingig municipality (Mindanao Island),,6.8,8.193,126,2024,8,2,,,24000,,24000,,
995,Natural,Geophysical,Earthquake,Ground movement,IDN,Indonesia,South-eastern Asia,Asia,"Bandung Regency, West Java Province",,5.1,,,2024,9,18,1,75,2800,,2875,30000,30789
996,Natural,Geophysical,Earthquake,Ground movement,VUT,Vanuatu,Melanesia,Oceania,,"Slide (land, mud, snow, rock)|Tsunami/Tidal wave",7.3,-17.686,168.034,2024,12,17,14,265,80000,,80265,100000,102631
997,Natural,Geophysical,Earthquake,Ground movement,NPL,Nepal,Southern Asia,Asia,,,7.1,,,2025,1,7,,13,60,10,83,,
998,Natural,Geophysical,Earthquake,Ground movement,THA,Thailand,South-eastern Asia,Asia,Bangkok,,7.7,21.996,95.926,2025,3,28,54,38,2313,,2351,,
999,Natural,Geophysical,Earthquake,Tsunami,RUS,Russian Federation,Eastern Europe,Europe,"Kamchatka Peninsula; Severo-Kurilsk city area (Kuril islands, Sakhalin region)",Tsunami/Tidal wave,8.8,52.498,160.264,2025,7,29,,4,165,,169,,
1000,Natural,Geophysical,Earthquake,Ground movement,TUR,Türkiye,Western Asia,Asia,Balikesir,,6.1,39.322,28.096,2025,8,10,1,52,183,1278,1513,10000,10000
1001,Natural,Geophysical,Earthquake,Ground movement,IDN,Indonesia,South-eastern Asia,Asia,"Masani village (Poso Coastal District, Central Sulawesi province)",Tsunami/Tidal wave,5.8,-1.282,120.727,2025,8,16,2,44,433,,477,,
1002,Natural,Geophysical,Earthquake,Ground movement,ETH,Ethiopia,Sub-Saharan Africa,Africa,Afar and Tigray regions,,5.7,,,2025,10,11,1,9,43000,,43009,,
1003,Natural,Geophysical,Earthquake,Ground movement,PHL,Philippines,South-eastern Asia,Asia,"Davao Oriental, Davao de Oro (Mindanao Island)","Slide (land, mud, snow, rock)|Tsunami/Tidal wave",6.7,7.172,126.755,2025,10,10,10,1027,845000,,846027,,
1004,Natural,Geophysical,Earthquake,Ground movement,ITA,Italy,Southern Europe,Europe,Mazara del Vallo area (Sicily),,4.9,37.67,12.47,1981,6,7,,6,300,,306,,
1005,Natural,Geophysical,Earthquake,Ground movement,PER,Peru,Latin America and the Caribbean,Americas,Ayacucho area,,4.8,-13.144,-74.376,1981,4,18,8,15,,,15,,
1006,Natural,Geophysical,Earthquake,Ground movement,ITA,Italy,Southern Europe,Europe,South,,4.6,41.051,14.601,1981,2,14,12,,,,,500,1770
1007,Natural,Geophysical,Earthquake,Ground movement,ITA,Italy,Southern Europe,Europe,Perugia area (Umbria),,4.4,43.164,12.586,1982,10,17,,,5000,,5000,35000,116767
1008,Natural,Geophysical,Earthquake,Ground movement,AFG,Afghanistan,Southern Asia,Asia,Baghlan province (Hindu Kush region),,6.6,36.148,69.011,1982,12,16,500,3000,35000,,38000,1000,3336
1009,Natural,Geophysical,Earthquake,Ground movement,IDN,Indonesia,South-eastern Asia,Asia,Larantuka (Flores Isl.),"Slide (land, mud, snow, rock)|Tsunami/Tidal wave",5.9,-8.405,123.08,1982,12,25,13,417,6400,2000,8817,1450,4837
1010,Natural,Geophysical,Earthquake,Ground movement,YMN,Yemen Arab Republic,Western Asia,Asia,Dhamar province,,6.3,14.701,44.379,1982,12,13,1507,1500,400000,,401500,2000000,6672393
1011,Natural,Geophysical,Earthquake,Ground movement,POL,Poland,Eastern Europe,Europe,Bytom,,,50.21,18.51,1982,6,4,,,1050,,1050,,
1012,Natural,Geophysical,Earthquake,Ground movement,TUR,Türkiye,Western Asia,Asia,"Khorasan, Pasinler, Narman (Erzurum province), Kars provinces",,6.8,40.33,42.187,1983,10,30,1346,1137,800000,33000,834137,25000,80809
1013,Natural,Geophysical,Earthquake,Ground movement,CHN,China,Eastern Asia,Asia,Heze area (Shandong province),,5.3,35.206,115.213,1983,11,7,34,2200,,16500,18700,5000,16162
1014,Natural,Geophysical,Earthquake,Ground movement,GIN,Guinea,Sub-Saharan Africa,Africa,Gaoual-Koumbia area,,6.2,11.866,-13.529,1983,12,22,443,1436,20000,20000,41436,8000,25859
1015,Natural,Geophysical,Earthquake,Ground movement,PNG,Papua New Guinea,Melanesia,Oceania,"Ulawun, Rabaul",,6.4,5.392,151.868,1983,12,22,10,,,,,25000,80809
1016,Natural,Geophysical,Earthquake,Ground movement,AFG,Afghanistan,Southern Asia,Asia,Hindu Kush region North-East provinces,,7.4,36.372,70.738,1983,12,31,12,483,27440,6580,34503,3000,9697
1017,Natural,Geophysical,Earthquake,Ground movement,YUG,Yugoslavia,Southern Europe,Europe,"Skopje, Dolno, Kolicani (Macedonia (FYR))",,4.7,41.959,21.54,1983,2,25,12,,,,,500,1616
1018,Natural,Geophysical,Earthquake,Ground movement,USA,United States of America,Northern America,Americas,"Borah Peak, Challis, Mackay (Eastern Idaho)",,6.9,44.058,-113.857,1983,10,28,2,2,,,2,15000,48485
1019,Natural,Geophysical,Earthquake,Ground movement,IDN,Indonesia,South-eastern Asia,Asia,Central Sulawesi,,6.1,1.131,120.858,1983,10,25,2,4,,100,104,,
1020,Natural,Geophysical,Earthquake,Ground movement,JPN,Japan,Eastern Asia,Asia,"Honshu, Nagano prefecture (Honshu)","Slide (land, mud, snow, rock)",6.9,36.39,138.1,1984,9,14,20,,,,,43000,133261
1021,Natural,Geophysical,Earthquake,Ground movement,TUR,Türkiye,Western Asia,Asia,Olur-Senkaya area,,,40.89,42.22,1984,9,18,3,38,375000,,375038,,
1022,Natural,Geophysical,Earthquake,Ground movement,PAK,Pakistan,Southern Asia,Asia,Chiltral-Landi Kotal (Hindu Kush),,6.5,34.07,71.15,1984,2,17,4,12,,,12,,
1023,Natural,Geophysical,Earthquake,Ground movement,PAK,Pakistan,Southern Asia,Asia,"Chitral, Swat districts",,7.4,36.19,70.896,1985,7,29,5,38,12000,,12038,2000,5986
1024,Natural,Geophysical,Earthquake,Ground movement,GTM,Guatemala,Latin America and the Caribbean,Americas,"Tierra Blanca, Catoxac canton, San Lucas canton, San Antonio Chiquito (San Miguel Uspantan)",,4.5,15.299,-90.863,1985,10,11,,,1500,3500,5000,,
1025,Natural,Geophysical,Earthquake,Ground movement,PER,Peru,Latin America and the Caribbean,Americas,Chimbote area,,6.4,-9.159,-78.887,1985,8,21,,100,,300,400,,
1026,Natural,Geophysical,Earthquake,Ground movement,YUG,Yugoslavia,Southern Europe,Europe,Demir Kapija-Negotino area (Macedonia),,5,41.581,22.254,1985,9,28,,16,1500,,1516,,
1027,Natural,Geophysical,Earthquake,Ground movement,SUN,Soviet Union,Eastern Europe,Europe,Moldavia,,5.6,26,46.5,1986,8,31,1,558,225000,,225558,730000,2144165
1028,Natural,Geophysical,Earthquake,Ground movement,TWN,Taiwan (Province of China),Eastern Asia,Asia,Taipai,,,,,1986,11,15,13,46,,,46,,
1029,Natural,Geophysical,Earthquake,Ground movement,SUN,Soviet Union,Eastern Europe,Europe,Akhalkalaki area (Georgia),,5.7,41.431,43.737,1986,5,13,2,,,4500,4500,,
1030,Natural,Geophysical,Earthquake,Ground movement,IND,India,Southern Asia,Asia,Dharmsala,,5.3,32.128,76.374,1986,4,26,6,30,,,30,5000,14686
1031,Natural,Geophysical,Earthquake,Ground movement,PNG,Papua New Guinea,Melanesia,Oceania,"Umboi Isl., Finschafen area of Huon peninsula","Slide (land, mud, snow, rock)",7.4,-6.088,147.689,1987,2,9,1,,4000,,4000,2625,7438
1032,Natural,Geophysical,Earthquake,Ground movement,CHN,China,Eastern Asia,Asia,Wushi area (XINGJIANG WEIWUER ZIZHIQU PROVINCE),,5.9,41.529,79.318,1987,1,24,,,2085,,2085,,
1033,Natural,Geophysical,Earthquake,Ground movement,IDN,Indonesia,South-eastern Asia,Asia,South Pantar Isl.(Timor),"Slide (land, mud, snow, rock)|Tsunami/Tidal wave",6.7,-8.247,124.155,1987,11,26,125,100,16000,1000,17100,5000,14167
1034,Natural,Geophysical,Earthquake,Ground movement,USA,United States of America,Northern America,Americas,Imperial county (California),,6.6,33.013,115.838,1987,11,24,,94,,,94,4000,11334
1035,Natural,Geophysical,Earthquake,Ground movement,CHN,China,Eastern Asia,Asia,Lingwu (Ningxia province),,5.5,38.111,106.336,1988,1,4,,60,50000,,50060,,
1036,Natural,Geophysical,Earthquake,Ground movement,CHN,China,Eastern Asia,Asia,"Lancang, Menglian counties (Yunnan province)",,7.6,22.789,99.611,1988,11,6,939,3364,1000000,267000,1270364,269000,732318
1037,Natural,Geophysical,Earthquake,Ground movement,BGD,Bangladesh,Southern Asia,Asia,Banaripara area,,5.1,21.861,89.763,1989,6,12,1,100,,,100,,
1038,Natural,Geophysical,Earthquake,Ground movement,CHN,China,Eastern Asia,Asia,"Batang county Litang, Baiju, Derong, Xiangcheng, Daocheng counties (Sichuan province)",,6.4,29.987,99.195,1989,4,15,8,107,,40000,40107,164000,425910
1039,Natural,Geophysical,Earthquake,Ground movement,DZA,Algeria,Northern Africa,Africa,"Chenoua, Blida, Tipasa, Boumerdes, Wilaya, El-Nador",Tsunami/Tidal wave,5.7,36.788,2.448,1989,10,29,22,184,12000,,12184,,
1040,Natural,Geophysical,Earthquake,Ground movement,AUS,Australia,Australia and New Zealand,Oceania,Newcastle,,5.4,-32.967,151.619,1989,12,28,12,115,2000,,2115,1000000,2597012
1041,Natural,Geophysical,Earthquake,Ground movement,MWI,Malawi,Sub-Saharan Africa,Africa,Salima district,,6.2,-13.45,34.29,1989,3,9,9,100,,50000,50100,28000,72716
1042,Natural,Geophysical,Earthquake,Ground movement,CHN,China,Eastern Asia,Asia,"Jiangbei county (Chong Qing, Sichuan Province)",,4.7,29.882,106.804,1989,11,20,4,,52800,,52800,,
1043,Natural,Geophysical,Earthquake,Ground movement,PHL,Philippines,South-eastern Asia,Asia,Cualasi area (Near Panay Isl.),,7.1,11.76,121.899,1990,6,14,4,15,,,15,,
1044,Natural,Geophysical,Earthquake,Ground movement,SUN,Soviet Union,Eastern Europe,Europe,Kazakh-Xinjiang Border (Kazakhstan),,6.8,47.892,85.12,1990,6,14,1,,,20000,20000,,
1045,Natural,Geophysical,Earthquake,Ground movement,CHN,China,Eastern Asia,Asia,"Tian Zhu, Jing Tai, Gu Lang counties (Gansu Province)",,6.2,37.001,103.863,1990,10,20,1,16,30000,,30016,,
1046,Natural,Geophysical,Earthquake,Ground movement,PAK,Pakistan,Southern Asia,Asia,Hindu Kush region,,6.6,35.121,70.486,1990,10,22,11,250,,,250,,
1047,Natural,Geophysical,Earthquake,Ground movement,KEN,Kenya,Sub-Saharan Africa,Africa,Kapenguria,,7.2,5.289,31.859,1990,5,24,,,,,,,
1048,Natural,Geophysical,Earthquake,Ground movement,ITA,Italy,Southern Europe,Europe,Carlentini (Sicily),,4.7,37.3,15.438,1990,12,13,19,200,,2500,2700,500000,1232003
1049,Natural,Geophysical,Earthquake,Ground movement,CHN,China,Eastern Asia,Asia,Keping County (Xinjiang Region),,6.5,40.3,78.9,1991,2,25,,3,42205,600,42808,,
1050,Natural,Geophysical,Earthquake,Ground movement,SUN,Soviet Union,Eastern Europe,Europe,Kamchatka Peninsula (Siberia) (Russia),,6.8,60.7,167.2,1991,3,8,,,,,,,
1051,Natural,Geophysical,Earthquake,Ground movement,PER,Peru,Latin America and the Caribbean,Americas,"Nueva Cajamarea (Near Mayobamba, Rioja, Union)",,6.9,-5.982,-77.094,1991,4,4,53,750,45000,,45750,,
1052,Natural,Geophysical,Earthquake,Ground movement,GEO,Georgia,Western Asia,Asia,Dzhava-Tskhinvazli area,"Slide (land, mud, snow, rock)",6.3,42.8,44,1991,6,15,8,200,2190,1350,3740,,
1053,Natural,Geophysical,Earthquake,Ground movement,IDN,Indonesia,South-eastern Asia,Asia,Gorontalo area (Minahassa Peninsula),,6.9,1.196,122.787,1991,6,20,,,1000,,1000,,
1054,Natural,Geophysical,Earthquake,Ground movement,IRN,Iran (Islamic Republic of),Southern Asia,Asia,Behbahan area,,5.4,30.6,50.2,1991,11,4,,51,1450,,1501,,
1055,Natural,Geophysical,Earthquake,Ground movement,IND,India,Southern Asia,Asia,"Harsil (near Gangotri, Uttarkashi's Bhagirathi valley, Uttar Pradesh)","Slide (land, mud, snow, rock)",6.1,30.78,78.774,1991,10,20,1500,1383,53000,,54383,60000,141834
1056,Natural,Geophysical,Earthquake,Ground movement,ROU,Romania,Eastern Europe,Europe,Vouteg (Timis province),,5.7,45.5,21.3,1991,12,2,,5,,4000,4005,,
1057,Natural,Geophysical,Earthquake,Ground movement,AFG,Afghanistan,Southern Asia,Asia,Keshim (Badakhshan province),"Slide (land, mud, snow, rock)",5.4,37.457,68.273,1991,4,18,24,,,,,,
1058,Natural,Geophysical,Earthquake,Ground movement,CRI,Costa Rica,Latin America and the Caribbean,Americas,Limon area,,5.6,9.542,-82.418,1991,5,4,,,,,,,
1059,Natural,Geophysical,Earthquake,Ground movement,PAN,Panama,Latin America and the Caribbean,Americas,"Changuinola, Almirante, Bocas del Toro area",,5.6,9.542,-82.418,1991,5,4,,36,,2000,2036,,
1060,Natural,Geophysical,Earthquake,Ground movement,COD,Democratic Republic of the Congo,Sub-Saharan Africa,Africa,Near Kabolo (Shaba province),,6.7,-6.087,26.651,1992,9,11,9,61,,250,311,,
1061,Natural,Geophysical,Earthquake,Ground movement,CUB,Cuba,Latin America and the Caribbean,Americas,"Granma,Santiago de Cuba, Holguin, Las Tunas provinces",,7,19.9,-77.5,1992,5,25,,40,5829,,5869,,
1062,Natural,Geophysical,Earthquake,Ground movement,KGZ,Kyrgyzstan,Central Asia,Asia,"Dshalal-Abad, Naryn, Talas regions (Near Kyrgyzstan/Chinese Border)","Slide (land, mud, snow, rock)",7.5,42.142,73.575,1992,8,19,54,100,54168,32538,86806,130000,298272
1063,Natural,Geophysical,Earthquake,Ground movement,PAK,Pakistan,Southern Asia,Asia,"Peshawar, Kohat districts",,6,33.377,71.317,1992,5,20,36,100,,2000,2100,,
1064,Natural,Geophysical,Earthquake,Ground movement,UZB,Uzbekistan,Central Asia,Asia,Andizhan oblast,"Slide (land, mud, snow, rock)",5.6,41.019,72.429,1992,5,15,9,,50000,,50000,,
1065,Natural,Geophysical,Earthquake,Ground movement,IDN,Indonesia,South-eastern Asia,Asia,"Brebes area (Java, Sulawesi)",,5,-7.138,109.067,1992,2,4,,1,,7500,7501,,
1066,Natural,Geophysical,Earthquake,Tsunami,JPN,Japan,Eastern Asia,Asia,Okushiri Island (Hokkaido),Fire|Tsunami/Tidal wave,7.8,42.851,139.197,1993,7,12,239,233,5502,1620,7355,1000000,2228622
1067,Natural,Geophysical,Earthquake,Ground movement,MEX,Mexico,Latin America and the Caribbean,Americas,Guerrero state,,6.5,16.755,-98.717,1993,10,24,,,,,,,
1068,Natural,Geophysical,Earthquake,Ground movement,SUN,Soviet Union,Eastern Europe,Europe,"Andishan,Tashkent (Uzbekistan)",,6.4,40.8,72.3,1902,12,16,4562,,125112,,125112,,
1069,Natural,Geophysical,Earthquake,Ground movement,TUR,Türkiye,Western Asia,Asia,Malazgirt,,6.3,39.09,42.3,1903,4,29,3560,,60000,,60000,,
1070,Natural,Geophysical,Earthquake,Ground movement,TWN,Taiwan (Province of China),Eastern Asia,Asia,Jiayi,,6,23.5,120.5,1904,4,24,3,10,,198,208,,
1071,Natural,Geophysical,Earthquake,Ground movement,TWN,Taiwan (Province of China),Eastern Asia,Asia,Jiayi,,6.3,23.5,120.3,1904,11,6,145,158,,1983,2141,,
1072,Natural,Geophysical,Earthquake,Ground movement,ALB,Albania,Southern Europe,Europe,Shkoder,,6.6,42.1,19.6,1905,6,1,120,,,,,23800,852752
1073,Natural,Geophysical,Earthquake,Ground movement,JPN,Japan,Eastern Asia,Asia,Aki,,7.8,34,132,1905,6,2,11,,177,,177,,
1074,Natural,Geophysical,Earthquake,Ground movement,CHN,China,Eastern Asia,Asia,Xinjiang province,,8.3,43.5,85.5,1906,12,23,280,,10000,,10000,,
1075,Natural,Geophysical,Earthquake,Ground movement,ITA,Italy,Southern Europe,Europe,"Messina, Regio, Calabria, Sicilia",Tsunami/Tidal wave,7,38.17,15.58,1908,12,28,75000,,150000,,150000,116000,4156272
1076,Natural,Geophysical,Earthquake,Ground movement,DZA,Algeria,Northern Africa,Africa,"Kabylie, Masqueray",,6.4,36,4,1910,6,24,12,,,,,,
1077,Natural,Geophysical,Earthquake,Ground movement,SUN,Soviet Union,Eastern Europe,Europe,"Usoy, Barchidiv, Posor, Nisur (Tajikistan)",,7.4,38.2,72.8,1911,2,18,90,,,,,,
1078,Natural,Geophysical,Earthquake,Ground movement,IRN,Iran (Islamic Republic of),Southern Asia,Asia,Ravar,,6.7,32.23,57.03,1911,4,18,700,,,,,,
1079,Natural,Geophysical,Earthquake,Ground movement,TUR,Türkiye,Western Asia,Asia,"Murefte Sarkoy, marmara sea",Tsunami/Tidal wave,7.8,40.41,27.15,1912,8,9,923,1575,,16620,18195,,
1080,Natural,Geophysical,Earthquake,Ground movement,JPN,Japan,Eastern Asia,Asia,Akita Senboku,,7.2,39.2,139.8,1914,3,16,94,,,1920,1920,,
1081,Natural,Geophysical,Earthquake,Ground movement,TUR,Türkiye,Western Asia,Asia,"Burdur, Kilinc, Keciborlu, Isparta",,7,37.82,30.27,1914,10,4,4000,700,,51000,51700,,
1082,Natural,Geophysical,Earthquake,Ground movement,PER,Peru,Latin America and the Caribbean,Americas,"Pararca, Paysa, Colta, Oyala",,,-15.2,-73.2,1914,12,2,34,,,,,,
1083,Natural,Geophysical,Earthquake,Ground movement,TWN,Taiwan (Province of China),Eastern Asia,Asia,,,6.5,23.7,120.9,1916,8,28,180,,,1842,1842,,
1084,Natural,Geophysical,Earthquake,Ground movement,GTM,Guatemala,Latin America and the Caribbean,Americas,Guatemala city,,6,14.38,-90.22,1917,12,25,2650,,,,,,
1085,Natural,Geophysical,Earthquake,Ground movement,TWN,Taiwan (Province of China),Eastern Asia,Asia,Puli,,6.3,23.9,120.9,1917,1,5,54,85,,390,475,,
1086,Natural,Geophysical,Earthquake,Ground movement,CHN,China,Eastern Asia,Asia,Kwangtung (Guangdong),Tsunami/Tidal wave,7.3,23.5,117,1918,2,13,10000,,,,,,
1087,Natural,Geophysical,Earthquake,Ground movement,CHL,Chile,Latin America and the Caribbean,Americas,Atacama,Tsunami/Tidal wave,8.7,-28.553,-70.755,1922,11,11,1000,,,,,,
1088,Natural,Geophysical,Earthquake,Ground movement,JPN,Japan,Eastern Asia,Asia,Kyushu,,,32.7,130.3,1922,12,8,27,,,,,,
1089,Natural,Geophysical,Earthquake,Ground movement,COL,Colombia,Latin America and the Caribbean,Americas,Ipiales,,5.3,1,-77.5,1923,12,14,300,,,,,,
1090,Natural,Geophysical,Earthquake,Ground movement,IDN,Indonesia,South-eastern Asia,Asia,Wonosobo (Central Java),,,-7.21,109.56,1924,12,2,727,,,11250,11250,,
1091,Natural,Geophysical,Earthquake,Ground movement,JPN,Japan,Eastern Asia,Asia,Tajima (Honshu),,6.6,35.423,135.007,1925,5,23,395,,,9999,9999,,
1092,Natural,Geophysical,Earthquake,Ground movement,EGY,Egypt,Northern Africa,Africa,Basse-Egypte,,,30.03,31.15,1926,6,26,12,,,,,,
1093,Natural,Geophysical,Earthquake,Ground movement,JOR,Jordan,Western Asia,Asia,"Nablus, Damiya",,6.3,31.922,35.633,1927,7,11,268,,,,,,
1094,Natural,Geophysical,Earthquake,Ground movement,BGR,Bulgaria,Eastern Europe,Europe,Plovdiv,,,,,1928,4,14,107,,,,,,
1095,Natural,Geophysical,Earthquake,Ground movement,ALB,Albania,Southern Europe,Europe,"Vlore, Himare, Kuc",,6,40.5,19.5,1930,11,21,35,108,2940,,3048,,
1096,Natural,Geophysical,Earthquake,Ground movement,TWN,Taiwan (Province of China),Eastern Asia,Asia,Tainan,,6.3,23.261,120.277,1930,12,8,4,,,891,891,,
1097,Natural,Geophysical,Earthquake,Ground movement,TWN,Taiwan (Province of China),Eastern Asia,Asia,Tainan,,5.5,23.2,120.6,1930,12,22,,,,363,363,,
1098,Natural,Geophysical,Earthquake,Ground movement,ALB,Albania,Southern Europe,Europe,Korce,,5.8,40.6,20.8,1931,1,28,90,,,,,,
1099,Natural,Geophysical,Earthquake,Ground movement,IRN,Iran (Islamic Republic of),Southern Asia,Asia,Alborz,,6,36.3,53.3,1935,3,5,60,,,,,,
1100,Natural,Geophysical,Earthquake,Ground movement,IRN,Iran (Islamic Republic of),Southern Asia,Asia,"Kevsut, Alborz, Sari",,6.3,36.3,53.5,1935,4,12,690,,,,,,
1101,Natural,Geophysical,Earthquake,Ground movement,CHN,China,Eastern Asia,Asia,Sichuan province,,6,28.7,103.6,1935,12,18,100,,,,,,
1102,Natural,Geophysical,Earthquake,Ground movement,IDN,Indonesia,South-eastern Asia,Asia,Talaud Isl.,Tsunami/Tidal wave,7.7,4.5,126.5,1936,4,1,,,,845,845,,
1103,Natural,Geophysical,Earthquake,Ground movement,CHN,China,Eastern Asia,Asia,Yunnan province,,5.5,26.6,103,1936,8,17,30,,,,,,
1104,Natural,Geophysical,Earthquake,Ground movement,SLV,El Salvador,Latin America and the Caribbean,Americas,San Vicente,,,13.2,-88.7,1936,12,19,400,,,,,,
1105,Natural,Geophysical,Earthquake,Ground movement,PHL,Philippines,South-eastern Asia,Asia,Luzon,Tsunami/Tidal wave,7.5,14.575,121.68,1937,8,20,1,200,,,200,,
1106,Natural,Geophysical,Earthquake,Ground movement,TUR,Türkiye,Western Asia,Asia,Kirsehir,,6.6,39.508,33.872,1938,4,19,149,800,,,800,,
1107,Natural,Geophysical,Earthquake,Ground movement,ROU,Romania,Eastern Europe,Europe,Bucharest,,7.3,45.8,26.8,1940,11,10,980,,,,,10000,229995
1108,Natural,Geophysical,Earthquake,Ground movement,TUR,Türkiye,Western Asia,Asia,"Develi-Erciyes, Kayseri",,,38.4,35.5,1940,2,20,37,,,,,,
1109,Natural,Geophysical,Earthquake,Ground movement,USA,United States of America,Northern America,Americas,Imperial Valley (California),,7.2,32.733,-115.5,1940,5,18,9,,,,,33000,758983
1110,Natural,Geophysical,Earthquake,Ground movement,PER,Peru,Latin America and the Caribbean,Americas,Callao,Tsunami/Tidal wave,8.2,-10.5,-77,1940,5,24,179,3500,,,3500,,
1111,Natural,Geophysical,Earthquake,Ground movement,TUR,Türkiye,Western Asia,Asia,Cis,,6,41.7,43.8,1940,5,8,16,,,,,,
1112,Natural,Geophysical,Earthquake,Ground movement,MMR,Myanmar,South-eastern Asia,Asia,Myanmar-China border region,,7.2,22.408,99.814,1941,12,26,15,,,,,,
1113,Natural,Geophysical,Earthquake,Ground movement,YMN,Yemen Arab Republic,Western Asia,Asia,"Sadah, Razih",,5.9,16.4,43.5,1941,1,11,1200,200,5000,3500,8700,,
1114,Natural,Geophysical,Earthquake,Ground movement,IRN,Iran (Islamic Republic of),Southern Asia,Asia,Mohammadabad,,6.3,33.482,58.785,1941,2,16,730,,,,,,
1115,Natural,Geophysical,Earthquake,Ground movement,CHN,China,Eastern Asia,Asia,Heilongjiang province,,6,47,127.2,1941,5,6,132,203,,31605,31808,,
1116,Natural,Geophysical,Earthquake,Ground movement,CHN,China,Eastern Asia,Asia,Sichan province,,6,31.7,102.3,1941,10,8,15,10,,350,360,,
1117,Natural,Geophysical,Earthquake,Ground movement,ECU,Ecuador,Latin America and the Caribbean,Americas,Guayaquavil,,,-0.025,-79.955,1942,5,13,200,,,,,2500,49385
1118,Natural,Geophysical,Earthquake,Ground movement,TUR,Türkiye,Western Asia,Asia,,,6.1,39.2,28.2,1942,11,15,16,,,,,,
1119,Natural,Geophysical,Earthquake,Ground movement,CHL,Chile,Latin America and the Caribbean,Americas,Illapel,Tsunami/Tidal wave,8.1,-31.432,-71.475,1943,4,6,12,35,,,35,100000,1861229
1120,Natural,Geophysical,Earthquake,Ground movement,JPN,Japan,Eastern Asia,Asia,Tottori (Honshu Isl.),,7,35.448,133.993,1943,9,10,1400,,,23217,23217,,
1121,Natural,Geophysical,Earthquake,Ground movement,YUG,Yugoslavia,Southern Europe,Europe,Bosnia-Herzegovina,,,44.3,17,1943,1,29,19,,,,,,
1122,Natural,Geophysical,Earthquake,Ground movement,TUR,Türkiye,Western Asia,Asia,Anatolia,,,40,40,1943,12,5,550,,,,,,
1123,Natural,Geophysical,Earthquake,Ground movement,ROU,Romania,Eastern Europe,Europe,,,,,,1945,9,7,,,,,,,
1124,Natural,Geophysical,Earthquake,Ground movement,ROU,Romania,Eastern Europe,Europe,,,,,,1945,12,9,,,,,,,
1125,Natural,Geophysical,Earthquake,Ground movement,JPN,Japan,Eastern Asia,Asia,"Mikawa (Near Nagoya, Honshu Isl.)",Tsunami/Tidal wave,6.6,34.612,137.064,1945,1,13,2306,896,,21663,22559,,
1126,Natural,Geophysical,Earthquake,Ground movement,DZA,Algeria,Northern Africa,Africa,"Hodna Mountains, Constantine",,,35.75,5,1946,2,12,276,,,,,,
1127,Natural,Geophysical,Earthquake,Ground movement,TUR,Türkiye,Western Asia,Asia,"Varto-Hinis, Ustukran (Eastern Turkey)",,5.9,39.3,41.2,1946,5,31,840,,,,,,
1128,Natural,Geophysical,Earthquake,Ground movement,CHL,Chile,Latin America and the Caribbean,Americas,Northern,Tsunami/Tidal wave,7.9,-26.5,-70.5,1946,8,2,2,,,,,,
1129,Natural,Geophysical,Earthquake,Ground movement,JPN,Japan,Eastern Asia,Asia,"Nankaido, Tonankai (Honshu Isl.)",Tsunami/Tidal wave,8.3,33.116,135.895,1946,12,21,2000,,,,,,
1130,Natural,Geophysical,Earthquake,Ground movement,IRN,Iran (Islamic Republic of),Southern Asia,Asia,Dustabad,,6.9,33.621,58.643,1947,9,23,400,,,,,,
1131,Natural,Geophysical,Earthquake,Ground movement,CHN,China,Eastern Asia,Asia,Yunnan province,,6.8,26.4,99.7,1948,6,27,110,1000,,3000,4000,,
1132,Natural,Geophysical,Earthquake,Ground movement,TUR,Türkiye,Western Asia,Asia,,,,40,40,1950,2,4,20,,,,,,
1133,Natural,Geophysical,Earthquake,Ground movement,SLV,El Salvador,Latin America and the Caribbean,Americas,"Jucuapa, Chinameca",,6.5,13.3,-87.8,1951,5,6,1100,,,,,23000,284840
1134,Natural,Geophysical,Earthquake,Ground movement,PNG,Papua New Guinea,Melanesia,Oceania,,,,-9.3,147.1,1951,2,18,3000,,,,,,
1135,Natural,Geophysical,Earthquake,Ground movement,CHN,China,Eastern Asia,Asia,Yunnan province,Tsunami/Tidal wave,6.3,26.7,100,1951,8,19,,,,149450,149450,,
1136,Natural,Geophysical,Earthquake,Ground movement,USA,United States of America,Northern America,Americas,Kern county (California),,7.5,34.958,-118.998,1952,7,21,12,200,,,200,60000,726299
1137,Natural,Geophysical,Earthquake,Tsunami,USA,United States of America,Northern America,Americas,Hawai,,,,,1952,11,4,,,,,,900,10894
1138,Natural,Geophysical,Earthquake,Ground movement,CRI,Costa Rica,Latin America and the Caribbean,Americas,,,,10.3,-83.5,1952,12,30,29,,,,,,
1139,Natural,Geophysical,Earthquake,Ground movement,IRN,Iran (Islamic Republic of),Southern Asia,Asia,Torud,,6.6,35.385,54.979,1953,2,12,970,,,,,,
1140,Natural,Geophysical,Earthquake,Ground movement,TUR,Türkiye,Western Asia,Asia,"Canakkale, Balikesir, Yenice, Onon",,7.3,40.175,27.648,1953,3,18,1200,,50000,,50000,3570,42892
1141,Natural,Geophysical,Earthquake,Ground movement,CHL,Chile,Latin America and the Caribbean,Americas,,,7.4,-22.1,-68.7,1953,12,6,3,15,,,15,7310,87827
1142,Natural,Geophysical,Earthquake,Ground movement,IRN,Iran (Islamic Republic of),Southern Asia,Asia,Goder,,,28.5,52.3,1953,1,16,11,,,,,,
1143,Natural,Geophysical,Earthquake,Ground movement,IRN,Iran (Islamic Republic of),Southern Asia,Asia,"Laristan, Bastak",,6.4,27.407,54.462,1956,10,31,350,,,,,,
1144,Natural,Geophysical,Earthquake,Ground movement,IRN,Iran (Islamic Republic of),Southern Asia,Asia,"Teheran, Firuzabad (Western Iran)",,6.7,34.4,47.9,1958,8,16,191,984,,,984,,
1145,Natural,Geophysical,Earthquake,Ground movement,PER,Peru,Latin America and the Caribbean,Americas,Arequipa,,7.3,-16.5,-72,1958,1,15,28,,,,,,
1146,Natural,Geophysical,Earthquake,Ground movement,USA,United States of America,Northern America,Americas,Hebgen Lake (Montana),Tsunami/Tidal wave,7.3,44.712,-111.215,1959,8,17,28,,,,,11000,121488
1147,Natural,Geophysical,Earthquake,Tsunami,CHL,Chile,Latin America and the Caribbean,Americas,"Puerto Montt, Valdivia (Arauco peninsula)",Tsunami/Tidal wave|Volcanic activity,9.5,-38.143,-73.407,1960,5,22,6000,3000,2000000,,2003000,550000,5987104
1148,Natural,Geophysical,Earthquake,Ground movement,IRN,Iran (Islamic Republic of),Southern Asia,Asia,"Dehkuyeh, Khaneh, Lar, Shagheb, Nokhriz",,6.4,27.861,54.528,1961,6,11,60,,,,,,
1149,Natural,Geophysical,Earthquake,Ground movement,ALB,Albania,Southern Europe,Europe,"Fier, Volre",,6,40.9,19.5,1962,3,18,15,154,,,154,,
1150,Natural,Geophysical,Earthquake,Ground movement,ITA,Italy,Southern Europe,Europe,Irpinia,,6.1,41.4,15.5,1962,8,21,16,,,30000,30000,,
1151,Natural,Geophysical,Earthquake,Tsunami,USA,United States of America,Northern America,Americas,"Anchorage, Chitina, Glennallen, Homer, Hope, Kasilof, Kenai, Kodiak, Moose Pass, Portage, Seldovia, Seward, Sterling, Valdez, Wasilla, Whittier (Alaska)",Tsunami/Tidal wave,9.2,60.908,-147.339,1964,3,27,131,,,,,311000,3228080
1152,Natural,Geophysical,Earthquake,Ground movement,USA,United States of America,Northern America,Americas,Seattle (Washington),,6.7,47.4,-122.3,1965,4,29,7,,,,,28000,286096
1153,Natural,Geophysical,Earthquake,Ground movement,GRC,Greece,Southern Europe,Europe,Southern,,6.2,37.7,21.8,1965,4,5,32,200,,,200,,
1154,Natural,Geophysical,Earthquake,Ground movement,SUN,Soviet Union,Eastern Europe,Europe,Tashkent (Uzbekistan),,,41.2,69.1,1966,4,26,10,,100000,,100000,300000,2975595
1155,Natural,Geophysical,Earthquake,Ground movement,PER,Peru,Latin America and the Caribbean,Americas,"Lima, Huacho, Kuaura, Chancay, Supe, San Nicolas",Tsunami/Tidal wave,8.1,-10.665,-78.228,1966,10,17,120,1500,57600,49256,108356,15000,148780
1156,Natural,Geophysical,Earthquake,Ground movement,CHL,Chile,Latin America and the Caribbean,Americas,Taltal & Catalina,,7.7,-25.494,-70.55,1966,12,28,4,6,3000,,3006,400,3967
1157,Natural,Geophysical,Earthquake,Ground movement,TUR,Türkiye,Western Asia,Asia,"Varto, Mus",,6,39.1,41.6,1966,3,7,10,,,,,,
1158,Natural,Geophysical,Earthquake,Ground movement,COL,Colombia,Latin America and the Caribbean,Americas,"Neiva (Huila deparment); Rivera, San Antonio",,7,2.849,-74.798,1967,2,9,61,200,40000,,40200,600,5791
1159,Natural,Geophysical,Earthquake,Ground movement,GRC,Greece,Southern Europe,Europe,North West Mountains,,5.9,39.5,21.2,1967,5,1,9,56,16527,,16583,5000,48255
1160,Natural,Geophysical,Earthquake,Ground movement,YUG,Yugoslavia,Southern Europe,Europe,Debar (Macedonia (FYR)),,,42,21.28,1967,11,30,7,70,16400,5400,21870,20000,193021
1161,Natural,Geophysical,Earthquake,Ground movement,ALB,Albania,Southern Europe,Europe,Shupenze (Albania-Yugo Border),,6.7,41.386,20.532,1967,11,30,11,134,,,134,20000,193021
1162,Natural,Geophysical,Earthquake,Ground movement,ITA,Italy,Southern Europe,Europe,Belice Valley (Western Sicily),,6.4,37.702,13.033,1968,1,15,224,563,55000,,55563,250000,2313917
1163,Natural,Geophysical,Earthquake,Ground movement,IRN,Iran (Islamic Republic of),Southern Asia,Asia,Khorasan province,,7.1,34.158,59.083,1968,8,31,10000,4050,75000,,79050,35000,323948
1164,Natural,Geophysical,Earthquake,Ground movement,CHN,China,Eastern Asia,Asia,"Tientsin (Swatow province), Yangjiang county (Huangdong province)",,6.4,22.317,111.8,1969,7,26,3000,,,53810,53810,,
1165,Natural,Geophysical,Earthquake,Ground movement,PER,Peru,Latin America and the Caribbean,Americas,"Huancayo, Pariach",,6.6,-11.841,-75.051,1969,10,1,150,216,3000,,3216,5000,43881
1166,Natural,Geophysical,Earthquake,Ground movement,EGY,Egypt,Northern Africa,Africa,"Beni-Souef, Al-Qahirah (Cairo)",Tsunami/Tidal wave,6.6,27.575,33.895,1969,3,31,2,16,,535,551,,
1167,Natural,Geophysical,Earthquake,Ground movement,IRN,Iran (Islamic Republic of),Southern Asia,Asia,"Karnaveh, Marev",,6.7,37.733,55.885,1970,7,30,176,,10000,,10000,8000,66337
1168,Natural,Geophysical,Earthquake,Ground movement,IND,India,Southern Asia,Asia,Broach,,5.4,21.7,73,1970,3,23,26,200,,,200,,
1169,Natural,Geophysical,Earthquake,Ground movement,PER,Peru,Latin America and the Caribbean,Americas,"Panao, Chaclla, Quero, Ayllamarca, La Linda",,5.4,-9.9,-75.6,1970,2,14,12,,,,,,
1170,Natural,Geophysical,Earthquake,Ground movement,ITA,Italy,Southern Europe,Europe,Ancona,,4.8,43.8,13.3,1972,2,4,1,,450,,450,,
1171,Natural,Geophysical,Earthquake,Ground movement,AFG,Afghanistan,Southern Asia,Asia,"Sarsangi, Narin counties (Hindu Kush region)",,6.1,36.278,69.681,1972,6,24,11,15,,,15,,
1172,Natural,Geophysical,Earthquake,Ground movement,PHL,Philippines,South-eastern Asia,Asia,"Luzon, Tablas Is., Quezon city, Calaug, Lopez, Guiayangan",,7,13.372,122.787,1973,3,17,14,64,,,64,450,3263
1173,Natural,Geophysical,Earthquake,Ground movement,CHN,China,Eastern Asia,Asia,Western Sichuan,,7.4,31.398,100.581,1973,2,6,,,,840,840,,
1174,Natural,Geophysical,Earthquake,Ground movement,USA,United States of America,Northern America,Americas,Hilo (Hawai),,6.5,19.936,-155.098,1973,4,26,,11,,,11,5750,41693
1175,Natural,Geophysical,Earthquake,Ground movement,CHN,China,Eastern Asia,Asia,"Yunnan, Sichuan",,7.1,28.4,104.1,1974,5,11,20000,,,,,,
1176,Natural,Geophysical,Earthquake,Ground movement,PAK,Pakistan,Southern Asia,Asia,"North Indus R. Valley, Balakot, Patan",Tsunami/Tidal wave,6.2,35.1,72.9,1974,12,28,4700,15000,30000,5200,50200,3255,21252
1177,Natural,Geophysical,Earthquake,Ground movement,COL,Colombia,Latin America and the Caribbean,Americas,"Bogota, Cali, Pereira",,7.3,7.747,-77.688,1974,7,12,11,,,,,,
1178,Natural,Geophysical,Earthquake,Ground movement,ISL,Iceland,Northern Europe,Europe,Kopasker,,6.4,66.157,-16.582,1976,1,13,1,6,,,6,,
1179,Natural,Geophysical,Earthquake,Ground movement,AFG,Afghanistan,Southern Asia,Asia,Shamagan province (Hindu Kush),,5.5,36.61,67.79,1976,3,19,50,,90000,,90000,,
1180,Natural,Geophysical,Earthquake,Ground movement,SUN,Soviet Union,Eastern Europe,Europe,"Gazli, Bukhara (Uzbekistan)",,7,40.381,63.472,1976,5,17,,,,,,85000,480864
1181,Natural,Geophysical,Earthquake,Ground movement,TUR,Türkiye,Western Asia,Asia,Denizli,,4.9,37.7,28.89,1976,8,19,4,50,,9000,9050,,
1182,Natural,Geophysical,Earthquake,Ground movement,ECU,Ecuador,Latin America and the Caribbean,Americas,Cotopaxi Pinchincha province,,,-0.14,-78.3,1976,10,4,10,,,20000,20000,20000,113144
1183,Natural,Geophysical,Earthquake,Ground movement,TUR,Türkiye,Western Asia,Asia,Muradiye,,7.3,39.121,44.029,1976,11,24,3840,15000,150000,51000,216000,25000,141431
1184,Natural,Geophysical,Earthquake,Ground movement,IRN,Iran (Islamic Republic of),Southern Asia,Asia,"Shahr Kord; Naghan, Ardal, Jaghdan, Dastgerd, Kordan, Sarmur",,5.9,31.98,50.68,1977,4,7,352,200,400000,,400200,,
1185,Natural,Geophysical,Earthquake,Ground movement,IDN,Indonesia,South-eastern Asia,Asia,"Sumbaya, Lombok, Sumba (Nusa Tengarra Is.)",Tsunami/Tidal wave,8.3,-11.164,118.378,1977,8,19,185,75,3900,,3975,1200,6374
1186,Natural,Geophysical,Earthquake,Ground movement,ARG,Argentina,Latin America and the Caribbean,Americas,"Cardoba, Buenos Aires, Caucete, Bragado San Juan province",,7.4,-31.028,-67.767,1977,11,23,70,100,,40000,40100,80000,424949
1187,Natural,Geophysical,Earthquake,Ground movement,IRN,Iran (Islamic Republic of),Southern Asia,Asia,Hormozgan,,5,27.69,56.57,1977,12,10,3,15,,,15,,
1188,Natural,Geophysical,Earthquake,Ground movement,JPN,Japan,Eastern Asia,Asia,Sendai (Near Esat coast of Honshu),,7.7,38.19,142.028,1978,6,12,28,500,2000,,2500,865000,4268993
1189,Natural,Geophysical,Earthquake,Ground movement,IRN,Iran (Islamic Republic of),Southern Asia,Asia,"Meshed, Bonzanabad (Khorasan province)",,6.7,33.897,59.472,1979,1,16,199,200,5000,,5200,,
1190,Natural,Geophysical,Earthquake,Ground movement,PER,Peru,Latin America and the Caribbean,Americas,Arequipa,,6.9,-16.39,-72.658,1979,2,16,13,1000,,100,1100,,
1191,Natural,Geophysical,Earthquake,Ground movement,MEX,Mexico,Latin America and the Caribbean,Americas,"Guerrero, Acapulco, Gudalajara, Monterrey, Puebla (Mexico city, south area)",,7.6,17.813,-101.276,1979,3,14,5,35,7500,,7535,30000,133080
1192,Natural,Geophysical,Earthquake,Ground movement,YUG,Yugoslavia,Southern Europe,Europe,Montenegro,Tsunami/Tidal wave,6.9,42.096,19.209,1979,4,15,121,100,300000,10000,310100,450000,1996201
1193,Natural,Geophysical,Earthquake,Ground movement,YUG,Yugoslavia,Southern Europe,Europe,Kotor-Ulcinj area (South Adriatic coast) (Montenegro); Debar (Macedonia),,6.2,42.255,18.752,1979,5,24,,80,,,80,,
1194,Natural,Geophysical,Earthquake,Ground movement,CHN,China,Eastern Asia,Asia,Lyang area (Jiangsu province),,5.4,31.452,119.241,1979,7,9,42,2987,,569545,572532,,
1195,Natural,Geophysical,Earthquake,Ground movement,IDN,Indonesia,South-eastern Asia,Asia,West Java,,6.1,-7.656,108.252,1979,11,2,26,200,43000,,43200,16000,70976
1196,Natural,Geophysical,Earthquake,Ground movement,COL,Colombia,Latin America and the Caribbean,Americas,Manizales-Armenia area,,6.7,4.805,-76.217,1979,11,23,60,600,,,600,20000,88720
1197,Natural,Geophysical,Earthquake,Ground movement,IRN,Iran (Islamic Republic of),Southern Asia,Asia,Khorasan province,,7.1,33.962,59.726,1979,11,27,16,23,,,23,,
1198,Natural,Geophysical,Earthquake,Ground movement,IDN,Indonesia,South-eastern Asia,Asia,Bengkulu area (South Sumatra),,6.6,-3.299,102.712,1979,12,15,5,,1500,,1500,,
1199,Natural,Geophysical,Earthquake,Ground movement,IDN,Indonesia,South-eastern Asia,Asia,"Bali, Lombok",,6.3,-8.39,115.889,1979,12,18,32,619,,,619,,
1200,Natural,Geophysical,Earthquake,Ground movement,IDN,Indonesia,South-eastern Asia,Asia,Ternate (Moluccas),,,,,1980,9,5,,,20000,,20000,,
1201,Natural,Geophysical,Earthquake,Ground movement,IDN,Indonesia,South-eastern Asia,Asia,Solo Valley (Irian Jaya),"Slide (land, mud, snow, rock)",6.8,-4.576,139.232,1981,1,19,306,,2682,,2682,5000,17704
1202,Natural,Geophysical,Earthquake,Ground movement,PER,Peru,Latin America and the Caribbean,Americas,"Ayacucho, Huancavelica",,5.2,-13.166,-74.522,1981,6,22,10,100,12156,,12256,,
1203,Natural,Geophysical,Earthquake,Ground movement,MEX,Mexico,Latin America and the Caribbean,Americas,"Mexico city, Michoacan",,7.3,18.048,-102.084,1981,10,24,3,28,,,28,,
1204,Natural,Geophysical,Earthquake,Ground movement,IDN,Indonesia,South-eastern Asia,Asia,Sukabumi (Java),Tsunami/Tidal wave,5.4,4.374,97.755,1982,2,24,,,15000,,15000,3500,11677
1205,Natural,Geophysical,Earthquake,Ground movement,ITA,Italy,Southern Europe,Europe,"Avellino, Potenza",,,,,1982,3,21,,,1000,,1000,,
1206,Natural,Geophysical,Earthquake,Ground movement,SLV,El Salvador,Latin America and the Caribbean,Americas,San Salvador,"Slide (land, mud, snow, rock)",7.3,13.332,-89.387,1982,6,19,20,,30000,2500,32500,5000,16681
1207,Natural,Geophysical,Earthquake,Ground movement,ALB,Albania,Southern Europe,Europe,"Lushnje, Bier, Berat",,5.5,40.883,19.59,1982,11,16,1,5,,5000,5005,5000,16681
1208,Natural,Geophysical,Earthquake,Ground movement,PHL,Philippines,South-eastern Asia,Asia,Ilocos Norte,"Slide (land, mud, snow, rock)|Tsunami/Tidal wave",6.5,18.231,120.86,1983,8,18,19,176,1725,,1901,2227,7198
1209,Natural,Geophysical,Earthquake,Ground movement,BEL,Belgium,Western Europe,Europe,Seraing (Liège),,5,50.37,5.31,1983,11,8,2,30,1000,,1030,50000,161618
1210,Natural,Geophysical,Earthquake,Ground movement,GRC,Greece,Southern Europe,Europe,Vonitsa area,,6.2,38.294,20.262,1983,3,24,,7,480,,487,,
1211,Natural,Geophysical,Earthquake,Ground movement,USA,United States of America,Northern America,Americas,Coalinga area (Central California),,5.2,36.219,-120.317,1983,5,2,,45,1500,,1545,31000,100203
1212,Natural,Geophysical,Earthquake,Ground movement,IRN,Iran (Islamic Republic of),Southern Asia,Asia,Zanjan (Western Region),,5.5,36.948,49.18,1983,7,22,3,41,,375,416,5000,16162
1213,Natural,Geophysical,Earthquake,Ground movement,JPN,Japan,Eastern Asia,Asia,Near South coast Honshu,"Slide (land, mud, snow, rock)",5.3,35.5,139.07,1983,8,8,1,28,,,28,,
1214,Natural,Geophysical,Earthquake,Ground movement,ITA,Italy,Southern Europe,Europe,"Mt. Etna, Catania (Sicily)",,,37.31,15.06,1984,10,20,1,2,,300,302,,
1215,Natural,Geophysical,Earthquake,Ground movement,CHN,China,Eastern Asia,Asia,Yunnan province,,5.8,25.926,102.871,1985,4,18,22,300,,,300,,
1216,Natural,Geophysical,Earthquake,Ground movement,SUN,Soviet Union,Eastern Europe,Europe,"Dushanbe, Kurgan-Tyube areas",,7.4,36.19,70.896,1985,7,29,,,,,,,
1217,Natural,Geophysical,Earthquake,Ground movement,MEX,Mexico,Latin America and the Caribbean,Americas,"Mexico city, Michoacan, Jalisco",,8,18.19,-102.533,1985,9,19,9500,30204,2000000,100000,2130204,4104000,12283118
1218,Natural,Geophysical,Earthquake,Ground movement,PHL,Philippines,South-eastern Asia,Asia,Mindanao,,6.5,7.758,123.544,1985,3,19,2,25,150,,175,,
1219,Natural,Geophysical,Earthquake,Ground movement,DZA,Algeria,Northern Africa,Africa,Constantine-Skikda area,,5.9,36.46,6.791,1985,10,27,30,,,,,1000,2993
1220,Natural,Geophysical,Earthquake,Ground movement,GRC,Greece,Southern Europe,Europe,Kalamata (Southwestern Peloppinos),,5.6,37.02,22.07,1986,9,13,20,300,45000,,45300,745000,2188223
1221,Natural,Geophysical,Earthquake,Ground movement,BRA,Brazil,Latin America and the Caribbean,Americas,"Joao Camara, Pobo Branco",,5.3,-3.58,-62.42,1986,11,30,1,,15000,8000,23000,5000,14686
1222,Natural,Geophysical,Earthquake,Ground movement,CHN,China,Eastern Asia,Asia,"Ombu area, Tibet",,5.9,31.24,86.847,1986,6,20,,,,290,290,,
1223,Natural,Geophysical,Earthquake,Ground movement,USA,United States of America,Northern America,Americas,Newport Beach-San Diego area,,5.6,32.978,-117.858,1986,7,13,,29,150,,179,720,2115
1224,Natural,Geophysical,Earthquake,Ground movement,IRN,Iran (Islamic Republic of),Southern Asia,Asia,Mamasani area,,5.5,29.985,51.623,1986,12,20,,,400,,400,,
1225,Natural,Geophysical,Earthquake,Ground movement,ECU,Ecuador,Latin America and the Caribbean,Americas,"Carchi, Imbabura, Pastaza, Napo provinces","Slide (land, mud, snow, rock)",7.2,0.151,-77.785,1987,3,5,5000,,,150000,150000,1500000,4250072
1226,Natural,Geophysical,Earthquake,Ground movement,IDN,Indonesia,South-eastern Asia,Asia,Tarutung (North Sumatra),,6.4,2.244,98.866,1987,4,26,2,1,15000,,15001,,
1227,Natural,Geophysical,Earthquake,Ground movement,CHL,Chile,Latin America and the Caribbean,Americas,"Arica, Iquique several small Andean towns","Slide (land, mud, snow, rock)",7.2,-19.022,-69.991,1987,8,8,5,112,,5000,5112,1000,2833
1228,Natural,Geophysical,Earthquake,Ground movement,ECU,Ecuador,Latin America and the Caribbean,Americas,Ambato (Tungurahua province),"Slide (land, mud, snow, rock)",6.4,-0.978,-78.05,1987,9,22,2,6,,,6,,
1229,Natural,Geophysical,Earthquake,Ground movement,USA,United States of America,Northern America,Americas,Los Angeles-Whittier (California),,5.9,34.061,-118.079,1987,10,1,8,,2200,,2200,213000,603510
1230,Natural,Geophysical,Earthquake,Ground movement,MEX,Mexico,Latin America and the Caribbean,Americas,Mexicali,,6.6,33.015,-115.852,1987,11,24,2,50,3000,,3050,,
1231,Natural,Geophysical,Earthquake,Ground movement,DZA,Algeria,Northern Africa,Africa,"Wilaya de Chle, Wilaya de Tissemsilt, Daira de Bordj Bou Naama, Larbaa",,4.3,35.964,1.374,1987,1,26,1,7,3145,,3152,1000,2833
1232,Natural,Geophysical,Earthquake,Ground movement,IRN,Iran (Islamic Republic of),Southern Asia,Asia,"Mamasani, Bushehr, Nurabad areas",,6.1,29.974,51.679,1988,8,11,1,,10000,,10000,,
1233,Natural,Geophysical,Earthquake,Ground movement,GTM,Guatemala,Latin America and the Caribbean,Americas,South,"Slide (land, mud, snow, rock)",6.6,13.881,-90.45,1988,11,3,5,,500,,500,,
1234,Natural,Geophysical,Earthquake,Ground movement,BGD,Bangladesh,Southern Asia,Asia,Syhlet,,5.8,24.688,91.57,1988,2,6,2,100,,,100,,
1235,Natural,Geophysical,Earthquake,Ground movement,UGA,Uganda,Sub-Saharan Africa,Africa,"West Nile, Arura",Flood,,3.02,30.56,1988,8,8,,,2000,,2000,,
1236,Natural,Geophysical,Earthquake,Ground movement,IND,India,Southern Asia,Asia,"Dharbhanga, Madhubani, Saharsa, Munger, Khagana, Bihar Sharie (Bihar State)",,6.9,26.755,86.616,1988,8,21,382,3766,20000000,,20003766,71500,194649
1237,Natural,Geophysical,Earthquake,Ground movement,NPL,Nepal,Southern Asia,Asia,"Daharam, Dhankuta, Terathum, Panchthar, Ilam, Morang, Bhaktapur",,6.7,26.755,86.616,1988,8,20,709,1016,300000,,301016,60000,163342
1238,Natural,Geophysical,Earthquake,Ground movement,VEN,Venezuela (Bolivarian Republic of),Latin America and the Caribbean,Americas,"FALCON, CARABOBO, CARACAS, Tucacas area",,5.2,11.038,-68.27,1989,5,4,,,,2000,2000,,
1239,Natural,Geophysical,Earthquake,Ground movement,MEX,Mexico,Latin America and the Caribbean,Americas,Near coast of Guerrero,,6.9,16.773,-99.328,1989,4,25,3,350,,,350,,
1240,Natural,Geophysical,Earthquake,Ground movement,IRN,Iran (Islamic Republic of),Southern Asia,Asia,"Fars,Yasuj, Kohkiluyeh-Boyer Ahmad provinces",,5.8,30.167,50.921,1989,5,27,100,17,,200,217,,
1241,Natural,Geophysical,Earthquake,Ground movement,IDN,Indonesia,South-eastern Asia,Asia,"Irian Jaya, Jayawijaya districts","Slide (land, mud, snow, rock)",6.3,-4.511,139.022,1989,8,1,120,196,17000,,17196,,
1242,Natural,Geophysical,Earthquake,Ground movement,USA,United States of America,Northern America,Americas,"San Francisco, Oakland, San Mateo, Santa Clara, San Jose, Santa Cruz, Berkeley, Holister, Silicon Valley (California)",,6.9,37.036,-121.88,1989,10,18,62,3757,,,3757,5600000,14543269
1243,Natural,Geophysical,Earthquake,Ground movement,CHN,China,Eastern Asia,Asia,"Gengma, Lancang, Menglian (Yunnan province)",,5.6,23.553,99.526,1989,5,7,1,91,,26500,26591,54000,140239
1244,Natural,Geophysical,Earthquake,Ground movement,IDN,Indonesia,South-eastern Asia,Asia,Alor (Timor),,6.2,-8.081,125.129,1989,7,14,,7,190,,197,,
1245,Natural,Geophysical,Earthquake,Ground movement,PER,Peru,Latin America and the Caribbean,Americas,Moyoyamba (San Martin) Amazon,Volcanic activity,6.6,-6.016,-77.229,1990,5,29,200,800,70000,30000,100800,1000,2464
1246,Natural,Geophysical,Earthquake,Ground movement,IRN,Iran (Islamic Republic of),Southern Asia,Asia,"Rasht, Astara, Zanjan, Ghazvin, Tabriz, Ardebil, Khalkhal, Miane, Meshinsharhr, Langroud, Somesara, Rudbar, Talesh, Tarom-e-Olya, Manjil, Loushan (Gilan, Zanjan provinces)","Slide (land, mud, snow, rock)",7.3,36.961,49.414,1990,6,21,40000,105000,500000,105000,710000,8000000,19712053
1247,Natural,Geophysical,Earthquake,Ground movement,PHL,Philippines,South-eastern Asia,Asia,"Cabanatuan, Baguio, Dagupon (Luzon Isl.)","Slide (land, mud, snow, rock)",7.7,15.658,121.227,1990,7,16,2412,3513,1594040,,1597553,369600,910697
1248,Natural,Geophysical,Earthquake,Ground movement,FJI,Fiji,Melanesia,Oceania,South of Fiji Islands,,7.4,-22.122,175.163,1990,3,3,,,,,,,
1249,Natural,Geophysical,Earthquake,Ground movement,PAK,Pakistan,Southern Asia,Asia,Kalat Area,,6.1,28.925,66.331,1990,3,4,11,40,,,40,1000,2464
1250,Natural,Geophysical,Earthquake,Ground movement,NIC,Nicaragua,Latin America and the Caribbean,Americas,"Rivas, Managua",,6.4,11.426,-86.301,1990,4,3,,,,,,,
1251,Natural,Geophysical,Earthquake,Ground movement,VUT,Vanuatu,Melanesia,Oceania,Espiritu Santo,,6.8,-15.319,167.396,1990,7,27,,2,,,2,,
1252,Natural,Geophysical,Earthquake,Ground movement,MMR,Myanmar,South-eastern Asia,Asia,Thabeikkyin area,,7.2,23.5,96.3,1991,1,5,,,160,,160,,
1253,Natural,Geophysical,Earthquake,Ground movement,PAK,Pakistan,Southern Asia,Asia,"Malakand, Chitral, Peshawar area",,6.4,38.993,70.423,1991,1,31,300,574,174755,29465,204794,10000,23639
1254,Natural,Geophysical,Earthquake,Ground movement,SUN,Soviet Union,Eastern Europe,Europe,Khorog area (Tajikistan),"Slide (land, mud, snow, rock)",6.8,35.883,70.423,1991,1,31,3,,,,,,
1255,Natural,Geophysical,Earthquake,Ground movement,CHN,China,Eastern Asia,Asia,"Yanggao, Hunyuan, Guangling, Tianzhen, Datong Counties (Shanxi province, Yangyuan, Yuxian Counties (Hebei province)",,5.8,39.8,173.9,1991,3,26,1,542,240000,,240542,,
1256,Natural,Geophysical,Earthquake,Ground movement,CRI,Costa Rica,Latin America and the Caribbean,Americas,"Bribri, Matina, Bataan, Sixaola, 28 Millas, Estrella Valley (Limon province)",Tsunami/Tidal wave,6.3,9.685,-83.073,1991,4,22,47,199,6320,3900,10419,100000,236390
1257,Natural,Geophysical,Earthquake,Ground movement,SUN,Soviet Union,Eastern Europe,Europe,"Kutaisi, Dahava, Kraisi, Oni, Ambrolauri, Sachkhere, Chiatura (Georgia)","Flood|Slide (land, mud, snow, rock)",6.9,42.15,42.44,1991,4,29,270,1500,90000,160000,251500,1700000,4018623
1258,Natural,Geophysical,Earthquake,Ground movement,USA,United States of America,Northern America,Americas,Pasadena area (California),,5.8,34.1,-118.09,1991,6,28,2,100,,,100,33500,79191
1259,Natural,Geophysical,Earthquake,Ground movement,ROU,Romania,Eastern Europe,Europe,Orosova area,"Slide (land, mud, snow, rock)",5.7,44.888,22.407,1991,7,18,,,1845,,1845,,
1260,Natural,Geophysical,Earthquake,Ground movement,DZA,Algeria,Northern Africa,Africa,Ain-Defla,,5,36.5,3,1992,1,19,,,2250,,2250,,
1261,Natural,Geophysical,Earthquake,Ground movement,TUR,Türkiye,Western Asia,Asia,Erzican province,"Slide (land, mud, snow, rock)",6.8,39.71,39.605,1992,3,13,653,3850,250000,95000,348850,750000,1720802
1262,Natural,Geophysical,Earthquake,Ground movement,PAK,Pakistan,Southern Asia,Asia,Quetta,,5.7,29.3,66.7,1992,8,28,4,,200,,200,,
1263,Natural,Geophysical,Earthquake,Ground movement,NIC,Nicaragua,Latin America and the Caribbean,Americas,"San Martin, San Juan Del Sur, Huehuete, Casares, La Boquita, Poneloya, Corinto, Masachapa, Pochomil",Tsunami/Tidal wave,7,11.742,-87.34,1992,9,1,179,489,5690,,6179,25000,57360
1264,Natural,Geophysical,Earthquake,Ground movement,BEL,Belgium,Western Europe,Europe,,,5.5,51.153,5.798,1992,4,13,,,,,,100000,229440
1265,Natural,Geophysical,Earthquake,Ground movement,NLD,Netherlands (Kingdom of the),Western Europe,Europe,Roermond,,5.5,51.153,5.798,1992,4,13,,20,,,20,,
1266,Natural,Geophysical,Earthquake,Ground movement,USA,United States of America,Northern America,Americas,"Ferndale, Fortuna and Petrolia areas (North California)",,6.9,40.415,-124.603,1992,4,25,,94,,,94,75000,172080
1267,Natural,Geophysical,Earthquake,Ground movement,COL,Colombia,Latin America and the Caribbean,Americas,"(1) Murindo, Vigia del Fuerte, Gedeza, Bellaluz, Bebaremeno, Bellavista (Antioquia and Choco Province), (2) Murindo Apartado Medellin area, (3) San Pedro de Uraba",Volcanic activity,6.6,7.123,7,1992,10,17,11,135,,1500,1635,,
1268,Natural,Geophysical,Earthquake,Ground movement,IRN,Iran (Islamic Republic of),Southern Asia,Asia,Lordegan-Aradal area,"Slide (land, mud, snow, rock)",4.9,31.726,50.778,1992,3,4,5,50,,4000,4050,,
1269,Natural,Geophysical,Earthquake,Ground movement,USA,United States of America,Northern America,Americas,Landers California,,7.4,34,-118.15,1992,6,28,1,300,,,300,100000,229440
1270,Natural,Geophysical,Earthquake,Ground movement,USA,United States of America,Northern America,Americas,South California,,6.2,33.961,-116.32,1992,4,22,,32,,,32,100000,229440
1271,Natural,Geophysical,Earthquake,Ground movement,IRN,Iran (Islamic Republic of),Southern Asia,Asia,Gachsaran-Dogonbadan,,5.6,30.149,50.814,1993,6,22,24,49,4000,,4049,,
1272,Natural,Geophysical,Earthquake,Ground movement,PNG,Papua New Guinea,Melanesia,Oceania,Goroka,"Slide (land, mud, snow, rock)",7.2,-5.889,146.202,1993,10,13,53,200,10000,10000,20200,5000,11143
1273,Natural,Geophysical,Earthquake,Ground movement,PER,Peru,Latin America and the Caribbean,Americas,Lima region,"Slide (land, mud, snow, rock)",5.6,-11.652,-76.53,1993,4,18,6,25,120,,145,,
1274,Natural,Geophysical,Earthquake,Ground movement,CRI,Costa Rica,Latin America and the Caribbean,Americas,"Cartago, Turrialba",,4.4,9.59,-84.04,1993,7,10,3,40,200,,240,,
1275,Natural,Geophysical,Earthquake,Ground movement,COL,Colombia,Latin America and the Caribbean,Americas,"Arauca, Puerto Rondon, Puerto Colombia",,6.1,6.47,-71.21,1993,7,22,2,60,3011,,3071,,
1276,Natural,Geophysical,Earthquake,Ground movement,IRN,Iran (Islamic Republic of),Southern Asia,Asia,Sefid Abeh (Sistan Region),,6.1,30.853,60.596,1994,2,23,9,,1500,,1500,1400,3041
1277,Natural,Geophysical,Earthquake,Ground movement,UGA,Uganda,Sub-Saharan Africa,Africa,"Port Portal, Kabarole, Bund Ibugyo, Kases districts","Slide (land, mud, snow, rock)",6.2,0.593,30.037,1994,2,6,7,,50000,,50000,70000,152039
1278,Natural,Geophysical,Earthquake,Ground movement,COL,Colombia,Latin America and the Caribbean,Americas,"Toez, Irlanda, Belalcazar, Mosoco, Monte Cruz, La Cruz, San Jose Cabuya (Cauca Department and Huila Department)","Slide (land, mud, snow, rock)",6.4,30,-76.2,1994,6,6,271,158,12461,24797,37416,2400,5213
1279,Natural,Geophysical,Earthquake,Ground movement,IRN,Iran (Islamic Republic of),Southern Asia,Asia,Shiraz (Fars province),"Slide (land, mud, snow, rock)",6,29.21,52.5,1994,6,20,2,100,,,100,,
1280,Natural,Geophysical,Earthquake,Ground movement,DZA,Algeria,Northern Africa,Africa,Mascara province,,5.6,35.52,-0.12,1994,8,18,171,289,12500,,12789,,
1281,Natural,Geophysical,Earthquake,Ground movement,CHN,China,Eastern Asia,Asia,"Fujian, Guandong provinces (China) Peng-hu (Taiwan)",,6.8,22.52,118.7,1994,9,15,1,500,,,500,,
1282,Natural,Geophysical,Earthquake,Ground movement,IDN,Indonesia,South-eastern Asia,Asia,North Maluku (Obi Isl.),Tsunami/Tidal wave,6.3,-1.14,128.5,1994,10,9,1,52,2385,,2437,,
1283,Natural,Geophysical,Earthquake,Ground movement,PHL,Philippines,South-eastern Asia,Asia,"Mindoro, Luzon",,7.1,13.352,121.087,1994,11,15,81,171,266710,3985,270866,3700,8036
1284,Natural,Geophysical,Earthquake,Ground movement,COL,Colombia,Latin America and the Caribbean,Americas,Pereira,,6.4,4.1,-76.6,1995,2,8,40,230,11867,3000,15097,,
1285,Natural,Geophysical,Earthquake,Ground movement,IDN,Indonesia,South-eastern Asia,Asia,"Dili, Maliana, Mauraba (East Timor)","Slide (land, mud, snow, rock)|Tsunami/Tidal wave",6.8,40.1,21.6,1995,5,14,15,26,150,,176,,
1286,Natural,Geophysical,Earthquake,Ground movement,MMR,Myanmar,South-eastern Asia,Asia,Shan state,,7.1,21.966,99.196,1995,7,12,,,,,,,
1287,Natural,Geophysical,Earthquake,Ground movement,TUR,Türkiye,Western Asia,Asia,"Dinar, Evciler",,6.1,38,30.1,1995,10,1,94,240,120000,40000,160240,205800,434797
1288,Natural,Geophysical,Earthquake,Ground movement,CHN,China,Eastern Asia,Asia,Ganzu,,5.6,36.443,103.105,1995,7,21,14,60,,5000,5060,,
1289,Natural,Geophysical,Earthquake,Ground movement,AFG,Afghanistan,Southern Asia,Asia,"Pakhalsoz, Dar-E-Zand, Qala-E-Khwaja (Maimana, Faryab Province)",,,36,65,1996,1,31,,,2500,750,3250,,
1290,Natural,Geophysical,Earthquake,Ground movement,GRC,Greece,Southern Europe,Europe,Konitsa,,5.6,40.03,20.45,1996,8,6,,,1500,,1500,,
1291,Natural,Geophysical,Earthquake,Ground movement,PER,Peru,Latin America and the Caribbean,Americas,"Ica, Palpa, Nazca, Caraveli, Lucanas, Huancavelica provinces",,7.3,-14.9,-75.7,1996,11,12,14,585,55355,20030,75970,,
1292,Natural,Geophysical,Earthquake,Ground movement,KGZ,Kyrgyzstan,Central Asia,Asia,Ak-Tala district (Naryn region),,7,41.4,74.2,1997,1,9,,,1200,30,1230,2000,4011
1293,Natural,Geophysical,Earthquake,Ground movement,TTO,Trinidad and Tobago,Latin America and the Caribbean,Americas,Near Trinidad,,6.5,11.112,-60.892,1997,4,22,,2,,15,17,25000,50142
1294,Natural,Geophysical,Earthquake,Ground movement,MEX,Mexico,Latin America and the Caribbean,Americas,Arteaga area (Michoacan),,7.3,17.31,-101.16,1997,1,12,1,,5000,,5000,,
1295,Natural,Geophysical,Earthquake,Ground movement,MEX,Mexico,Latin America and the Caribbean,Americas,"Arteaga, Patzcuaro, Michoacan",,5.9,18,-102.5,1997,5,22,,,12000,,12000,,
1296,Natural,Geophysical,Earthquake,Ground movement,IDN,Indonesia,South-eastern Asia,Asia,Parepare (city) Level 1 = Sulawesi Selatan,,6,-4,119.4,1997,9,28,20,300,2805,,3105,1100,2206
1297,Natural,Geophysical,Earthquake,Ground movement,ARM,Armenia,Western Asia,Asia,"Noyemberyan city (Noemberjan district, Tavush province)",,4.2,41.101,45.14,1997,7,18,,,15000,,15000,33333,66855
1298,Natural,Geophysical,Earthquake,Ground movement,ZAF,South Africa,Sub-Saharan Africa,Africa,Near Stilfontein,,5,-26.857,26.619,1997,7,21,15,46,,,46,,
1299,Natural,Geophysical,Earthquake,Ground movement,ITA,Italy,Southern Europe,Europe,Gualdo Tadino-Nocera Umbra area (Central),,5.2,43.164,12.701,1998,4,3,,5,900,,905,,
1300,Natural,Geophysical,Earthquake,Ground movement,TUR,Türkiye,Western Asia,Asia,"Geyhan, Adana area",,5.1,36.874,35.321,1998,7,4,,1016,,,1016,,
1301,Natural,Geophysical,Earthquake,Ground movement,CHN,China,Eastern Asia,Asia,"Huaping, Lijiang, Ninglang, Yongcheng counties (Shichuan province)","Slide (land, mud, snow, rock)",5.6,27.308,101.029,1998,11,19,3,1543,312300,23600,337443,70000,138251
1302,Natural,Geophysical,Earthquake,Ground movement,CHN,China,Eastern Asia,Asia,Xinjiang,,5.6,37.388,78.843,1998,5,28,,28,15000,10000,25028,,
1303,Natural,Geophysical,Earthquake,Ground movement,MEX,Mexico,Latin America and the Caribbean,Americas,"West Puebla, Oaxaca State","Slide (land, mud, snow, rock)",6.5,18.386,-97.436,1999,6,15,15,200,16000,,16200,226800,438341
1304,Natural,Geophysical,Earthquake,Ground movement,TUR,Türkiye,Western Asia,Asia,"Izmit, Kocaeli, Yalova, Golcuk, Zonguldak, Sakarya, Tekirdag, Istanbul, Bursa, Eskisehir, Bolu",,7.6,40.748,29.864,1999,8,17,17127,43953,715000,600000,1358953,20000000,38654416
1305,Natural,Geophysical,Earthquake,Ground movement,TWN,Taiwan (Province of China),Eastern Asia,Asia,"Nantou, Taichung County","Slide (land, mud, snow, rock)",7.7,23.772,120.982,1999,9,21,2264,8664,,100000,108664,14100000,27251363
1306,Natural,Geophysical,Earthquake,Ground movement,MEX,Mexico,Latin America and the Caribbean,Americas,"Coahuytla, Michoacan, Cuitzeo (Guerrero)",,6.3,18.324,-101.539,1999,6,21,,,6500,,6500,,
1307,Natural,Geophysical,Earthquake,Ground movement,TUR,Türkiye,Western Asia,Asia,Izmit,,5.2,40.711,29.949,1999,8,31,1,166,,,166,,
1308,Natural,Geophysical,Earthquake,Ground movement,TWN,Taiwan (Province of China),Eastern Asia,Asia,Chiayi City (municipality) - Jiayi Province,,5.9,23.445,120.506,1999,10,22,1,254,,,254,800,1546
1309,Natural,Geophysical,Earthquake,Ground movement,TUR,Türkiye,Western Asia,Asia,Sakarya Province,,7.2,40.758,31.161,1999,11,11,3,200,,,200,,
1310,Natural,Geophysical,Earthquake,Ground movement,CHN,China,Eastern Asia,Asia,"Between Xiuyan and Haicheng (Sanjianfang, Liaoning province)",,5,40.459,122.889,1999,11,29,,,800,,800,,
1311,Natural,Geophysical,Earthquake,Ground movement,IRN,Iran (Islamic Republic of),Southern Asia,Asia,"Ali-Abad, Level 1 = Mazandaran; Gorgan",,5.3,36.92,54.9,1999,11,26,,,250,,250,,
1312,Natural,Geophysical,Earthquake,Ground movement,IDN,Indonesia,South-eastern Asia,Asia,"Totikum, Tinangkung, Liang villages (Banggai Kepulauan district, Sulawesi Tengah province), Banggai district (Sulawesi Tengah province)",Tsunami/Tidal wave,7.6,-1.105,123.573,2000,5,4,45,270,,52500,52770,30000,56088
1313,Natural,Geophysical,Earthquake,Ground movement,GRC,Greece,Southern Europe,Europe,"Michalitsi, Mitikas (Artis District, Ipeiros province), Flampoura, Kanali, Pantokratos villages (Prevezis district, Ipeiros province)",,5.6,38.922,20.64,2000,5,26,,,600,,600,,
1314,Natural,Geophysical,Earthquake,Ground movement,ISL,Iceland,Northern Europe,Europe,Hella city (Rangarvalla province),,6.5,63.966,-20.487,2000,6,17,,1,57,33,91,12000,22435
1315,Natural,Geophysical,Earthquake,Ground movement,RUS,Russian Federation,Eastern Europe,Europe,Ougklegorsk region (Sakhalinskaya Oblast Province),"Slide (land, mud, snow, rock)",6.8,48.786,142.246,2000,8,4,,8,,19100,19108,920,1720
1316,Natural,Geophysical,Earthquake,Ground movement,USA,United States of America,Northern America,Americas,"Near Yountville city (Napa district, California province)",,4.9,38.3788333,-122.4133333,2000,9,3,,70,25000,104,25174,50000,93479
1317,Natural,Geophysical,Earthquake,Ground movement,PNG,Papua New Guinea,Melanesia,Oceania,"Duke of York island (Kokopo district, East New Britain province), New Ireland, Northern Solomons provinces",Tsunami/Tidal wave,8,-3.98,152.169,2000,11,16,2,,,5000,5000,,
1318,Natural,Geophysical,Earthquake,Ground movement,JPN,Japan,Eastern Asia,Asia,"Hirosima, Ehime provinces",,6.8,34.083,132.526,2001,3,24,2,161,11100,,11261,500000,909101
1319,Natural,Geophysical,Earthquake,Ground movement,CHN,China,Eastern Asia,Asia,"Shidian area (Baoshan district, Yunnan Sheng province)","Slide (land, mud, snow, rock)",5.6,24.768,99.061,2001,4,12,2,190,150000,,150190,31000,56364
1320,Natural,Geophysical,Earthquake,Ground movement,AFG,Afghanistan,Southern Asia,Asia,"Panjsher, Parwan, Kapisa provinces",,5,35.169,69.389,2001,6,1,4,20,,250,270,,
1321,Natural,Geophysical,Earthquake,Ground movement,TUR,Türkiye,Western Asia,Asia,Osmaniye province,,5.5,37.238,36.206,2001,6,25,,130,350,,480,,
1322,Natural,Geophysical,Earthquake,Ground movement,PER,Peru,Latin America and the Caribbean,Americas,"Pucuncho city (Cayarani municipality, Condesuyos district, Arequipa province) ; Chuquibamba municipality (Condesuyos district, Arequipa province)",,5.8,-15.35,-72.516,2001,12,4,2,5,150,,155,,
1323,Natural,Geophysical,Earthquake,Ground movement,VUT,Vanuatu,Melanesia,Oceania,Port Vila city (Shefa province),"Slide (land, mud, snow, rock)",7.2,-17.6,167.856,2002,1,3,,,500,,500,,
1324,Natural,Geophysical,Earthquake,Ground movement,TUR,Türkiye,Western Asia,Asia,Bolvadin district (Afyon province),,6.5,38.573,31.271,2002,2,3,42,327,222000,30000,252327,95000,170032
1325,Natural,Geophysical,Earthquake,Ground movement,AFG,Afghanistan,Southern Asia,Asia,"Hindu Kush montain (Wakhan district, Badakhshan province), Souchi Bala Payan, Yawan villages (Yawan district, Badakhshan province), Souch village (Jorm district, Badakhshan province), Jurm, Malang Ab villages (Baharak district, Badakhshan province), Rostaq district (Takhar province), Kabul district (Kabul province), Khuram Wa Sarbagh, Aybak districts (Samagan province)","Slide (land, mud, snow, rock)",6.3,36.429,70.438,2002,3,3,150,13,3500,,3513,,
1326,Natural,Geophysical,Earthquake,Ground movement,TJK,Tajikistan,Central Asia,Asia,Badakhshoni Kuni province,,6.3,36.429,70.438,2002,3,3,,,,500,500,,
1327,Natural,Geophysical,Earthquake,Ground movement,AFG,Afghanistan,Southern Asia,Asia,"Dawabi, Khojakeder villages (Nahrin district, Baghlan province)","Slide (land, mud, snow, rock)",5.9,35.959,69.417,2002,4,12,50,150,6000,,6150,,
1328,Natural,Geophysical,Earthquake,Ground movement,IRN,Iran (Islamic Republic of),Southern Asia,Asia,"Behabad village (Sonqor district, Kermanshah province) Dinvar village (Sahneh district, Kermanshah province)",,5.4,34.642,47.4,2002,4,24,2,56,20000,,20056,,
1329,Natural,Geophysical,Earthquake,Ground movement,GEO,Georgia,Western Asia,Asia,Tbilissi district (Tbilisi province),"Slide (land, mud, snow, rock)",4.8,41.765,44.96,2002,4,25,6,70,18000,1086,19156,350000,626435
1330,Natural,Geophysical,Earthquake,Ground movement,EGY,Egypt,Northern Africa,Africa,Cairo province,,4.4,30.2,31.41,2002,8,24,,,250,,250,,
1331,Natural,Geophysical,Earthquake,Ground movement,VUT,Vanuatu,Melanesia,Oceania,Merelava island (Torba province),"Slide (land, mud, snow, rock)",5.9,-14.49,167.827,2002,11,27,,3,500,,503,,
1332,Natural,Geophysical,Earthquake,Ground movement,IRN,Iran (Islamic Republic of),Southern Asia,Asia,Kermanshah province,,5.2,34.594,47.454,2002,12,24,,15,15000,,15015,,
1333,Natural,Geophysical,Earthquake,Ground movement,IDN,Indonesia,South-eastern Asia,Asia,"Ransiki village (Manokwari district, Papua Barat province)",,6.4,-1.68,134.234,2002,9,20,,,155,,155,,
1334,Natural,Geophysical,Earthquake,Ground movement,IRN,Iran (Islamic Republic of),Southern Asia,Asia,"Nourabad area (Shiraz district, Fars province), Kazerun district (Fars province)",,5.2,29.59,51.474,2003,1,11,,80,6750,3250,10080,,
1335,Natural,Geophysical,Earthquake,Ground movement,DZA,Algeria,Northern Africa,Africa,"Thenia, Zemmouri, Boumerdes, Dellys, Khemis El Khechna, Bordj Menaiel, Isser districts (Boumerdes province), Reghaia, Rouiba, Bab El Oued, Alger, Casbah, Hamma Anassers districts (Alger province)",Tsunami/Tidal wave,6.8,36.964,3.634,2003,5,21,2266,10261,,200000,210261,5000000,8750432
1336,Natural,Geophysical,Earthquake,Ground movement,DZA,Algeria,Northern Africa,Africa,Zemmouri district (Boumerdes province),,5.8,36.939,3.578,2003,5,27,9,200,,,200,,
1337,Natural,Geophysical,Earthquake,Ground movement,CHN,China,Eastern Asia,Asia,"Dayao Xian area (Chuxiong Yi district, Yunnan Sheng province)",,5.6,25.954,101.254,2003,10,16,3,56,60000,,60056,60000,105005
1338,Natural,Geophysical,Earthquake,Ground movement,CHN,China,Eastern Asia,Asia,"Zhaosu Xian area (Ili Kazakh district, Xinjiang Uygur Zizhiqu province)",,6,42.905,80.515,2003,12,1,11,73,3510,2435,6018,1933,3383
1339,Natural,Geophysical,Earthquake,Ground movement,USA,United States of America,Northern America,Americas,"Paso Robles, Templeton, Atascadero, Cambria, Morro Bay, Oceano villages (San Luis Obispo district, California province)",,6.5,35.7005,-121.1005,2003,12,22,2,40,,120,160,200000,350017
1340,Natural,Geophysical,Earthquake,Ground movement,TUR,Türkiye,Western Asia,Asia,Buldan district (Denizli province),,4.5,38.111,28.887,2003,7,26,,,240,,240,,
1341,Natural,Geophysical,Earthquake,Ground movement,IRN,Iran (Islamic Republic of),Southern Asia,Asia,"Nour, Baladeh cities (Nur district, Mazandaran province), Alamout area (Qasr-e shirin district, Ghazvin province), Taleghan area (Savojbolagh district, Tehran province), Chalus, Noshahr districts (Mazandaran province)","Slide (land, mud, snow, rock)",6.3,36.29,51.61,2004,5,28,35,278,220,,498,165000,281235
1342,Natural,Geophysical,Earthquake,Ground movement,RUS,Russian Federation,Eastern Europe,Europe,Tatarsky Bay (Sakhalin Isl.) (Sakhalinskaya Oblast Province),,4.9,47.311,142.12,2004,5,31,,,138,,138,,
1343,Natural,Geophysical,Earthquake,Tsunami,IND,India,Southern Asia,Asia,"Kancheepuram, Villupuram, Nagapattinam, Thoothukudi, Tirunelveli Kattabo, Kanniyakumari, Chennai, Thiruvallur, Cuddalore, Pudukkottai, Ramanathapuram, Sivaganga, Thanjavur districts (Tamil Nadu province), Vishakhapatnam, East Godavari, West Godavari, Krishna, Guntur, Prakasam, Nellore districts (Andhra Pradesh province), Kollam, Alappuzha, Ernakulam districts (Kerala province), Puducherry, Karaikal district (Puducherry province), Andaman and Nicobar province",,9.1,3.295,95.982,2004,12,26,16389,6913,647599,,654512,1022800,1743316
1344,Natural,Geophysical,Earthquake,Tsunami,KEN,Kenya,Sub-Saharan Africa,Africa,Mombassa district (Coast province),Tsunami/Tidal wave,9.1,3.295,95.982,2004,12,26,1,,,,,100000,170445
1345,Natural,Geophysical,Earthquake,Tsunami,SOM,Somalia,Sub-Saharan Africa,Africa,"Hafun village (Iskushuban district, Bari province), Garacad village (Jariiban district, Mudug province), Eyl district (Nugaal province), Marka, Baraawe districts (Shabelle Hoose province)",,9.1,3.295,95.982,2004,12,26,298,283,104800,,105083,100000,170445
1346,Natural,Geophysical,Earthquake,Tsunami,SYC,Seychelles,Sub-Saharan Africa,Africa,"Anse Aux Pins, Anse Boileau, Anse Etoile, Anse Royale, Au Cap, Baie Lazare, Beau Vallon, Bel Air, Belombre, Cascade, English River, Glacis, Grande Anse Mahe, La Digue, Les Mamelles, Mont Buxton, Mont Fleuri, Plaisance, Pointe Larue, Port Glaud, Praslin, Roche Caiman, St Louis, Takamaka provinces",,9.1,3.295,95.982,2004,12,26,3,,4760,70,4830,30000,51134
1347,Natural,Geophysical,Earthquake,Ground movement,TUR,Türkiye,Western Asia,Asia,"Batman city (Merkez district, Batman province), Siirt city (Merkez district, Siirt province), Adana, Van, Hakkari provinces",,5.9,37.622,43.703,2005,1,25,2,22,400,,422,,
1348,Natural,Geophysical,Earthquake,Ground movement,ZAF,South Africa,Sub-Saharan Africa,Africa,"Klerksdorp, Stilfontein villages (Dr Kenneth Kaunda District Municipality district, North West province)",,5,-26.913,26.789,2005,3,9,2,58,,,58,20000,32970
1349,Natural,Geophysical,Earthquake,Ground movement,SLV,El Salvador,Latin America and the Caribbean,Americas,"Apaneca district (Ahuachapan province), Juayua district (Sonsonate province)","Slide (land, mud, snow, rock)",4.8,13.835,-89.759,2005,5,5,1,1,750,,751,,
1350,Natural,Geophysical,Earthquake,Ground movement,IRN,Iran (Islamic Republic of),Southern Asia,Asia,"Faryab village (Kahnug district, Kerman province), Baft, Jiroft districts (Kerman province)",,6,28.12,56.865,2006,2,28,,6,7000,,7006,,
1351,Natural,Geophysical,Earthquake,Ground movement,IRN,Iran (Islamic Republic of),Southern Asia,Asia,"Aleshtar village (Selseleh district, Lorestan province), Silakhor village (Dorud district, Lorestan province), Borugerd, Khorramabad districts (Lorestan province)",,6.1,33.5,48.78,2006,3,31,63,1418,160000,,161418,42262,67493
1352,Natural,Geophysical,Earthquake,Ground movement,RUS,Russian Federation,Eastern Europe,Europe,"Apuka, Khailino and Vyvenka villages, Korf-Tilichiki area (Koryakskiy Okrug province)",,7.6,60.949,167.089,2006,4,20,,40,12000,,12040,55000,87835
1353,Natural,Geophysical,Earthquake,Ground movement,IRN,Iran (Islamic Republic of),Southern Asia,Asia,Zarand district (Kerman province),,5,30.79,56.7,2006,5,7,,70,,,70,,
1354,Natural,Geophysical,Earthquake,Ground movement,IDN,Indonesia,South-eastern Asia,Asia,"Kulonprogo, Sleman, Kota Yogyakarta, Gunungkidul, Bantul districts (Daerah Istimewa Yogyakarta province), Purworejo, Kota Klaten, Magelang, Klaten, Boyolali districts (Jawa Tengah province)",,6.3,-7.961,110.446,2006,5,26,5778,137883,2340745,699295,3177923,3100000,4950717
1355,Natural,Geophysical,Earthquake,Ground movement,IDN,Indonesia,South-eastern Asia,Asia,"Muara Sipongi area (Mandailingnatal district, Sumatera Utara province)","Slide (land, mud, snow, rock)",5.8,0.626,99.859,2006,12,17,8,200,1000,,1200,,
1356,Natural,Geophysical,Earthquake,Ground movement,TWN,Taiwan (Province of China),Eastern Asia,Asia,"Pingtung city (Name Unknown district, Taiwan Sheng province)",,7.1,21.799,120.547,2006,12,26,2,42,,,42,,
1357,Natural,Geophysical,Earthquake,Ground movement,CHN,China,Eastern Asia,Asia,Pu'er district (Yunnan Sheng province),,6.1,23.028,101.052,2007,6,2,3,329,,,329,342000,531027
1358,Natural,Geophysical,Earthquake,Ground movement,IDN,Indonesia,South-eastern Asia,Asia,"Tanahdatar, Solok, Kota Solok, Padangpariaman, Kota Padangpanjang, Kota Payakumbuh, Kota Bukitinggi, Agam, Limapuluhkoto, Kota Pariaman districts (Sumatera Barat province)",,6.3,-0.488,100.53,2007,3,6,67,826,136834,,137660,200000,310542
1359,Natural,Geophysical,Earthquake,Ground movement,TJK,Tajikistan,Central Asia,Asia,"Oshoba, Oilmo areas (Ashtskiy district, Sogd province)","Flood|Slide (land, mud, snow, rock)",5.2,38.936,70.485,2007,7,21,11,3,7000,,7003,,
1360,Natural,Geophysical,Earthquake,Ground movement,IDN,Indonesia,South-eastern Asia,Asia,Sumbawa district (Nusatengarra Barat province),,6.5,-8.292,118.37,2007,11,25,3,1800,20000,,21800,,
1361,Natural,Geophysical,Earthquake,Ground movement,MTQ,Martinique,Latin America and the Caribbean,Americas,Fort-De-France province,,7.4,14.944,-61.274,2007,11,29,1,100,,,100,,
1362,Natural,Geophysical,Earthquake,Ground movement,CHL,Chile,Latin America and the Caribbean,Americas,"Tocopilla, Maria Elena, Quillagua town (Topicalla Province, Antofagasta Region), Mejillones (Antofagasta Province, Antofagasta Region)",,7.7,-22.247,-69.89,2007,11,14,2,155,25000,,25155,100000,155271
1363,Natural,Geophysical,Earthquake,Ground movement,JPN,Japan,Eastern Asia,Asia,"Mie, Nara, Siga provinces",,5.1,34.807,136.239,2007,4,15,,12,189,,201,,
1364,Natural,Geophysical,Earthquake,Ground movement,KGZ,Kyrgyzstan,Central Asia,Asia,"Kara-suu, Alay, Nookat districts (Osh province)",,5.6,40.288,72.985,2008,1,13,,,3000,,3000,,
1365,Natural,Geophysical,Earthquake,Ground movement,RWA,Rwanda,Sub-Saharan Africa,Africa,"Cyangugu, Nyamasheke villages (Rusizi district, West/Iburengerazuba province)",,5.9,-2.296,28.9,2008,2,3,36,643,,,643,,
1366,Natural,Geophysical,Earthquake,Ground movement,CHN,China,Eastern Asia,Asia,"Yingjiang area (Dehong Dai and Jingpo district, Yunnan Sheng province)",,6,25.039,97.697,2008,8,21,6,160,,,160,,
1367,Natural,Geophysical,Earthquake,Ground movement,CHN,China,Eastern Asia,Asia,"Huili area (Liangshan Yi district, Sichuan Sheng province), Miyi area (Panzhihua district, Sichuan Sheng province), Kunming, Chuxiong Yi, Zhaotong, Lijiang, Dali Bai districts (Yunnan Sheng province)",,6,26.241,101.889,2008,8,30,40,589,950000,50000,1000589,492000,735690
1368,Natural,Geophysical,Earthquake,Ground movement,IRN,Iran (Islamic Republic of),Southern Asia,Asia,"Tonban village (Geshm district, Hormozgan province), Roudan village (Rudan district, Hormozgan province)",,6.1,26.743,55.828,2008,9,10,6,45,20500,,20545,,
1369,Natural,Geophysical,Earthquake,Ground movement,KGZ,Kyrgyzstan,Central Asia,Asia,"Nura village (Alay district, Osh province), Chong-Alay district (Osh province)",,6.7,39.533,73.824,2008,10,5,74,142,,1055,1197,,
1370,Natural,Geophysical,Earthquake,Ground movement,PAK,Pakistan,Southern Asia,Asia,"Khanozai village (Pishin District district, Balochistan province), Kawas village (Ziarat District district, Balochistan province), Harnai area (Sibi District district, Balochistan province)","Slide (land, mud, snow, rock)",6.4,30.639,67.351,2008,10,28,166,320,75000,,75320,10000,14953
1371,Natural,Geophysical,Earthquake,Tsunami,TON,Tonga,Polynesia,Oceania,Niuatoputapu island (Administrative unit not available province),Tsunami/Tidal wave,8.1,-15.489,-172.095,2009,9,29,9,7,500,,507,9500,14256
1372,Natural,Geophysical,Earthquake,Ground movement,IDN,Indonesia,South-eastern Asia,Asia,"Agam, Kepulauan Mentawai, Kota Bukitinggi, Kota Padang, Kota Padangpanjang, Kota Pariaman, Kota Pasaman, Kota Pasaman Barat, Kota Payakumbuh, Kota Sawahlunto, Kota Solok, Limapuluhkoto, Padangpariaman, Solok, Solok Selatan, Pesisir Selatan, Sawahlunto/sijunjung, Tanahdatar districts (Sumatera Barat province), Keranci, Merangin districts (Jambi province)","Slide (land, mud, snow, rock)|Tsunami/Tidal wave",6.6,-8.207,118.631,2009,9,30,1195,1798,2500000,,2501798,2200000,3301410
1373,Natural,Geophysical,Earthquake,Ground movement,CHN,China,Eastern Asia,Asia,Kunming district (Yunnan Sheng province),,5.2,25.523,101.903,2010,2,25,,11,50000,,50011,,
1374,Natural,Geophysical,Earthquake,Ground movement,NZL,New Zealand,Australia and New Zealand,Oceania,Christchurch city (Canterbury province),,7,-43.522,171.83,2010,9,4,,2,300000,,300002,6500000,9596774
1375,Natural,Geophysical,Earthquake,Tsunami,IDN,Indonesia,South-eastern Asia,Asia,"Holtekamp beach (Muara Tami area, Kota Jayapura district, Papua province)",Tsunami/Tidal wave,9.1,38.297,142.373,2011,3,11,1,,,95,95,,
1376,Natural,Geophysical,Earthquake,Tsunami,IDN,Indonesia,South-eastern Asia,Asia,Kepulauan Mentawai district (Sumatera Barat province),Tsunami/Tidal wave,7.8,-3.487,100.082,2010,10,25,530,412,11452,,11864,,
1377,Natural,Geophysical,Earthquake,Ground movement,IRN,Iran (Islamic Republic of),Southern Asia,Asia,"Damghan village (Damghan district, Semnan province), Torud village (Shahrud district, Semnan province)",,5.8,35.49,54.47,2010,8,27,3,100,,3500,3600,,
1378,Natural,Geophysical,Earthquake,Ground movement,MMR,Myanmar,South-eastern Asia,Asia,"Tarlay area (Tachileik district, Shan (E) province)",,6.9,20.687,99.822,2011,3,24,74,125,18000,3152,21277,3600,5152
1379,Natural,Geophysical,Earthquake,Ground movement,JPN,Japan,Eastern Asia,Asia,"Ishinomakisi, Onagawatyoo districts (Miyagi province), Yamagata province",,7.1,38.276,141.588,2011,4,7,2,132,,,132,,
1380,Natural,Geophysical,Earthquake,Ground movement,TUR,Türkiye,Western Asia,Asia,Simav district (Kutahya province),,5.8,39.149,29.103,2011,5,19,3,121,,10000,10121,244000,349224
1381,Natural,Geophysical,Earthquake,Ground movement,PER,Peru,Latin America and the Caribbean,Americas,"Ica municipality (Ica district, Ica province), San Vicente de Canete municipality (Cañete district, Lima province)",,6.9,-14.438,-75.966,2011,10,28,1,106,870,1705,2681,,
1382,Natural,Geophysical,Earthquake,Ground movement,TUR,Türkiye,Western Asia,Asia,Van province,,5.6,38.429,43.229,2011,11,9,40,30,,75,105,,
1383,Natural,Geophysical,Earthquake,Ground movement,MEX,Mexico,Latin America and the Caribbean,Americas,Guerrero province,,6.5,17.986,-99.789,2011,12,11,2,2,150,,152,,
1384,Natural,Geophysical,Earthquake,Ground movement,BGR,Bulgaria,Eastern Europe,Europe,"Pernik town (Pernik Province), Sofia town (Sofia-city Province)",,5.6,42.645,22.968,2012,5,22,,70,140,,210,,
1385,Natural,Geophysical,Earthquake,Ground movement,ITA,Italy,Southern Europe,Europe,Modena Province (Emilia-romagna Region),,5.8,44.851,11.086,2012,5,29,17,350,,14000,14350,,
1386,Natural,Geophysical,Earthquake,Ground movement,AFG,Afghanistan,Southern Asia,Asia,"Burka, Mullah Jan villages (Burka district, Baghlan province) Nahrin, Guzargah-e-Nur, Khost Wa Fereng, Khwajahejran districts (Baghlan province)","Slide (land, mud, snow, rock)",5.7,36.023,69.351,2012,6,11,75,13,2965,570,3548,,
1387,Natural,Geophysical,Earthquake,Ground movement,AZE,Azerbaijan,Western Asia,Asia,"Balaken, Gakh, Zagatala districts (Shaki-Zaqatala province)",,5.6,41.549,46.789,2012,5,7,,50,15500,,15550,,
1388,Natural,Geophysical,Earthquake,Ground movement,PHL,Philippines,South-eastern Asia,Asia,"Valencia, Maramag areas (Bukidnon district, Region X (Northern Mindanao) province)",,5.7,7.905,125.044,2012,9,4,,1,4000,,4001,,
1389,Natural,Geophysical,Earthquake,Ground movement,CHN,China,Eastern Asia,Asia,Yangzhou district (Jiangsu Sheng province),,4.9,32.978,119.593,2012,7,20,1,2,2530,78,2610,,
1390,Natural,Geophysical,Earthquake,Ground movement,PHL,Philippines,South-eastern Asia,Asia,"Guian town (Eastern Samar district, Region VIII (Eastern Visayas) province)",,7.6,10.811,126.638,2012,8,31,1,10,28869,,28879,3244,4549
1391,Natural,Geophysical,Earthquake,Ground movement,CHN,China,Eastern Asia,Asia,Xinjiang Uygur Zizhiqu province,,5.3,38.745,88.098,2012,12,7,,,5500,,5500,96000,134614
1392,Natural,Geophysical,Earthquake,Ground movement,IRN,Iran (Islamic Republic of),Southern Asia,Asia,Nishabur district (Khorasan province),,5.1,36.288,58.835,2012,1,19,,238,,,238,,
1393,Natural,Geophysical,Earthquake,Ground movement,CHN,China,Eastern Asia,Asia,Xinjiang Uygur Zizhiqu province,,5.9,39.383,81.307,2012,3,9,,36641,,,36641,84000,117787
1394,Natural,Geophysical,Earthquake,Ground movement,IDN,Indonesia,South-eastern Asia,Asia,Nangroe Aceh Darussalam province,,6.1,4.927,95.907,2013,1,22,1,15,500,,515,,
1395,Natural,Geophysical,Earthquake,Ground movement,PAK,Pakistan,Southern Asia,Asia,"Mashkhel area (Chagai district, Balochistan province), Washuk area (Kharan district, Balochistan province), Karachi Central District, Karachi East District, Karachi South District, Karachi West District districts (Sindh province)",,7.7,28.033,61.996,2013,4,16,41,175,15000,,15175,,
1396,Natural,Geophysical,Earthquake,Ground movement,HUN,Hungary,Eastern Europe,Europe,Heves province,,4.4,47.624,20.227,2013,4,14,,,1800,,1800,,
1397,Natural,Geophysical,Earthquake,Ground movement,CHN,China,Eastern Asia,Asia,"Benzilan village (Deqin Xian area, Deqen Tibetan district, Yunnan Sheng province)","Slide (land, mud, snow, rock)",5.6,28.2425,99.3502,2013,8,31,3,50,538000,,538050,155000,214208
1398,Natural,Geophysical,Earthquake,Ground movement,GRC,Greece,Southern Europe,Europe,"Lixouri, Kounopetra, Fiskardo villages (Kefalonia Isl., Kefallinias district, Ionioi Nisoi province)",,6.1,38.2082,20.4528,2014,1,26,,23,2000,,2023,178000,242066
1399,Natural,Geophysical,Earthquake,Ground movement,PHL,Philippines,South-eastern Asia,Asia,"Catigbian village (Bohol district, Region VII (Central Visayas) province), Cebu, Siquijor, Negros Oriental districts (Region VII (Central Visayas) province), Negros Occidental, Iloilo, Guimaras districts (Region VI (Western Visayas) province)",,7.1,9.8796,124.1167,2013,10,15,230,976,3221248,,3222224,51459,71116
1400,Natural,Geophysical,Earthquake,Ground movement,PER,Peru,Latin America and the Caribbean,Americas,"Arequipa, Ayacucho, Ica provinces",,7.1,-15.8385,-74.5112,2013,9,25,,29,7055,,7084,,
1401,Natural,Geophysical,Earthquake,Ground movement,GTM,Guatemala,Latin America and the Caribbean,Americas,"Ciudad Tecun Uman city (Ayutla district, San Marcos province)",,6.4,14.6056,-92.1207,2013,9,7,1,52,520,,572,2000,2764
1402,Natural,Geophysical,Earthquake,Ground movement,IDN,Indonesia,South-eastern Asia,Asia,Nangroe Aceh Darussalam province,,5.4,5.1033,95.9709,2013,10,22,1,3,2735,,2738,,
1403,Natural,Geophysical,Earthquake,Ground movement,PAK,Pakistan,Southern Asia,Asia,Awaran District district (Balochistan province),,6.8,27.1825,65.5052,2013,9,28,22,50,,,50,,
1404,Natural,Geophysical,Earthquake,Ground movement,CHN,China,Eastern Asia,Asia,"Badong area (Enshi Tujia and Miao district, Hubei Sheng province), Zigui, Xingshan areas (Yichang district, Hubei Sheng province)",,5.1,31.066,110.412,2013,12,16,,,90500,,90500,6300,8706
1405,Natural,Geophysical,Earthquake,Ground movement,CHN,China,Eastern Asia,Asia,Shigatse district (Xizang Zizhiqu province),,7.3,27.8087,86.0655,2015,5,12,1,,,,,,
1406,Natural,Geophysical,Earthquake,Ground movement,IND,India,Southern Asia,Asia,Bihar province,,7.3,27.8087,86.0655,2015,5,12,20,,,,,,
1407,Natural,Geophysical,Earthquake,Ground movement,MYS,Malaysia,South-eastern Asia,Asia,Ranau district (Sabah province),"Slide (land, mud, snow, rock)",6,5.987,116.541,2015,6,5,24,10,,,10,2,3
1408,Natural,Geophysical,Earthquake,Ground movement,PAK,Pakistan,Southern Asia,Asia,"North-West Frontier, Gilgit-Baltistan provinces, Khyber Agency district (Federally Administered Tribal Areas province)",,6.6,36.473,71.13,2016,4,10,6,42,100,,142,,
1409,Natural,Geophysical,Earthquake,Ground movement,ECU,Ecuador,Latin America and the Caribbean,Americas,"Guayaquil district (Guayas province), Muisne district (Esmeraldas province), Portoviejo district (Manabi province), Santo Domingo de los Tsachilas, Los Ríos, Santa Elena provinces","Slide (land, mud, snow, rock)",7.8,0.382,-79.92,2016,4,16,672,6274,383090,,389364,2000000,2682778
1410,Natural,Geophysical,Earthquake,Ground movement,PER,Peru,Latin America and the Caribbean,Americas,"Yanque, Achoma (Arequipa region); Chivay, Achoma, Ichupampa, Cabanoconde, Yanque, Coporaque, Maca, Madrigal, Tapay, Lari, Tuti, Callalli (Caylloma province)",,5.5,-15.64,-71.68,2016,8,14,4,67,11115,,11182,,
1411,Natural,Geophysical,Earthquake,Ground movement,USA,United States of America,Northern America,Americas,Cushing (Oklahoma),,5,35.991,-96.803,2016,11,7,,,120,,120,20000,26828
1412,Natural,Geophysical,Earthquake,Ground movement,CHN,China,Eastern Asia,Asia,Shimen (Yunnan - Dali Bai),,4.8,26.085,99.575,2016,5,18,2,,,5000,5000,60000,80483
1413,Natural,Geophysical,Earthquake,Ground movement,CHN,China,Eastern Asia,Asia,Yangbi (Yunnan province),,5,25.938,99.841,2017,3,26,,1,,2105,2106,31000,40716
1414,Natural,Geophysical,Earthquake,Ground movement,IRN,Iran (Islamic Republic of),Southern Asia,Asia,"Kopet Dag Mountain, North Khorasan province (Bojnord, Maneh, Samarghan, Ghasre-Ghajar, Qorbour, Langer, Bidak)",,5.6,37.772,57.204,2017,5,13,3,417,,1845,2262,2000,2627
1415,Natural,Geophysical,Earthquake,Ground movement,GTM,Guatemala,Latin America and the Caribbean,Americas,"Huehuetenango, Quetzaltenango, Quiché, San Marcos, Suchitepéquez, Totonicapan",,7.7,,,2017,9,8,,2,3518,81,3601,,
1416,Natural,Geophysical,Earthquake,Ground movement,IRN,Iran (Islamic Republic of),Southern Asia,Asia,"Qasre-Shirin, Gilane-Garb, Kermanshah, Sare-Pule-Zahab, , Islamabad- E- Gharb, Dalahoo, Javanrood (Ezgeleh), Salase-Babajani (Kermanshah province), Ilam city, Mehran City (Ilam)",,7.3,34.911,45.959,2017,11,12,444,9000,200000,,209000,740000,971924
1417,Natural,Geophysical,Earthquake,Ground movement,CHN,China,Eastern Asia,Asia,Nyingchi (Tibet),,6.4,29.833,94.978,2017,11,18,,3,23400,,23403,,
1418,Natural,Geophysical,Earthquake,Ground movement,PER,Peru,Latin America and the Caribbean,Americas,"Yauca, Quicaca, Acari, Jaqui, Lomas districts (Caraveli Province), Rio Grande district (Condesuyos province) (Arequipa department), Sancos district, Lucanas, Pullo district, Parinacochas, Paucar del Sara Sara provinces (Ayacucho department), Nazca district (Nazca province-Ica department)",,7.1,-15.759,74.71,2018,1,14,2,139,7885,1295,9319,,
1419,Natural,Geophysical,Earthquake,Ground movement,PNG,Papua New Guinea,Melanesia,Oceania,Southern Highlandsand Hela provinces,"Slide (land, mud, snow, rock)",7.5,-6.149,142.766,2018,2,26,145,300,544000,,544300,61000,78208
1420,Natural,Geophysical,Earthquake,Ground movement,TWN,Taiwan (Province of China),Eastern Asia,Asia,Hualian,,6.4,24.136,121.658,2018,2,6,84,285,,,285,100000,128210
1421,Natural,Geophysical,Earthquake,Ground movement,CHN,China,Eastern Asia,Asia,Ningjiang (Jilin province),,5.3,45.236,124.642,2018,5,28,,,12000,,12000,29000,37181
1422,Natural,Geophysical,Earthquake,Ground movement,IDN,Indonesia,South-eastern Asia,Asia,"North Lombok, East Lombok, West Lombok, Central Lombok, Mataram districts (West Nusa Tenggara province)",,6.4,-8.274,116.491,2018,7,29,14,135,102717,,102852,29000,37181
1423,Natural,Geophysical,Earthquake,Ground movement,IDN,Indonesia,South-eastern Asia,Asia,Lombok Isl.,,6.9,-8.325,116.577,2018,8,19,10,24,755,,779,5000,6410
1424,Natural,Geophysical,Earthquake,Ground movement,IRN,Iran (Islamic Republic of),Southern Asia,Asia,Near Javanroud (Kermanshah province),,6,34.663,46.277,2018,8,26,2,255,10000,3000,13255,,
1425,Natural,Geophysical,Earthquake,Ground movement,PNG,Papua New Guinea,Melanesia,Oceania,Hela (South Highlands),,6.7,-6.294,142.607,2018,3,7,25,,,,,,
1426,Natural,Geophysical,Earthquake,Ground movement,CHN,China,Eastern Asia,Asia,Yuxi (Yunnan province),,5,24.298,102.91,2018,8,13,,24,18000,,18024,50000,64105
1427,Natural,Geophysical,Earthquake,Ground movement,HTI,Haiti,Latin America and the Caribbean,Americas,"Port-de-Paix, Gros-Morne, Saint-Louis-du-Nor",,5.9,20.034,-73.013,2018,10,6,17,421,38915,,39336,,
1428,Natural,Geophysical,Earthquake,Ground movement,IRN,Iran (Islamic Republic of),Southern Asia,Asia,Sarpol-e Zahab (Kermanshah province),,6.3,34.304,45.74,2018,11,25,,716,,,716,10000,12821
1429,Natural,Geophysical,Earthquake,Ground movement,SYR,Syrian Arab Republic,Western Asia,Asia,,,6.3,36.159,36.034,2023,2,20,,470,,,470,,
1430,Natural,Geophysical,Earthquake,Ground movement,PNG,Papua New Guinea,Melanesia,Oceania,"New Ireland, New Britain, Duke of York Islands",,7.6,-4.051,152.6,2019,5,14,,1,650,,651,,
1431,Natural,Geophysical,Earthquake,Ground movement,PHL,Philippines,South-eastern Asia,Asia,Castillejos (Zambales),,6.1,14.99,120.35,2019,4,22,25,282,15273,,15555,50000,62964
1432,Natural,Geophysical,Earthquake,Ground movement,USA,United States of America,Northern America,Americas,Ridgecrest (Califronia),,7.1,35.77,-117.599,2019,7,5,,,150,,150,200000,251855
1433,Natural,Geophysical,Earthquake,Ground movement,JPN,Japan,Eastern Asia,Asia,"Yamagata, Miyagi, Niigata,Ishikawa (Honshu Island)","Slide (land, mud, snow, rock)",6.4,38.637,139.48,2019,6,18,,28,432,,460,,
1434,Natural,Geophysical,Earthquake,Ground movement,ALB,Albania,Southern Europe,Europe,"Durres, Tirana Counties",,5.6,41.381,19.454,2019,9,21,,108,4500,,4608,45000,56667
1435,Natural,Geophysical,Earthquake,Ground movement,IRN,Iran (Islamic Republic of),Southern Asia,Asia,Azerbaïdjan-Occidental province,,5.8,38.543,44.447,2020,2,23,,75,15000,,15075,,
1436,Natural,Geophysical,Earthquake,Ground movement,IDN,Indonesia,South-eastern Asia,Asia,"South Morotai, East Morotai, North Morotai, Morotai Jaya, South West Morotai, Rau Island (Bau Island)",,6.4,2.911,128.248,2020,6,4,,,1490,70,1560,,
1437,Natural,Geophysical,Earthquake,Ground movement,PHL,Philippines,South-eastern Asia,Asia,Bicol Region,,6.6,12.021,124.123,2020,8,18,1,20,4255,705,4980,2500,3110
1438,Natural,Geophysical,Earthquake,Ground movement,ARG,Argentina,Latin America and the Caribbean,Americas,San Juan Province,,6.4,-31.818,-68.847,2021,1,18,,14,1800,,1814,,
1439,Natural,Geophysical,Earthquake,Ground movement,IND,India,Southern Asia,Asia,"Kamrup and Nagaon (Sonitpur District, northern Assam State)",,6.4,26.781,92.457,2021,4,28,2,10,3000,,3010,,
1440,Natural,Geophysical,Earthquake,Ground movement,AFG,Afghanistan,Southern Asia,Asia,Herat region,,5.4,34.517,61.946,2023,10,7,1480,1950,275000,,276950,217000,229279
1441,Natural,Geophysical,Earthquake,Ground movement,GRC,Greece,Southern Europe,Europe,"Larissa, Elassona (Larisis) , Tyrnavos (Larisis) , Farkadona (Trikalon) (Thessalie)",,5.8,39.789,22.119,2021,3,3,,11,,2700,2711,10000,11881
1442,Natural,Geophysical,Earthquake,Ground movement,JPN,Japan,Eastern Asia,Asia,Honshu Island,,7,38.475,141.633,2021,3,20,,11,600,,611,550000,653463
1443,Natural,Geophysical,Earthquake,Ground movement,CHN,China,Eastern Asia,Asia,Xinjiang Uygur Autonomous Region,,5.4,41.816,81.164,2021,3,24,3,,195,,195,125000,148514
1444,Natural,Geophysical,Earthquake,Ground movement,TJK,Tajikistan,Central Asia,Asia,Tadjikobod district (Douchanbé region),,5.9,,,2021,7,10,5,,100,,100,,
1445,Natural,Geophysical,Earthquake,Ground movement,IDN,Indonesia,South-eastern Asia,Asia,"Tehoru (Central Maluku Regency, south of Maluku Islands)",Tsunami/Tidal wave,5.9,-3.593,129.503,2021,6,16,,,750,,750,,
1446,Natural,Geophysical,Earthquake,Ground movement,CHN,China,Eastern Asia,Asia,"Lijiang, Ninglang Yi, Yulong Naxi (Yunnan)",,5.4,,,2022,1,2,,30,29000,,29030,54000,59404
1447,Natural,Geophysical,Earthquake,Ground movement,IDN,Indonesia,South-eastern Asia,Asia,"Banten, Jawa Barat",,6.6,-6.86,105.289,2022,1,14,,1975,13415,,15390,23000,25302
1448,Natural,Geophysical,Earthquake,Ground movement,IDN,Indonesia,South-eastern Asia,Asia,"Pasaman Regency, West Pasaman Regency (West Sumatra Province)",,6.1,0.216,100.096,2022,2,25,15,388,24000,515,24903,39000,42903
1449,Natural,Geophysical,Earthquake,Ground movement,NPL,Nepal,Southern Asia,Asia,"Achham, Baitadi, Bajhang and Bajura districts","Slide (land, mud, snow, rock)",5.7,29.498,81.243,2023,10,3,1,23,36250,,36273,,
1450,Natural,Geophysical,Earthquake,Ground movement,PER,Peru,Latin America and the Caribbean,Americas,Piura region,,6.2,,,2021,7,30,,721,700,,1421,,
1451,Natural,Geophysical,Earthquake,Ground movement,IRN,Iran (Islamic Republic of),Southern Asia,Asia,"Kooshk, Konkh, Berke Seflin, Saye Khosh, Gavmiri, Chahderaz, Tang Sim, Doab, Basaeidoo, Chah Sahrghi, Gooran, Sayeh Khosh (Hormozgan Province)",,6.1,26.899,55.321,2022,7,2,5,84,22216,,22300,143000,157311
1452,Natural,Geophysical,Earthquake,Ground movement,CHN,China,Eastern Asia,Asia,"Baoxing, Lushan counties (Sichuan province)","Slide (land, mud, snow, rock)",5.8,30.395,102.958,2022,6,1,4,41,13500,,13541,42000,46203
1453,Natural,Geophysical,Earthquake,Ground movement,AFG,Afghanistan,Southern Asia,Asia,"Giyan, Barmal, and Ziruk Districts in Paktika Province, and Spera (Khost Province)",,5.9,33.092,69.514,2022,6,21,1163,2989,361634,,364623,,
1454,Natural,Geophysical,Earthquake,Ground movement,NPL,Nepal,Southern Asia,Asia,Doti district,,5.7,29.274,81.149,2022,11,9,6,8,30000,,30008,,
1455,Natural,Geophysical,Earthquake,Ground movement,IDN,Indonesia,South-eastern Asia,Asia,"Cianjur, Sukabumi, Bogor districts (West Java Province)",,5.6,-6.853,107.095,2022,11,21,334,4645,2200000,,2204645,,
1456,Natural,Geophysical,Earthquake,Ground movement,TUR,Türkiye,Western Asia,Asia,"Düzce, Sakarya, Bolu, Zonguldak, Bursa, Istanbul",,6.1,40.847,30.967,2022,11,23,2,93,213,,306,50000,55004
1457,Natural,Geophysical,Earthquake,Ground movement,IDN,Indonesia,South-eastern Asia,Asia,Southwest Maluku and Tanimbar Islands Regencies (Maluku Province),,7.6,-7.065,130.005,2023,1,10,1,11,4350,60,4421,,
1458,Natural,Geophysical,Earthquake,Ground movement,TUR,Türkiye,Western Asia,Asia,Van City (Baskale district),,5.8,38.543,44.447,2020,2,23,9,50,,3000,3050,,
1459,Natural,Geophysical,Earthquake,Ground movement,TUR,Türkiye,Western Asia,Asia,Sivrice District (Elazig province); Malatya Provinces),,6.7,38.39,44.367,2020,1,24,41,1607,69000,,70607,340000,422936
1460,Natural,Geophysical,Earthquake,Ground movement,CHN,China,Eastern Asia,Asia,Qiaojia and Ludian (Yunnan province),,5.1,27.296,103.281,2020,5,18,4,24,3300,,3324,17000,21147
1461,Natural,Geophysical,Earthquake,Ground movement,MEX,Mexico,Latin America and the Caribbean,Americas,South Oaxaca State (Mexico),,7.4,15.916,-95.953,2020,6,23,10,24,24369,,24393,75000,93295
1462,Natural,Geophysical,Earthquake,Ground movement,GRC,Greece,Southern Europe,Europe,Samos,,7,37.913,26.779,2020,10,30,2,19,900,,919,,
1463,Natural,Geophysical,Earthquake,Ground movement,TUR,Türkiye,Western Asia,Asia,"Izmir Bornova, Bayrakli and Karsiyaka",,7,37.913,26.779,2020,10,30,115,1034,,5000,6034,450000,559768
1464,Natural,Geophysical,Earthquake,Ground movement,JPN,Japan,Eastern Asia,Asia,Namie region,,7.1,37.745,141.749,2021,2,13,1,185,7647,60,7892,7700000,9148480
1465,Natural,Geophysical,Earthquake,Ground movement,BTN,Bhutan,Southern Asia,Asia,Samdrup Jongkhar District,,6,26.781,92.457,2021,4,28,,2,500,,502,,
1466,Natural,Geophysical,Earthquake,Ground movement,CHN,China,Eastern Asia,Asia,"Chuxiong Yi Autonomous Prefecture, Yunnan Province",,5.1,,,2021,6,10,,2,8010,,8012,,
1467,Natural,Geophysical,Earthquake,Ground movement,CHN,China,Eastern Asia,Asia,"Lu County, Sichuan Province",,5.4,29.182,105.391,2021,9,16,3,88,21870,2437,24395,250000,297029
1468,Natural,Geophysical,Earthquake,Ground movement,PAK,Pakistan,Southern Asia,Asia,Hernai district i(Balochistan),"Slide (land, mud, snow, rock)",5.9,30.22,68.014,2021,10,7,21,300,63800,,64100,,
1469,Natural,Geophysical,Earthquake,Ground movement,PER,Peru,Latin America and the Caribbean,Americas,"Condorcanqui, Rodriguez de Mendoza, Bongará, Luya, Chachapoyas, Bagua, Utcubamba (Amazonas); Cajamarca, San Marcos, Cutervo, San Ignacio, Celendín, San Miguel, Jaén, Chota (Cajamarca); Alto Amazonas, Datem del Marañón (Loreto); San Martín, Moyobamba, Picota, Rioja, Lamas, Dorado, Huallaga, Bellavista, Mariscal Cáceres (San Martín); Sihuas (Ancash); Huanuco; Julcán, Bolívar, Otuzco (La Libertad); Lambayeque, Chiclayo, Ferreñafe (Lambayeque); Huancabamba, Piura, Ayabaca (Piura); Huánuco, Dos de Mayo, Yarowilca (Huánuco); Pasco, Daniel Alcides Carrión (Pasco)",,7.2,-4.49,-76.846,2021,11,28,,3,17909,,17912,,
1470,Natural,Geophysical,Earthquake,Ground movement,LAO,Lao People's Democratic Republic,South-eastern Asia,Asia,Phongsaly province,,5.7,22.37,101.671,2021,12,24,,,,,,120,143
1471,Natural,Geophysical,Earthquake,Ground movement,CHN,China,Eastern Asia,Asia,Jiangcheng Hani and Yi Autonomous County (Yunnan province),,5.7,,,2021,12,24,,10,19200,,19210,71000,84356
1472,Natural,Geophysical,Earthquake,Ground movement,HTI,Haiti,Latin America and the Caribbean,Americas,Nippes Department,,5.3,18.494,-73.3,2022,1,24,2,52,15,950,1017,,
1473,Natural,Geophysical,Earthquake,Ground movement,PAK,Pakistan,Southern Asia,Asia,Lakki Marwat District (southern Khyber Pakhtunkhwa),,5.9,,,2022,6,21,43,,,,,,
1474,Natural,Geophysical,Earthquake,Ground movement,PER,Peru,Latin America and the Caribbean,Americas,La Capilla district (Moquegua department); Arequipa department,,5.5,-16.783,-71.31,2022,7,12,,2,300,,302,,
1475,Natural,Geophysical,Earthquake,Ground movement,PHL,Philippines,South-eastern Asia,Asia,"Abra, Benguet, Ilocos Sur, Pangasinan, Mountain Province, Nueva Vizcaya","Slide (land, mud, snow, rock)",7,17.56,120.801,2022,7,27,10,394,502462,,502856,151000,166112
1476,Natural,Geophysical,Earthquake,Ground movement,PNG,Papua New Guinea,Melanesia,Oceania,"Morobe, Padang, Es provinces",,7.6,-6.256,146.469,2022,9,13,7,24,,1945,1969,,
1477,Natural,Geophysical,Earthquake,Ground movement,PHL,Philippines,South-eastern Asia,Asia,"Abra Province (northern Luzon), Ilocos, Cordillera Administrative Region, and Cagayan Valley",,6.4,17.662,120.823,2022,10,25,,44,147378,,147422,1400,1540
1478,Natural,Geophysical,Earthquake,Ground movement,IRN,Iran (Islamic Republic of),Southern Asia,Asia,"Khoy, Firoraq (Azerbaïdjan province)",,5.7,38.44,44.946,2023,1,18,,252,41426,,41678,50000,52829
1479,Natural,Geophysical,Earthquake,Ground movement,IRN,Iran (Islamic Republic of),Southern Asia,Asia,"Firouragh district, Khoy county (West Azerbaijan)",,5.9,38.424,44.909,2023,1,28,3,1017,261387,,262404,255000,269429
1480,Natural,Geophysical,Earthquake,Ground movement,IDN,Indonesia,South-eastern Asia,Asia,Papua,Collapse,5.1,,,2023,2,9,4,,2136,,2136,,
1481,Natural,Geophysical,Earthquake,Ground movement,ECU,Ecuador,Latin America and the Caribbean,Americas,"El Oro, Guayas, and Azuay",,6.8,-2.837,-79.844,2023,3,18,14,494,126922,,127416,,
1482,Natural,Geophysical,Earthquake,Ground movement,PER,Peru,Latin America and the Caribbean,Americas,Tumbes,,6.8,-2.837,-79.844,2023,3,18,1,1,140,,141,,
1483,Natural,Geophysical,Earthquake,Ground movement,CHN,China,Eastern Asia,Asia,Gansu province; Haidong (Qinghai province),"Slide (land, mud, snow, rock)",5.9,35.743,102.827,2023,12,19,151,980,600000,,600980,1000000,1056584
1484,Natural,Geophysical,Earthquake,Ground movement,JPN,Japan,Eastern Asia,Asia,"Noto, Wajima, Suzu (Ishikawa department); Niigata, Toyama, Fukui, Gifu, Osaka and Hyogo Prefectures","Fire|Slide (land, mud, snow, rock)|Tsunami/Tidal wave",7.5,37.495,137.265,2024,1,1,699,1277,94947,73338,169562,15000000,15394693
1485,Natural,Geophysical,Earthquake,Ground movement,IDN,Indonesia,South-eastern Asia,Asia,"Bandung, Bogor, Ciamis, Cianjur, Garut, Sukabumi and Tasikmalaya regencies (West Java)",,6.1,-8.005,107.28,2024,4,27,1,12,2730,70,2812,,
1486,Natural,Geophysical,Earthquake,Ground movement,PER,Peru,Latin America and the Caribbean,Americas,Near Arequipa province,"Slide (land, mud, snow, rock)|Tsunami/Tidal wave",7.2,-15.827,-74.464,2024,6,28,,30,9000,33,9063,,
1487,Natural,Geophysical,Earthquake,Ground movement,TJK,Tajikistan,Central Asia,Asia,"Safedkunda, Gulkhani, Kul, and Askalon villages in the same district, and Buston, Anvar Qalandarov, and Ganishob (Tojikobod district)",,5.8,38.98,70.79,2025,4,13,1,16,4004,,4020,,
1488,Natural,Geophysical,Earthquake,Ground movement,GTM,Guatemala,Latin America and the Caribbean,Americas,"Guatemala city, Escuintla, Sacatepéquez","Slide (land, mud, snow, rock)",5.7,14.437,-90.661,2025,7,8,9,9,14541,,14550,,
1489,Natural,Geophysical,Earthquake,Tsunami,USA,United States of America,Northern America,Americas,Crescent City (California),Tsunami/Tidal wave,,52.498,160.264,2025,7,29,,,,,,1000,1000
1490,Natural,Geophysical,Earthquake,Ground movement,VEN,Venezuela (Bolivarian Republic of),Latin America and the Caribbean,Americas,Maracaibo (Zulia state),,6.3,9.922,-70.717,2025,9,24,,,130,80,210,,
1491,Natural,Geophysical,Earthquake,Ground movement,CHN,China,Eastern Asia,Asia,Longxi County in Dingxi City (Gansu Province),,5.6,34.931,104.583,2025,9,27,,11,12984,,12995,,
1492,Natural,Geophysical,Earthquake,Ground movement,PHL,Philippines,South-eastern Asia,Asia,Bogo (Cebu Isl.),"Slide (land, mud, snow, rock)",6.9,11.136,124.127,2025,9,30,79,559,754733,,755292,100000,100000
1493,Natural,Geophysical,Earthquake,Ground movement,AFG,Afghanistan,Southern Asia,Asia,"Marmul and Sholgara (Balkh Province); Khulm, Feroz Nakhchir, Hazrat-e-Sultan and Aybak (Samangan Province)",,6.3,36.589,67.484,2025,11,3,26,1172,1411000,,1412172,10000,10000
1494,Natural,Geophysical,Earthquake,Ground movement,IRN,Iran (Islamic Republic of),Southern Asia,Asia,Golbaft (Kerman),,6.6,30.154,57.605,1998,3,14,5,50,1450,,1500,,
1495,Natural,Geophysical,Earthquake,Ground movement,AUT,Austria,Western Europe,Europe,Arnoldstein,,5.7,46.245,13.652,1998,4,12,,,,,,,
1496,Natural,Geophysical,Earthquake,Ground movement,TUR,Türkiye,Western Asia,Asia,"Adana, Ceyhan, Hatay",,6.3,3.878,35.307,1998,6,28,145,1600,1500000,88000,1589600,550000,1086255
1497,Natural,Geophysical,Earthquake,Ground movement,AZO,Azores Islands,Southern Europe,Europe,"Faial, Pico, Terceira Isl.",,6.2,38.65,-28.626,1998,7,8,10,100,,1000,1100,72000,142201
1498,Natural,Geophysical,Earthquake,Ground movement,AZE,Azerbaijan,Western Asia,Asia,"Lenkoran, Lerik, Astara, Massali, Yardimili districts",,5.7,38.717,48.507,1998,7,9,1,10,700000,,700010,,
1499,Natural,Geophysical,Earthquake,Ground movement,ECU,Ecuador,Latin America and the Caribbean,Americas,"Canoa, Bahia de Caraquez, San Vicente, Bricenio, Jama, Chone, Santa Ana, Portoviejo, Montecristi, Manta, Charapoto, San Clemente, San Jacinto (Manabi province)",,7.2,-0.593,-80.393,1998,8,4,3,40,1250,750,2040,,
1500,Natural,Geophysical,Earthquake,Ground movement,IRN,Iran (Islamic Republic of),Southern Asia,Asia,Tabriz (Fars Province),"Slide (land, mud, snow, rock)",5.4,27.791,53.608,1998,11,13,5,105,4250,,4355,,
1501,Natural,Geophysical,Earthquake,Ground movement,IDN,Indonesia,South-eastern Asia,Asia,"Halmahera Tengah (Sula Isl., Maluku); Ma,gole, Manado, Taliabu",Tsunami/Tidal wave,7.7,-2.071,124.891,1998,11,29,33,88,3800,2560,6448,200000,395002
1502,Natural,Geophysical,Earthquake,Ground movement,CHN,China,Eastern Asia,Asia,Yunnan,,4.5,26.373,104.021,1998,12,1,,84,107000,,107084,22600,44635
1503,Natural,Geophysical,Earthquake,Ground movement,CHN,China,Eastern Asia,Asia,Sichuan,,4.7,27.213,101.057,1998,10,26,,28,3500,,3528,,
1504,Natural,Geophysical,Earthquake,Ground movement,AFG,Afghanistan,Southern Asia,Asia,"Maidam Shar, Nirkh, Sayedabad, Baraki Barak, Pul-e-Alam, Mohammad Agha - Lowgar",,6,34.259,69.364,1999,2,11,70,500,60185,31275,91960,,
1505,Natural,Geophysical,Earthquake,Ground movement,IRN,Iran (Islamic Republic of),Southern Asia,Asia,"Bandar-E-Abbas, Level 1 = Hormozgan",,6.6,28.343,57.193,1999,3,4,1,,2620,70,2690,,
1506,Natural,Geophysical,Earthquake,Ground movement,IND,India,Southern Asia,Asia,"Chamoli, Rudraprayag, Bageshwar (new district), Tehri Garhwal, Pauri Garhwal district",,6.6,30.512,79.403,1999,3,28,100,394,372000,105500,477894,2000,3865
1507,Natural,Geophysical,Earthquake,Ground movement,MEX,Mexico,Latin America and the Caribbean,Americas,"North Puerto Angel, Coastal State Oaxaca",,7.5,16.1,96.7,1999,9,30,31,215,115000,,115215,164800,318512
1508,Natural,Geophysical,Earthquake,Ground movement,PER,Peru,Latin America and the Caribbean,Americas,Arequipa Area,"Slide (land, mud, snow, rock)",6.8,-16.66,-72.662,1999,4,3,1,50,1500,,1550,,
1509,Natural,Geophysical,Earthquake,Ground movement,RUS,Russian Federation,Eastern Europe,Europe,Kizilyurt area (Dagestan),,6.5,43.21,46.82,1999,2,21,1,20,,5000,5020,,
1510,Natural,Geophysical,Earthquake,Ground movement,CHN,China,Eastern Asia,Asia,"Yongren Xian, Yao'an Xian, Nanhua Xian, Dayao Xian areas (Chuxiong Yi district, Yunnan Sheng province), Xiangyun Xian area (Dali Bai district, Yunnan Sheng province)",,5.9,25.607,101.063,2000,1,14,7,2528,1760000,92479,1855007,73500,137415
1511,Natural,Geophysical,Earthquake,Ground movement,CHN,China,Eastern Asia,Asia,"Mile Xian area (Honghe Hani and Yi district, Yunnan Sheng province), Qiubei Xian area (Wenshan Zhuang and Miao district, Yunnan Sheng province)",,4.9,24.263,103.797,2000,1,26,1,2,10300,,10302,483,903
1512,Natural,Geophysical,Earthquake,Ground movement,COL,Colombia,Latin America and the Caribbean,Americas,Jurado island and Jurado districts (Choco province),,6.5,7.042,-77.829,2000,11,8,2,,430,,430,,
1513,Natural,Geophysical,Earthquake,Ground movement,CHN,China,Eastern Asia,Asia,"Xiuyan Manzu Zizhixian area (Anshan district, Liaoning Sheng province)",,5.1,40.498,122.994,2000,1,11,,30,44000,18000,62030,,
1514,Natural,Geophysical,Earthquake,Ground movement,IRN,Iran (Islamic Republic of),Southern Asia,Asia,"Mohammadieh, Sarhozak, Hajiabad areas (Kashmar district, Khorasan province)",,4.9,35.217,58.175,2000,2,14,,,1000,,1000,,
1515,Natural,Geophysical,Earthquake,Ground movement,CHN,China,Eastern Asia,Asia,"Lanzhou Shi area (Lanzhou district, Gansu Sheng province)",,5.6,37.012,103.791,2000,6,6,,20,,80,100,,
1516,Natural,Geophysical,Earthquake,Ground movement,CHN,China,Eastern Asia,Asia,"Wuding Xian area (Chuxiong Yi district, Yunnan Sheng province)",,4.9,25.826,102.194,2000,8,21,1,211,,177400,177611,43000,80392
1517,Natural,Geophysical,Earthquake,Ground movement,TZA,United Republic of Tanzania,Sub-Saharan Africa,Africa,"Isale, Kipili, Kirando, Namanyere, Wampelembe, Kate areas (Nkasi district, Rukwa province)",,6.5,-7.977,30.709,2000,10,2,1,6,750,35,791,,
1518,Natural,Geophysical,Earthquake,Ground movement,JPN,Japan,Eastern Asia,Asia,"Aimityoo, Kisimototyoo, Mizokutityoo, Saihakutyoo, Daisentyoo, Nawatyoo, Nakayamatyoo, Hieduson districts (Tottori province), Simane, Okayama provinces","Slide (land, mud, snow, rock)",6.7,35.456,133.134,2000,10,6,,130,6690,312,7132,500000,934794
1519,Natural,Geophysical,Earthquake,Ground movement,TJK,Tajikistan,Central Asia,Asia,"Khasanov village (Parharskiy district, Khatlon province)",,4.8,37.451,69.498,2000,10,30,,,6000,,6000,,
1520,Natural,Geophysical,Earthquake,Ground movement,IDN,Indonesia,South-eastern Asia,Asia,"Pandeglang, Lebak, Serang districts (Banten province)",,6.8,-6.549,105.63,2000,10,25,,,5500,,5500,,
1521,Natural,Geophysical,Earthquake,Ground movement,TKM,Turkmenistan,Central Asia,Asia,Balkan province,,7,39.566,54.799,2000,12,6,11,,,,,,
1522,Natural,Geophysical,Earthquake,Ground movement,IRN,Iran (Islamic Republic of),Southern Asia,Asia,Birjand district (Khorasan province),,4.9,33.007,60.276,2001,10,8,,,1000,,1000,,
1523,Natural,Geophysical,Earthquake,Ground movement,TZA,United Republic of Tanzania,Sub-Saharan Africa,Africa,Rungwe district (Mbeya province),,4.3,-9.278,33.766,2001,1,5,,,,700,700,,
1524,Natural,Geophysical,Earthquake,Ground movement,PAK,Pakistan,Southern Asia,Asia,"Badin District, Tharparkar District, Mirpur Khas District districts (Sindh province)",,7.7,23.419,70.232,2001,1,26,12,100,914192,,914292,500,909
1525,Natural,Geophysical,Earthquake,Ground movement,SLV,El Salvador,Latin America and the Caribbean,Americas,"La Paz, Cuscatlan, San Vicente, San Salvador, Morazan, La Libertad provinces ; San Juan Tepezontes district (La Paz province), Cojutepeque district (Cuscatlan province)","Slide (land, mud, snow, rock)",6.6,13.671,-88.938,2001,2,13,315,3399,252622,,256021,348500,633643
1526,Natural,Geophysical,Earthquake,Ground movement,TUR,Türkiye,Western Asia,Asia,Erzurum province,,5.4,39.832,41.623,2001,7,10,,46,85,,131,,
1527,Natural,Geophysical,Earthquake,Ground movement,RWA,Rwanda,Sub-Saharan Africa,Africa,"Gisenyi city (Rubavu district, West/Iburengerazuba province)",,4.7,-1.684,29.077,2002,1,17,45,108,1535,,1643,,
1528,Natural,Geophysical,Earthquake,Ground movement,PAK,Pakistan,Southern Asia,Asia,Bajaur Agency district (Federally Administered Tribal Areas province),,6.3,36.429,70.438,2002,3,3,3,,,,,,
1529,Natural,Geophysical,Earthquake,Tsunami,IDN,Indonesia,South-eastern Asia,Asia,"Manokwari, Ransiki, Oransbari, Prafi, Anggi, Warmare villages (Manokwari district, Papua Barat province), Bintuni village (Telukbintuni district, Papua Barat province), Windesi, Wasior villages (Telukwondama district, Papua Barat province)","Slide (land, mud, snow, rock)|Tsunami/Tidal wave",7.6,-1.757,134.297,2002,10,10,8,632,8450,,9082,,
1530,Natural,Geophysical,Earthquake,Ground movement,PAK,Pakistan,Southern Asia,Asia,Administrative unit not available district (Jammu and Kashmir province),"Slide (land, mud, snow, rock)",5.4,35.517,74.654,2002,11,2,17,65,11000,4000,15065,,
1531,Natural,Geophysical,Earthquake,Ground movement,GRC,Greece,Southern Europe,Europe,"Vartholomio city (Ileias district, Dytiki Ellada province)",,5.7,37.747,21.087,2002,12,2,,17,150,,167,,
1532,Natural,Geophysical,Earthquake,Ground movement,IRN,Iran (Islamic Republic of),Southern Asia,Asia,Masjed-e soleiman district (Khuzestan province),,5.6,31.995,49.329,2002,9,25,,5,,,5,,
1533,Natural,Geophysical,Earthquake,Ground movement,ITA,Italy,Southern Europe,Europe,Palermo Province (Sicilia Region),,6,38.381,13.701,2002,9,6,2,,,,,500000,894908
1534,Natural,Geophysical,Earthquake,Ground movement,IDN,Indonesia,South-eastern Asia,Asia,Dompu district (Nusatenggara Barat province),,5.5,-8.807,118.524,2003,1,23,,2,2500,,2502,,
1535,Natural,Geophysical,Earthquake,Ground movement,MEX,Mexico,Latin America and the Caribbean,Americas,"Colima, Armeria, Coquimatlan, Ixtlahuacan, Cuahutemoc, Villa de Alvarez, Manzanillo, Minatitlan, Tecoman districts (Colima province), Zapotitlan de Vadillo, Toliman, Tonila, Pihuamo districts (Jalisco province)","Slide (land, mud, snow, rock)",7.6,18.77,-104.104,2003,1,22,29,1073,177530,,178603,116300,203535
1536,Natural,Geophysical,Earthquake,Ground movement,ITA,Italy,Southern Europe,Europe,Alessandria Province (Piemonte Region),"Slide (land, mud, snow, rock)",5,44.792,8.892,2003,4,11,,2,230,,232,561352,982415
1537,Natural,Geophysical,Earthquake,Ground movement,TUR,Türkiye,Western Asia,Asia,"Bingol, Celtiksuyu, Sancak, Gokdere, Gozeler villages (Merkez district, Bingol province)",,6.4,39.007,40.464,2003,5,1,177,520,245000,45000,290520,135000,236262
1538,Natural,Geophysical,Earthquake,Ground movement,JPN,Japan,Eastern Asia,Asia,"Iwate, Miyagi, Yamagata, Akita, Aomori provinces","Fire|Slide (land, mud, snow, rock)",7,38.849,141.568,2003,5,26,,143,2160,,2303,233000,407770
1539,Natural,Geophysical,Earthquake,Ground movement,IRN,Iran (Islamic Republic of),Southern Asia,Asia,Torbat-e jam district (Khorasan province),,5.2,35.476,60.784,2003,7,3,,1,1090,,1091,,
1540,Natural,Geophysical,Earthquake,Ground movement,PAN,Panama,Latin America and the Caribbean,Americas,"Colon district (Colon province), Panama district (Panama province)",,5.4,9.355,-79.941,2003,8,13,,,,340,340,,
1541,Natural,Geophysical,Earthquake,Ground movement,IDN,Indonesia,South-eastern Asia,Asia,"Wasile area (Halmahera Tengah district, Maluku Utara province)",,6,1.142,128.152,2003,8,11,,,500,,500,,
1542,Natural,Geophysical,Earthquake,Ground movement,IRN,Iran (Islamic Republic of),Southern Asia,Asia,"Shahr e Pir, Deberan, Deh No, Darreh Shur, Darya, Zarrin-Dasht, Hajjiabad villages (Darab district, Fars province), Jahrom district (Fars province)",,5.8,28.355,54.169,2003,7,10,1,25,,17500,17525,21666,37917
1543,Natural,Geophysical,Earthquake,Ground movement,JPN,Japan,Eastern Asia,Asia,Hokkaidoo province,Fire|Tsunami/Tidal wave,7.4,41.774,143.593,2003,9,25,2,773,,,773,563000,985299
1544,Natural,Geophysical,Earthquake,Ground movement,CHN,China,Eastern Asia,Asia,"Ludian Xian area (Zhaotong district, Yunnan Sheng province)",,4.7,27.283,103.753,2003,11,26,,4,10000,,10004,,
1545,Natural,Geophysical,Earthquake,Ground movement,PAN,Panama,Latin America and the Caribbean,Americas,"Puerto Armuelles municipality (Baru district, Chiriqui province)",,6.5,8.416,-82.824,2003,12,25,2,75,1000,,1075,,
1546,Natural,Geophysical,Earthquake,Ground movement,IRN,Iran (Islamic Republic of),Southern Asia,Asia,Bam district (Kerman province),,6.6,28.995,58.311,2003,12,26,26796,22628,200000,45000,267628,500000,875043
1547,Natural,Geophysical,Earthquake,Ground movement,IRN,Iran (Islamic Republic of),Southern Asia,Asia,Masjed-e soleiman district (Khuzestan province),,5,31.953,49.209,2003,12,11,,5,710,10,725,,
1548,Natural,Geophysical,Earthquake,Ground movement,TUR,Türkiye,Western Asia,Asia,"Seferihisar, Konak districts (Izmir province)",,5.8,38.221,26.958,2003,4,10,,170,,,170,,
1549,Natural,Geophysical,Earthquake,Ground movement,IDN,Indonesia,South-eastern Asia,Asia,Nabire district (Papua province),Fire,7,-3.615,135.538,2004,2,5,37,682,13390,,14072,1000,1704
1550,Natural,Geophysical,Earthquake,Ground movement,DZA,Algeria,Northern Africa,Africa,"Alger, Boumerdes provinces",,4.5,36.852,3.418,2004,1,10,,300,,,300,,
1551,Natural,Geophysical,Earthquake,Ground movement,MAR,Morocco,Northern Africa,Africa,"Tamassint village (Imrabten area, Bni Ouriagh sub-district, Al Hoceima district, Taza - Al Hoceima - Taounate province), Ajdir village (Ait Youssef Ouali area, Bni Ouriagh sub-district, Al Hoceima district, Taza - Al Hoceima - Taounate province), Ait Kamra, Bni Abdallah areas (Bni Ouriagh sub-district, Al Hoceima district, Taza - Al Hoceima - Taounate province), Imzouren sub-district (Al Hoceima district, Taza - Al Hoceima - Taounate province)",,6.4,35.142,-3.997,2004,2,24,628,926,,12539,13465,400000,681782
1552,Natural,Geophysical,Earthquake,Ground movement,CHN,China,Eastern Asia,Asia,"Xiwuzhumuqin Qi area (Xilin Gol district, Nei Mongol Zizhiqu province)",,5.5,45.382,118.256,2004,3,24,,100,190000,,190100,74000,126130
1553,Natural,Geophysical,Earthquake,Ground movement,CHN,China,Eastern Asia,Asia,"Ludian Xian area (Zhaotong district, Yunnan Sheng province)",,5.4,27.266,103.873,2004,8,10,4,600,,120000,120600,50000,85223
1554,Natural,Geophysical,Earthquake,Ground movement,CHN,China,Eastern Asia,Asia,Gansu Sheng province,,5.2,34.682,103.781,2004,9,7,,19,19000,3000,22019,,
1555,Natural,Geophysical,Earthquake,Ground movement,DZA,Algeria,Northern Africa,Africa,Boumerdes district (Boumerdes province),,4.5,36.848,3.448,2004,12,1,,15,,,15,,
1556,Natural,Geophysical,Earthquake,Tsunami,BGD,Bangladesh,Southern Asia,Asia,"Barisal, Chittagong, Khulna provinces",,9.1,3.295,95.982,2004,12,26,2,,,,,500000,852227
1557,Natural,Geophysical,Earthquake,Tsunami,LKA,Sri Lanka,Southern Asia,Asia,"Jaffna, Kilinochchi, Mullativu, Trincomalee, Batticaloa, Ampara, Hambantota, Matara, Galle, Kalutara, Colombo, Gampaha, Puttalam, Vavuniya districts",,9.1,3.295,95.982,2004,12,26,35399,23176,516130,480000,1019306,1316500,2243914
1558,Natural,Geophysical,Earthquake,Tsunami,MDV,Maldives,Southern Asia,Asia,"Alifu Alifu, Alifu Dhaalu, Baa, Faafu, Gaafu Alifu, Gaafu Dhaalu, Haa Alifu, Haa Dhaalu, Kaafu, Laamu, Lhaviyani, Male', Meemu, Noonu, Raa, Seenu, Shaviyani, Thaa, Vaavu provinces",Tsunami/Tidal wave,9.1,3.295,95.982,2004,12,26,102,2214,12000,13000,27214,470100,801264
1559,Natural,Geophysical,Earthquake,Tsunami,MYS,Malaysia,South-eastern Asia,Asia,"Barat Daya, Timur Laut district (Pulau Pinang province)",Tsunami/Tidal wave,9.1,3.295,95.982,2004,12,26,80,767,,4296,5063,500000,852227
1560,Natural,Geophysical,Earthquake,Tsunami,THA,Thailand,South-eastern Asia,Asia,"Krabi, Phangnga, Phuket, Ranong, Satun, Trang provinces",Tsunami/Tidal wave,9.1,3.295,95.982,2004,12,26,8345,8457,58550,,67007,1000000,1704454
1561,Natural,Geophysical,Earthquake,Ground movement,BDI,Burundi,Sub-Saharan Africa,Africa,"Ruyaga village (Rugombo district, Cibitoke province)",,4.7,-3.393,29.558,2004,2,24,3,,,120,120,,
1562,Natural,Geophysical,Earthquake,Ground movement,JPN,Japan,Eastern Asia,Asia,Hukuoka province,"Slide (land, mud, snow, rock)",6.6,33.807,130.131,2005,3,20,1,735,2800,,3535,400000,659410
1563,Natural,Geophysical,Earthquake,Ground movement,PER,Peru,Latin America and the Caribbean,Americas,"Arequipa district (Arequipa province), Ilo, General Sanchez Cerro, Mariscal Nieto districts (Moquega province), Candarave, Jorge Basadre, Tacna, Tarata districts (Tacna province) ; Punta de Bombon (Islay district, Arequipa province)",,7.8,-19.987,-69.197,2005,6,13,,,,,,50,82
1564,Natural,Geophysical,Earthquake,Ground movement,IND,India,Southern Asia,Asia,Administrative unit not available districts (Jammu and Kashmir province),Fire,7.6,34.539,73.588,2005,10,8,1309,6622,,150000,156622,1000000,1648524
1565,Natural,Geophysical,Earthquake,Ground movement,TZA,United Republic of Tanzania,Sub-Saharan Africa,Africa,Kigoma province,,6.8,-6.224,29.83,2005,12,5,2,,5000,,5000,,
1566,Natural,Geophysical,Earthquake,Ground movement,CHN,China,Eastern Asia,Asia,Jiujiang district (Jiangxi Sheng province),,5.2,29.671,115.688,2005,11,26,16,8000,607500,,615500,,
1567,Natural,Geophysical,Earthquake,Ground movement,IRN,Iran (Islamic Republic of),Southern Asia,Asia,Saravan district (Sistan-o baluchestan province),,6,27.095,61.887,2005,3,13,,,21912,,21912,,
1568,Natural,Geophysical,Earthquake,Ground movement,CHN,China,Eastern Asia,Asia,"Mojiang area (Pu'er district, Yunnan Sheng province)",,4.6,23.282,101.693,2006,1,12,,1,,68760,68761,6900,11019
1569,Natural,Geophysical,Earthquake,Ground movement,BGR,Bulgaria,Eastern Europe,Europe,"Murgovo village (Kardzhali district, Kardzhali province)",,4.6,41.708,25.544,2006,2,20,,2,525,,527,,
1570,Natural,Geophysical,Earthquake,Ground movement,AFG,Afghanistan,Southern Asia,Asia,Emamsaheb district (Kunduz province),,5.6,37.255,68.828,2006,7,29,1,,740,195,935,,
1571,Natural,Geophysical,Earthquake,Ground movement,CHN,China,Eastern Asia,Asia,"Doushazhen village (Yanjin Xian area, Zhaotong district, Yunnan Sheng province)","Slide (land, mud, snow, rock)",5,28.012,104.151,2006,8,25,1,31,45520,,45551,,
1572,Natural,Geophysical,Earthquake,Ground movement,SLV,El Salvador,Latin America and the Caribbean,Americas,"San Lorenzo, Atiquizaya, Ahuachapan, Turin, El Refugio districts (Ahuachapan province)",,4.1,14.028,-89.785,2006,12,17,,,16470,,16470,,
1573,Natural,Geophysical,Earthquake,Ground movement,JPN,Japan,Eastern Asia,Asia,"Nanao, Wajima districts (Isikawa province), Niigata, Toyama provinces","Slide (land, mud, snow, rock)|Tsunami/Tidal wave",6.7,37.336,136.588,2007,3,25,1,359,,40668,41027,250000,388178
1574,Natural,Geophysical,Earthquake,Tsunami,CHL,Chile,Latin America and the Caribbean,Americas,"Puerto Aisen, Puerto Chacabuco towns (Aisen district, Aisen del General Carlos Ibañez del Campo province), Balmacada town (Coyhaique district, Aisen province), Cochrane town (Capitan Prat district, Aisen province)",Tsunami/Tidal wave,6.2,-45.243,-72.648,2007,4,21,10,,,,,,
1575,Natural,Geophysical,Earthquake,Ground movement,PER,Peru,Latin America and the Caribbean,Americas,"Pisco, Ica, Chincha districts (Ica province), Canete, Lima districts (Lima province) ; Paracas city (Pisco district, Ica province), San Vicente de Canete city (Canete district, Lima province)","Slide (land, mud, snow, rock)|Tsunami/Tidal wave",8,-13.386,-76.603,2007,8,15,593,1366,656965,,658331,600000,931627
1576,Natural,Geophysical,Earthquake,Ground movement,IDN,Indonesia,South-eastern Asia,Asia,"Bengkulu, Jambi, Riau, Sumatera Barat provinces",Tsunami/Tidal wave,8.4,-4.438,101.367,2007,9,12,25,82,422685,36800,459567,500000,776356
1577,Natural,Geophysical,Earthquake,Ground movement,USA,United States of America,Northern America,Americas,"Wells city (Elko district, Nevada province)",,5.9,41.1444,-114.8721,2008,2,21,,3,2100,,2103,,
1578,Natural,Geophysical,Earthquake,Ground movement,CHN,China,Eastern Asia,Asia,"Wenchuan Xian, Aba Xian areas (Ngawa Tibetan and Qiang district, Sichuan Sheng province), Chengdu Shi area (Chengdu district, Sichuan Sheng province), Deyang Shi, Mianzhu areas (Deyang district, Sichuan Sheng province), Beichuan Xian, Mianyang Shi areas (Mianyang district, Sichuan Sheng province), Gansu Sheng, Chongqing Shi, Guizhou Sheng, Hubei Sheng, Hunan Sheng, Henan Sheng, Shaanxi Sheng, Shanxi Sheng, Yunnan Sheng provinces","Slide (land, mud, snow, rock)",7.9,31.002,103.322,2008,5,12,87476,366596,45610000,,45976596,85000000,127100952
1579,Natural,Geophysical,Earthquake,Ground movement,JPN,Japan,Eastern Asia,Asia,Hatinohesi district (Aomori province),"Slide (land, mud, snow, rock)",6.8,39.802,141.464,2008,7,23,1,200,270,,470,110000,164484
1580,Natural,Geophysical,Earthquake,Ground movement,CHN,China,Eastern Asia,Asia,"Qingchuan area (Guangyuan district, Sichuan Sheng province)",,6,32.756,105.494,2008,8,5,4,29,,13500,13529,,
1581,Natural,Geophysical,Earthquake,Ground movement,COL,Colombia,Latin America and the Caribbean,Americas,"Quetame district (Cundinamarca province), Meta province","Slide (land, mud, snow, rock)",5.9,4.33,-73.764,2008,5,24,11,54,,1700,1754,10000,14953
1582,Natural,Geophysical,Earthquake,Ground movement,CHN,China,Eastern Asia,Asia,Sichuan Sheng province,,6.1,32.56,105.423,2008,5,25,8,1000,,350000,351000,,
1583,Natural,Geophysical,Earthquake,Ground movement,ITA,Italy,Southern Europe,Europe,"Aquila, Villa Sant'Angelo, Borgo di Castelnuovo Onna, Poggio Picenze, Tormintarte, Totani, Poggio di Roio, Massa d'Albe, Tempera, Paganica, Fossa towns (L'Aquila Province, Abruzzo region)","Slide (land, mud, snow, rock)",6.3,42.334,13.334,2009,4,6,300,2000,,70000,72000,2500000,3751602
1584,Natural,Geophysical,Earthquake,Ground movement,AFG,Afghanistan,Southern Asia,Asia,"Sherzad, Hesarak, Khogyani districts (Nangarhar province)",,5.2,34.185,70.076,2009,4,16,22,59,,3250,3309,,
1585,Natural,Geophysical,Earthquake,Ground movement,CHN,China,Eastern Asia,Asia,"Guantun village (Yao'an Xian area, Chuxiong Yi district, Yunnan Sheng province), Dali Bai district (Yunnan Sheng province)",,5.7,25.632,101.095,2009,7,9,1,336,15000,50000,65336,315000,472702
1586,Natural,Geophysical,Earthquake,Ground movement,BTN,Bhutan,Southern Asia,Asia,"Monggar, Trashigang provinces",,8.1,-15.489,-172.095,2009,9,21,11,12,,,12,,
1587,Natural,Geophysical,Earthquake,Ground movement,MEX,Mexico,Latin America and the Caribbean,Americas,Mexicali district (Baja California province),,7.2,32.2861667,-115.2953333,2010,4,4,2,232,25000,,25232,1150000,1697891
1588,Natural,Geophysical,Earthquake,Ground movement,SLB,Solomon Islands,Melanesia,Oceania,Administrative unit not available,"Slide (land, mud, snow, rock)|Tsunami/Tidal wave",7.1,-8.783,157.354,2010,1,3,,1,1125,,1126,,
1589,Natural,Geophysical,Earthquake,Ground movement,IRN,Iran (Islamic Republic of),Southern Asia,Asia,Andimeshk district (Khuzestan province),,5,32.45,48.3,2010,1,16,,,750,,750,,
1590,Natural,Geophysical,Earthquake,Ground movement,CHN,China,Eastern Asia,Asia,"Yushu Xian area (Name Unknown district, Qinghai Sheng province)",,6.9,33.165,96.548,2010,4,14,2968,12000,,100000,112000,500000,738213
1591,Natural,Geophysical,Earthquake,Ground movement,IRN,Iran (Islamic Republic of),Southern Asia,Asia,"Dorud village (Dorud district, Lorestan province), Razan village (Khorramabad district, Lorestan province)",,4.9,33.37,48.94,2010,11,6,,104,,,104,,
1592,Natural,Geophysical,Earthquake,Ground movement,SRB,Serbia,Southern Europe,Europe,Kraljevo town (Raski Province),,5.5,43.76,20.73,2010,11,3,2,120,25440,1470,27030,132260,195272
1593,Natural,Geophysical,Earthquake,Ground movement,AFG,Afghanistan,Southern Asia,Asia,Samangan province,"Slide (land, mud, snow, rock)",5.6,35.633,67.658,2010,4,18,11,70,,1000,1070,,
1594,Natural,Geophysical,Earthquake,Ground movement,NZL,New Zealand,Australia and New Zealand,Oceania,Christchurch city (Canterbury province),,6.1,-43.583,172.68,2011,2,22,181,1500,300000,,301500,15000000,21468668
1595,Natural,Geophysical,Earthquake,Ground movement,CHN,China,Eastern Asia,Asia,Yunnan Sheng province,,6.9,20.687,99.822,2011,3,24,,12,9496,,9508,,
1596,Natural,Geophysical,Earthquake,Ground movement,KGZ,Kyrgyzstan,Central Asia,Asia,Batken district (Batken province),,6.1,40.081,71.41,2011,7,19,,,,,,,
1597,Natural,Geophysical,Earthquake,Ground movement,TJK,Tajikistan,Central Asia,Asia,"Khujand, Chkalovsk areas (Hojenskiy district, Sogd province), Garmskiy district (Tadzhikistan Territories province)",,6.1,40.081,71.41,2011,7,19,,,,,,,
1598,Natural,Geophysical,Earthquake,Ground movement,NPL,Nepal,Southern Asia,Asia,"Lamjung, Syangja areas (Gandaki district, Western province), Dolakha, Ramechhap areas (Janakpur district, Central province), Khotang, Solukhumbu areas (Sagarmatha district, Eastern province), Mechi, Koshi districts (Eastern province), Bagmati district (Central province)",,6.9,27.73,88.155,2011,9,18,7,89,167860,,167949,,
1599,Natural,Geophysical,Earthquake,Ground movement,TUR,Türkiye,Western Asia,Asia,"Van, Bitlis, Hakkari provinces",,7.1,38.721,43.508,2011,10,23,604,4152,6786,22000,32938,1500000,2146867
1600,Natural,Geophysical,Earthquake,Ground movement,IDN,Indonesia,South-eastern Asia,Asia,Simeulue district (Nangroe Aceh Darussalam province),,8.6,2.327,93.063,2012,4,11,7,107,,,107,,
1601,Natural,Geophysical,Earthquake,Ground movement,CHN,China,Eastern Asia,Asia,"Ninglang Yi Zizhixian area (Liangshan Yi district, Sichuan Sheng province), Yanyuan Xian area (Lijiang district, Yunnan Sheng province)",,5.5,27.767,100.781,2012,6,24,4,394,33840,,34234,300000,420668
1602,Natural,Geophysical,Earthquake,Ground movement,IRN,Iran (Islamic Republic of),Southern Asia,Asia,"Shonbeh ,Kaki villages (Dashty district, Bushehr province), Baghan,Tasouj villages (Shiraz district, Fars province)",,6.4,28.428,51.593,2013,4,9,37,850,3500,,4350,600000,829190
1603,Natural,Geophysical,Earthquake,Ground movement,IRN,Iran (Islamic Republic of),Southern Asia,Asia,"Khash, Saravan districts (Sistan-o baluchestan province)",,7.7,28.033,61.996,2013,4,16,,27,,,27,,
1604,Natural,Geophysical,Earthquake,Ground movement,TWN,Taiwan (Province of China),Eastern Asia,Asia,Taiwan Sheng province,,6.2,23.789,121.141,2013,6,2,4,19,1500,,1519,1100,1520
1605,Natural,Geophysical,Earthquake,Ground movement,IND,India,Southern Asia,Asia,Administrive unit not available district (Jammu and Kashmir province),,5.7,33.061,75.863,2013,5,1,3,70,59280,,59350,120000,165838
1606,Natural,Geophysical,Earthquake,Ground movement,IRN,Iran (Islamic Republic of),Southern Asia,Asia,"Borazjan city (Dashtestan district, Bushehr province)",,5.8,29.32,51.31,2013,11,28,8,120,,1500,1620,,
1607,Natural,Geophysical,Earthquake,Ground movement,IRN,Iran (Islamic Republic of),Southern Asia,Asia,"Bastak city (Bandar-elengeh district, Hormozgan province)",,5.2,27.1502,54.4482,2014,1,2,1,30,300,,330,2000,2720
1608,Natural,Geophysical,Earthquake,Ground movement,GRC,Greece,Southern Europe,Europe,"Limnos Island (Lesvou district, Voreio Aigaio province), Samothrace Island (Evrou district, Anatoliki Makedonnia Kai Thraki province)",,6.9,40.2893,25.3889,2014,5,24,3,2,75000,,75002,450000,611965
1609,Natural,Geophysical,Earthquake,Ground movement,CHN,China,Eastern Asia,Asia,"Yingjiang area (Dehong Dai and Jingpo district, Yunnan Sheng province)",,5.8,24.974,97.844,2014,5,24,,15,225000,,225015,60000,81595
1610,Natural,Geophysical,Earthquake,Ground movement,DZA,Algeria,Northern Africa,Africa,"Alger, Boumerdes provinces",,5.5,36.8561,3.181,2014,8,1,6,420,,,420,,
1611,Natural,Geophysical,Earthquake,Ground movement,ZAF,South Africa,Sub-Saharan Africa,Africa,"Orkney city (Dr Kenneth Kaunda District Municipality district, North West province)",,5.4,-26.9899,26.7048,2014,8,5,1,2,2000,,2002,,
1612,Natural,Geophysical,Earthquake,Ground movement,CHN,China,Eastern Asia,Asia,Sichuan Sheng province,,5.9,30.3398,101.7374,2014,11,22,5,65,82200,90,82355,50000,67996
1613,Natural,Geophysical,Earthquake,Ground movement,CHN,China,Eastern Asia,Asia,"Yongping Xian area (Dali Bai district, Yunnan Sheng province)",,6.1,23.3834,100.4702,2014,10,7,1,324,255000,,255324,274000,372619
1614,Natural,Geophysical,Earthquake,Ground movement,CHN,China,Eastern Asia,Asia,"Weiyuan Xian area (Dingxi district, Gansu Sheng province)",,5.6,23.3577,100.533,2014,12,6,1,22,,2000,2022,,
1615,Natural,Geophysical,Earthquake,Ground movement,CHN,China,Eastern Asia,Asia,"Zhenkang Xian, Cangyuan Wa Zizhixian, Gengma Dai-Wa Zizhixian areas (Lincang district, Yunnan Sheng province)",,5.2,23.566,98.854,2015,3,1,,32,,2000,2032,15000,20375
1616,Natural,Geophysical,Earthquake,Ground movement,BGD,Bangladesh,Southern Asia,Asia,"Savar area (Dhaka district, Dhaka province), Narayanganj, Gazipur, Gopalganj districts (Dhaka province), Sunamganj district (Sylhet province), Comilla, Feni districts (Chittagong province), Habiganj district (Sylhet province), Gangachara area (Rangpur district, Rangpur province), Gaibandha district (Rangpur province), Rajshahi, Naogaon, Bogra, Pabna districts (Rajshahi province)",,7.8,28.2305,84.7314,2015,4,25,4,200,,,200,,
1617,Natural,Geophysical,Earthquake,Ground movement,CHN,China,Eastern Asia,Asia,Shigatse district (Xizang Zizhiqu province),,7.8,28.2305,84.7314,2015,4,25,29,383,200000,7500,207883,,
1618,Natural,Geophysical,Earthquake,Ground movement,IND,India,Southern Asia,Asia,"Bihar, Uttar Pradesh, West Bengal, Sikkim provinces",,7.8,28.2305,84.7314,2015,4,25,78,560,,,560,,
1619,Natural,Geophysical,Earthquake,Ground movement,NPL,Nepal,Southern Asia,Asia,"Gorkha area (Gandaki district, Western province), Dolakha, Ramechhap areas (Janakpur district, Central province), Bagmati district (Central province)","Slide (land, mud, snow, rock)",7.8,28.23,84.731,2015,4,25,8831,17932,5621790,,5639722,5174000,7027905
1620,Natural,Geophysical,Earthquake,Ground movement,NPL,Nepal,Southern Asia,Asia,"Kathmandu, Sindhupalchok areas (Bagmati district, Central province), Dolakha area (Janakpur district, Central province)","Slide (land, mud, snow, rock)",7.3,27.8087,86.0655,2015,5,12,138,2428,,,2428,,
1621,Natural,Geophysical,Earthquake,Ground movement,COD,Democratic Republic of the Congo,Sub-Saharan Africa,Africa,"Kabare, Bukavu (South Kivu)",,5.5,-2.091,28.952,2015,8,6,3,30,260,100,390,,
1622,Natural,Geophysical,Earthquake,Tsunami,CHL,Chile,Latin America and the Caribbean,Americas,"Araucania, Atacama, Biobio, Coquimbo, Libertador Gral. Bernardo O’Higgins, Maule, Metropolitana, Valparaiso provinces",Tsunami/Tidal wave,8.3,-31.5729,-71.6744,2015,9,16,19,15,681484,,681499,800000,1086649
1623,Natural,Geophysical,Earthquake,Ground movement,TJK,Tajikistan,Central Asia,Asia,"Murgabskiy, Rushanskiy, Shugnanskiy, Vanchskiy, Kalay-Humbskiy districts (Badakhshoni Kuni province)",,7.2,38.211,72.78,2015,12,7,2,14,7962,,7976,5000,6792
1624,Natural,Geophysical,Earthquake,Ground movement,TLS,Timor-Leste,South-eastern Asia,Asia,Dili province,,6.5,-8.3381,124.8754,2015,11,4,,3,,2000,2003,4000,5433
1625,Natural,Geophysical,Earthquake,Ground movement,IND,India,Southern Asia,Asia,"Guwahati city (Kamrup district, Assam province), East Imphal, West Imphal, Senapati, Thoubal, Bishnupur, Tamenglong districts (Manipur province)",,6.7,24.804,93.65,2016,1,3,8,308,10500,,10808,75000,100604
1626,Natural,Geophysical,Earthquake,Ground movement,JPN,Japan,Eastern Asia,Asia,"Mashiki, Kumamoto province (Kyushu Isl.)",,6.2,32.788,130.7,2016,4,14,9,800,120000,,120800,,
1627,Natural,Geophysical,Earthquake,Ground movement,ECU,Ecuador,Latin America and the Caribbean,Americas,"Esmeraldas district (Esmeraldas province), Portoviejo district (Manabi province)",,6.8,0.495,-79.62,2016,5,18,1,87,60,,147,,
1628,Natural,Geophysical,Earthquake,Ground movement,TJK,Tajikistan,Central Asia,Asia,"Rasht region (Garmskiy district, Tadzhikistan Territories province)",,5,38.883,70.626,2016,7,1,,,155,,155,,
1629,Natural,Geophysical,Earthquake,Ground movement,KOR,Republic of Korea,Eastern Asia,Asia,Kyonju,,5.4,35.781,129.216,2016,9,12,,32,29800,,29832,21000,28169
1630,Natural,Geophysical,Earthquake,Ground movement,ITA,Italy,Southern Europe,Europe,"Visso, Ussita (Macerata district, Marche province)",,6.1,42.934,13.043,2016,10,26,1,24,3003,,3027,200000,268278
1631,Natural,Geophysical,Earthquake,Ground movement,ITA,Italy,Southern Europe,Europe,"Norcia (Perugia district, Umbria province)",,6.5,42.855,13.088,2016,10,30,,20,22272,,22292,200000,268278
1632,Natural,Geophysical,Earthquake,Ground movement,SLB,Solomon Islands,Melanesia,Oceania,"Malaita, Makira-Ulawa, Temotu provinces",Tsunami/Tidal wave,7.8,-10.676,161.33,2016,12,8,,1,9769,,9770,,
1633,Natural,Geophysical,Earthquake,Ground movement,PHL,Philippines,South-eastern Asia,Asia,Surigao city,,6.7,,,2016,3,30,8,202,,,202,,
1634,Natural,Geophysical,Earthquake,Ground movement,CHN,China,Eastern Asia,Asia,Xinjiang region (China); also Taxhorgan (Tajikistan),,5.4,37.643,75.31,2017,5,11,8,23,,7600,7623,123000,161550
1635,Natural,Geophysical,Earthquake,Ground movement,PHL,Philippines,South-eastern Asia,Asia,Surigao Del Norte district (Region XIII (Caraga) province),,6.7,9.907,125.452,2017,2,10,8,202,16655,,16857,13974,18354
1636,Natural,Geophysical,Earthquake,Ground movement,PHL,Philippines,South-eastern Asia,Asia,"Verde Island Passage (Tingloy, Maricaban Island). Batangas and Laguna provinces","Slide (land, mud, snow, rock)",5.9,13.77,120.935,2017,4,8,,,25000,,25000,2000,2627
1637,Natural,Geophysical,Earthquake,Ground movement,GRC,Greece,Southern Europe,Europe,"Vrisa, Plomarion,Plagias, Chios, Kampas, Skala, Polichnitos, Mytilene (Lesbos)","Slide (land, mud, snow, rock)",6.3,38.915,26.371,2017,6,12,1,11,720,,731,,
1638,Natural,Geophysical,Earthquake,Ground movement,PHL,Philippines,South-eastern Asia,Asia,"Kananga (Leyte Isl), Ormoc City, Carigara",,6.5,11.111,124.619,2017,7,6,3,448,16052,,16500,4364,5732
1639,Natural,Geophysical,Earthquake,Ground movement,ITA,Italy,Southern Europe,Europe,"Casamicciola Terme, Lacco Ameno (Ischia Isl.), near Flegrea coast of Campania (Naples province)",,4.3,40.783,13.939,2017,8,21,2,42,2600,,2642,,
1640,Natural,Geophysical,Earthquake,Ground movement,IDN,Indonesia,South-eastern Asia,Asia,"Jakarta,West Java (Ciamis regency), Central Java (Pekalongan) and Yogyakarta,",,6.5,-7.492,108.174,2017,12,15,4,36,8859,,8895,,
1641,Natural,Geophysical,Earthquake,Ground movement,IRN,Iran (Islamic Republic of),Southern Asia,Asia,"Tehran region (Malard, Alborz), Saveh city",,4.9,35.649,50.962,2017,12,20,2,120,,,120,,
1642,Natural,Geophysical,Earthquake,Ground movement,CHN,China,Eastern Asia,Asia,Sichuan Province,,4.9,29.47,104.609,2019,2,25,2,12,32733,27,32772,2000,2519
1643,Natural,Geophysical,Earthquake,Ground movement,SLV,El Salvador,Latin America and the Caribbean,Americas,Intipuca (La Union); Chirilagua (San Miguel),"Slide (land, mud, snow, rock)",5.4,13.104,-88.062,2018,5,6,,1,2499,,2500,,
1644,Natural,Geophysical,Earthquake,Ground movement,CHL,Chile,Latin America and the Caribbean,Americas,Coquimbo,,6.7,-30.074,-71.423,2019,1,19,2,,780,,780,,
1645,Natural,Geophysical,Earthquake,Ground movement,IDN,Indonesia,South-eastern Asia,Asia,Lombok Isl. (West Nusa Tenggara),,5.6,-8.418,116.521,2019,3,17,6,182,22280,,22462,,
1646,Natural,Geophysical,Earthquake,Ground movement,SLV,El Salvador,Latin America and the Caribbean,Americas,San Martín municipality (San Salvador Department),"Slide (land, mud, snow, rock)",6.6,13.243,-89.272,2019,5,30,1,,160,,160,,
1647,Natural,Geophysical,Earthquake,Ground movement,PER,Peru,Latin America and the Caribbean,Americas,"Libertad, Loreto, Cajamarca, San Martín departments",,8,-5.812,-75.27,2019,5,26,2,15,4257,,4272,,
1648,Natural,Geophysical,Earthquake,Ground movement,CHN,China,Eastern Asia,Asia,Yibin (Sichuan province),,5.8,28.405,104.957,2019,6,17,13,220,244000,,244220,1300000,1637057
1649,Natural,Geophysical,Earthquake,Ground movement,PHL,Philippines,South-eastern Asia,Asia,"Cantilan, Carmen, Carrascal, Lanuza, Madrid (Surigao del Sur)",,5.8,9.328,126.043,2019,7,13,,52,9525,,9577,,
1650,Natural,Geophysical,Earthquake,Ground movement,CHN,China,Eastern Asia,Asia,Neijiang (Sichuan Province),,5,29.53,104.931,2019,9,8,1,63,15123,396,15582,,
1651,Natural,Geophysical,Earthquake,Ground movement,PAK,Pakistan,Southern Asia,Asia,Mirpur district (Southern Azad Jammu and Kashmir Territory),,5.6,33.106,73.766,2019,9,24,39,746,129652,,130398,17000,21408
1652,Natural,Geophysical,Earthquake,Ground movement,ECU,Ecuador,Latin America and the Caribbean,Americas,"Azuay, Manabi, Morona Sant",,7.5,-2.199,-77.023,2019,2,22,,9,225,15,249,,
1653,Natural,Geophysical,Earthquake,Ground movement,PHL,Philippines,South-eastern Asia,Asia,Cotabato Province,,6.5,6.905,125.187,2019,10,31,23,417,260286,,260703,,