Nº,Disaster Group,Disaster Subgroup,Disaster Type,Disaster Subtype,ISO,Country,Subregion,Region,Location,Associated Types,Magnitude,Latitude,Longitude,Start Year,Start Month,Start Day,Total Deaths,No. Injured,No. Affected,No. Homeless,Total Affected,Total Damage ('000 US$),"Total Damage, Adjusted ('000 US$)"
1,Natural,Geophysical,Earthquake,Ground movement,ECU,Ecuador,Latin America and the Caribbean,Americas,"Esmeraldas, Eloy Alfaro, Atacames, Muisne, Quinindé, Rioverde, and San Lorenzo cantons (Esmeraldas Province)",,6.3,1.084,-79.532,2025,4,25,,49,8241,222,8512,,
2,Natural,Geophysical,Earthquake,Ground movement,AFG,Afghanistan,Southern Asia,Asia,"Chawka, Nurgal, chapa Dara, Dara-e-Pech and Watapur districts (Kunar Province); Dara-e-Nur, Jalalabad city, Behsud and Kuz Kunar district (Nangarhar Province); Alingar, Mehtarlam and Qarghayi districts (Laghman Province); Nuristan province",,6,34.519,70.734,2025,8,31,2200,3600,1301000,,1304600,180000,180000
3,Natural,Geophysical,Earthquake,Ground movement,MEX,Mexico,Latin America and the Caribbean,Americas,"Guerrero, Mexico city, Morelos, Acapulco and Chilpancingo",,6.5,16.875,-99.336,2026,1,2,1,12,15930,210,16152,,
4,Natural,Geophysical,Earthquake,Ground movement,PAK,Pakistan,Southern Asia,Asia,47 km north-west of the Barishal Town,"Slide (land, mud, snow, rock)",5.6,,,2026,1,19,1,2,150,,152,,
5,Natural,Geophysical,Earthquake,Ground movement,GRC,Greece,Southern Europe,Europe,"Souli, Psina","Slide (land, mud, snow, rock)",5.5,39.72,20.71,2026,3,8,,,420,,420,,
6,Natural,Geophysical,Earthquake,Ground movement,AFG,Afghanistan,Southern Asia,Asia,"Kabul, Panjsher, Logar, Nangarhar, Laghman and Nuristan provinces",,5.8,36.548,70.852,2026,4,3,12,4,165,25,194,,
7,Natural,Geophysical,Earthquake,Ground movement,IDN,Indonesia,South-eastern Asia,Asia,"Flores Timur Regency, East Nusa Tenggara",,4.9,,,2026,4,8,,18,1116,,1134,,
8,Natural,Geophysical,Earthquake,Ground movement,TUR,Türkiye,Western Asia,Asia,"Özalp, Saray, Gürpinar Districts (Van Province)",,5.4,38.558,44.023,2020,6,25,,5,273,,278,,
9,Natural,Geophysical,Earthquake,Ground movement,IDN,Indonesia,South-eastern Asia,Asia,East Java region,,6,-8.562,112.519,2021,4,11,9,39,5520,420,5979,,
10,Natural,Geophysical,Earthquake,Ground movement,HRV,Croatia,Southern Europe,Europe,"Sisak, Petrinja, Glina, Hrvatska Kostajnica, Zagreb county, Karlovac county",,6.4,45.422,16.255,2020,12,29,8,36,149371,,149407,6223400,7741473
11,Natural,Geophysical,Earthquake,Ground movement,DZA,Algeria,Northern Africa,Africa,Mila province,,4.9,,,2020,8,7,,,15000,,15000,,
12,Natural,Geophysical,Earthquake,Ground movement,IDN,Indonesia,South-eastern Asia,Asia,Pandeglang (Banten Province); Bandar Lampung (Lampung Province),,6.9,-7.282,104.791,2019,8,2,6,4,2100,,2104,,
13,Natural,Geophysical,Earthquake,Ground movement,IDN,Indonesia,South-eastern Asia,Asia,"Mamuju, Majene, Polewali Mandar districts (West Sulawesi Province)","Slide (land, mud, snow, rock)",6.2,-2.976,118.901,2021,1,15,110,826,99827,,100653,58700,69742
14,Natural,Geophysical,Earthquake,Ground movement,IRN,Iran (Islamic Republic of),Southern Asia,Asia,"Esfahan, Kohgiluyeh and Boyer-Ahmad provinces",,5.6,,,2021,2,17,2,63,257661,,257724,10000,11881
15,Natural,Geophysical,Earthquake,Ground movement,ALB,Albania,Southern Europe,Europe,Korçë county,,5.2,40.526,20.703,2019,6,1,,4,300,,304,,
16,Natural,Geophysical,Earthquake,Ground movement,CHN,China,Eastern Asia,Asia,"Yanbi, Yongping (Yunnan province)",,6.1,25.761,100.011,2021,5,21,3,28,39000,,39028,516000,613067
17,Natural,Geophysical,Earthquake,Tsunami,IDN,Indonesia,South-eastern Asia,Asia,"Dongalla, Sigi (dongalla), Parigi Moutong, Palu, Poso, Mamuju Utara (Celebas Isl., Central Sulawesi)",Liquefaction|Tsunami/Tidal wave,7.5,-0.256,119.846,2018,9,28,4140,,2000000,,2000000,1450000,1859040
18,Natural,Geophysical,Earthquake,Ground movement,MEX,Mexico,Latin America and the Caribbean,Americas,Southern Guerrero State,Tsunami/Tidal wave,7,16.982,-99.773,2021,9,8,3,,21951,,21951,200000,237623
19,Natural,Geophysical,Earthquake,Ground movement,PNG,Papua New Guinea,Melanesia,Oceania,South Highlands,"Slide (land, mud, snow, rock)",6,-6.331,142.599,2018,3,5,11,,,,,,
20,Natural,Geophysical,Earthquake,Ground movement,MEX,Mexico,Latin America and the Caribbean,Americas,Oaxaca,,7.2,16.646,-97.653,2018,2,16,,4,3000,,3004,,
21,Natural,Geophysical,Earthquake,Ground movement,GRC,Greece,Southern Europe,Europe,"Arkalochori, Archontiko, Roussochoria, Patsideros, Heraklion, Minoa Pediadas",,6,35.252,25.26,2021,9,27,1,20,,2316,2336,30000,35643
22,Natural,Geophysical,Earthquake,Ground movement,JPN,Japan,Eastern Asia,Asia,"Hyogo, Kyoto, Nara, Osaka Prefectures",,5.5,34.826,135.64,2018,6,18,5,417,20298,,20715,3250000,4166813
23,Natural,Geophysical,Earthquake,Ground movement,IDN,Indonesia,South-eastern Asia,Asia,Karangasem and Bangli Regencies (Bali),,5.1,-8.356,115.458,2021,10,16,3,82,2620,1830,4532,,
24,Natural,Geophysical,Earthquake,Ground movement,IDN,Indonesia,South-eastern Asia,Asia,"Jakarta, Sukabumi, Bogor , Bogor city (Java), Cianjur, Lebak, Pandeglang, Serang (Banten)",,6,-7.196,105.918,2018,1,23,1,11,13800,,13811,80000,102568
25,Natural,Geophysical,Earthquake,Ground movement,CHN,China,Eastern Asia,Asia,"Gansu, Ningxia, Qinghai Province",,6.6,37.828,101.29,2022,1,8,,9,26490,,26499,541000,595142
26,Natural,Geophysical,Earthquake,Ground movement,PER,Peru,Latin America and the Caribbean,Americas,Barranca District (Datem del Marañón Province),,6.5,-4.466,-76.928,2022,2,3,,,300,,300,,
27,Natural,Geophysical,Earthquake,Ground movement,KGZ,Kyrgyzstan,Central Asia,Asia,"Karamyk, Jekendi, Kara-Teyit, Chuluk, Shibee villages (Chong Alay District, Osh province), Kadamjai District of the Batken Province",,6,39.494,71.444,2017,5,3,,,5000,,5000,,
28,Natural,Geophysical,Earthquake,Ground movement,IRQ,Iraq,Western Asia,Asia,"Sulaymaniyah governorate areas, Kalar, Darbandikhan, Khanaqin and Halabja, Sulaymaniyah, Erbil",,7.3,34.911,45.959,2017,11,12,10,469,5500,,5969,,
29,Natural,Geophysical,Earthquake,Ground movement,GTM,Guatemala,Latin America and the Caribbean,Americas,"Escuintla, Baja Verapaz, Chimaltenango, Guatemala, Quetzaltenango, Sacatepéquez, Sololá, Suchitepéquez and Totonicapán departments",,6.2,14.228,-91.343,2022,2,16,3,2,31300,,31302,,
30,Natural,Geophysical,Earthquake,Ground movement,JPN,Japan,Eastern Asia,Asia,Fukushima Prefecture,,7.3,37.702,141.587,2022,3,16,3,183,558,,741,8800000,9680681
31,Natural,Geophysical,Earthquake,Ground movement,ECU,Ecuador,Latin America and the Caribbean,Americas,"Cotopaxi, Esmeraldas, Guayas, Imbabura, Los Ríos, Manabí, Pichincha, Santo Domingo de los Tsáchilas, Tungurahua",,5.8,0.909,-79.589,2022,3,26,1,2,7802,,7804,,
32,Natural,Geophysical,Earthquake,Ground movement,BIH,Bosnia and Herzegovina,Southern Europe,Europe,Ljubinje and Capljina,,5.6,,,2022,4,23,1,2,1050,,1052,26000,28602
33,Natural,Geophysical,Earthquake,Ground movement,MEX,Mexico,Latin America and the Caribbean,Americas,"Oaxaca (Juchitan), Chiapas (Cintapala),Tabasco states","Slide (land, mud, snow, rock)|Tsunami/Tidal wave",8.1,15.022,-93.899,2017,9,8,98,250,1200000,,1200250,2300000,3020846
34,Natural,Geophysical,Earthquake,Ground movement,CHN,China,Eastern Asia,Asia,Sichuan,,5.9,33.373,101.887,2022,6,10,,4,780,,784,,
35,Natural,Geophysical,Earthquake,Ground movement,CHN,China,Eastern Asia,Asia,Sichuan province,,6.6,29.726,102.279,2022,9,5,118,400,130000,,130400,2300000,2530178
36,Natural,Geophysical,Earthquake,Ground movement,PER,Peru,Latin America and the Caribbean,Americas,"Lampa, Paratia cities (Lampa district, Puno province)",,6.3,-15.321,-70.827,2016,12,1,1,17,200,40,257,,
37,Natural,Geophysical,Earthquake,Ground movement,TWN,Taiwan (Province of China),Eastern Asia,Asia,"Hualien, Kaohsiung City and Taitung City",,6.5,23.119,121.422,2022,9,18,1,140,,,140,50000,55004
38,Natural,Geophysical,Earthquake,Ground movement,MEX,Mexico,Latin America and the Caribbean,Americas,"Mexico; Coalcomán Municipality (Michoacán); Colima, Guerrero Jalisco States.",,6.8,18.247,-102.952,2022,9,22,3,5,18000,,18005,,
39,Natural,Geophysical,Earthquake,Ground movement,MEX,Mexico,Latin America and the Caribbean,Americas,"Colima, Michoacán, Jalisco States",Tsunami/Tidal wave,7.6,18.497,-102.982,2022,9,19,2,9,15453,2424,17886,25000,27502
40,Natural,Geophysical,Earthquake,Ground movement,ITA,Italy,Southern Europe,Europe,"Avezzano, Campotosto, Montereale, Capitignano, Ortolano di Campoposto, Mopolino (L’Aquila); Csatel Castagna, Csatigkione Messer Raimondo, Prati di Tivo (Teramao); Abruzzo (Pescara), Lazio (Rieti), Marche (Ascoli Piceno, Macerata, Fermo, Ancona) region","Avalanche (Snow, Debris)",5.3,42.601,13.227,2017,1,18,29,11,,,11,18000,23641
41,Natural,Geophysical,Earthquake,Ground movement,IRN,Iran (Islamic Republic of),Southern Asia,Asia,"Khoy, Salmas, Chaypareh (Khoy County, West Azerbaijan Province)",,5.6,38.493,45.038,2022,10,5,,1127,11288,150,12565,,
42,Natural,Geophysical,Earthquake,Ground movement,IDN,Indonesia,South-eastern Asia,Asia,Dompu district (Nusatenggara Barat Province),,5.6,-8.194,117.814,2016,8,1,,,3410,,3410,,
43,Natural,Geophysical,Earthquake,Ground movement,IDN,Indonesia,South-eastern Asia,Asia,"Pidie Jaya district (Nangroe Aceh Darussalam province, Sumatra Isl.)",,6.5,5.281,96.108,2016,12,7,104,857,85161,,86018,100000,134139
44,Natural,Geophysical,Earthquake,Ground movement,USA,United States of America,Northern America,Americas,Humboldt County (California),,6.4,40.525,124.423,2022,12,20,2,12,,,12,250000,275019
45,Natural,Geophysical,Earthquake,Ground movement,PAK,Pakistan,Southern Asia,Asia,Khyber Pakhtunkhwa,,6.5,36.519,70.946,2023,3,21,11,79,860,,939,,
46,Natural,Geophysical,Earthquake,Ground movement,MKD,North Macedonia,Southern Europe,Europe,Skopje province,,5.1,42.009,21.49,2016,9,11,,100,,,100,10000,13414
47,Natural,Geophysical,Earthquake,Ground movement,UGA,Uganda,Sub-Saharan Africa,Africa,"Minziro, Kanabulemu parish (Kakuuto district, Rakai province)",,5.9,-1.036,31.618,2016,9,10,4,,,590,590,,
48,Natural,Geophysical,Earthquake,Ground movement,TZA,United Republic of Tanzania,Sub-Saharan Africa,Africa,"Bukoba, Karagwe, Missenyi district (Kagera province)",,5.9,1.036,31.618,2016,9,10,17,440,139161,,139601,458000,614356
49,Natural,Geophysical,Earthquake,Ground movement,TUR,Türkiye,Western Asia,Asia,Yesilyurt District (Malatya province),,5.2,,,2023,2,27,1,110,,90,200,,
50,Natural,Geophysical,Earthquake,Ground movement,TUR,Türkiye,Western Asia,Asia,"Defne District (Hatay Province, southern Türkiye)",,6.3,36.159,36.034,2023,2,20,6,294,,,294,,
51,Natural,Geophysical,Earthquake,Ground movement,SYR,Syrian Arab Republic,Western Asia,Asia,Northwest,,5.2,,,2023,2,27,,150,,,150,,
52,Natural,Geophysical,Earthquake,Ground movement,IRN,Iran (Islamic Republic of),Southern Asia,Asia,Khoy City (West Azerbaijan Province),,5.6,,,2023,3,24,,239,,,239,,
53,Natural,Geophysical,Earthquake,Ground movement,PNG,Papua New Guinea,Melanesia,Oceania,East Sepik Province,,7,-4.326,143.159,2023,4,2,8,11,13635,2628,16274,,
54,Natural,Geophysical,Earthquake,Ground movement,TJK,Tajikistan,Central Asia,Asia,Sughd province,,4.8,39.383,69.881,2023,3,23,,3,2202,,2205,,
55,Natural,Geophysical,Earthquake,Ground movement,CHN,China,Eastern Asia,Asia,Yunnan Province,,5.3,,,2023,5,2,,10,8400,,8410,30000,31698
56,Natural,Geophysical,Earthquake,Ground movement,TWN,Taiwan (Province of China),Eastern Asia,Asia,"Tainan city (Name Unkown district, Taiwan Sheng province)",Collapse,6.4,22.938,120.6,2016,2,6,117,525,,,525,700000,938972
57,Natural,Geophysical,Earthquake,Ground movement,IDN,Indonesia,South-eastern Asia,Asia,"Maluku, Maluku Utara provinces",,5.6,-3.863,127.229,2016,1,16,1,22,1150,,1172,,
58,Natural,Geophysical,Earthquake,Ground movement,PAK,Pakistan,Southern Asia,Asia,"Islamabad District district (Islamabad province), Chakwal District, Gujranwala District, Jhang District, Jhelum District, Kasur District, Mianwali District, Multan District, Muzaffargarh District, Narowal District, Rawalpindi District, Sahiwal District, Sargodha District, Sheikhupura District districts (Punjab province), Azad area (Jammu and Kashmir province), North-West Frontier province",,7.5,36.5244,70.3676,2015,10,25,280,1745,366945,133900,502590,,
59,Natural,Geophysical,Earthquake,Ground movement,IND,India,Southern Asia,Asia,"Administrative unit not available districts (Jammu and Kashmir province), Delhi, Punjab provinces",,7.5,36.5244,70.3676,2015,10,26,,10,,,10,,
60,Natural,Geophysical,Earthquake,Ground movement,AFG,Afghanistan,Southern Asia,Asia,"Badakhshan, Baghlan, Ghazni, Kapisa, Khost, Kunar, Nangarhar, Paktya, Panjsher, Parwan, Takhar, Kunduz, Nuristan, Laghman, Kabul provinces",,7.5,36.5244,70.3676,2015,10,26,115,58080,,34645,92725,,
61,Natural,Geophysical,Earthquake,Ground movement,IDN,Indonesia,South-eastern Asia,Asia,Sorong district (Papua Barat province),,6.6,-0.621,131.262,2015,9,24,,62,12185,,12247,,
62,Natural,Geophysical,Earthquake,Ground movement,ISL,Iceland,Northern Europe,Europe,Grindavik (Reykjanes peninsula),Volcanic activity,,,,2023,10,25,,,3665,,3665,75000,79244
63,Natural,Geophysical,Earthquake,Ground movement,PHL,Philippines,South-eastern Asia,Asia,"Glan, Kiamba, Polompok, and General Santos City (Davao Occidental in Region XI, southern Mindanao)",,6.7,5.583,125.022,2023,11,17,11,37,99541,,99578,25393,26830
64,Natural,Geophysical,Earthquake,Ground movement,CHN,China,Eastern Asia,Asia,"Xilkiqi village (Pishan area, Khotan district, Xinjiang Uygur Zizhiqu province)",,6.4,37.4593,78.1542,2015,7,3,4,48,3000,,3048,3200,4347
65,Natural,Geophysical,Earthquake,Ground movement,CHN,China,Eastern Asia,Asia,"Shawan area (Tacheng district, Xinjiang Uygur Zizhiqu province)",,5.1,44.133,85.568,2015,2,22,,,8640,,8640,14650,19899
66,Natural,Geophysical,Earthquake,Ground movement,JPN,Japan,Eastern Asia,Asia,"Hakuba village (Hakubamura district, Nagano province)",,6.2,36.6408,137.8875,2014,11,22,,41,2466,150,2657,2000,2720
67,Natural,Geophysical,Earthquake,Ground movement,USA,United States of America,Northern America,Americas,"San Francisco Bay (San Francisco district) , Napa Valley (Napa district) ; Sonoma, Solano district (California province) ; Vallejo, Mare Island cities (Solano district, California province)",Fire,6.02,38.2151667,-122.3123333,2014,8,24,1,250,3000,,3250,700000,951946
68,Natural,Geophysical,Earthquake,Ground movement,IRN,Iran (Islamic Republic of),Southern Asia,Asia,"Moormoori village (Abdanan district, Ilam province), Tape Hamane Oliya, Tape Hamane Sofla villages (Dehloran district, Ilam province)",,6,32.5827,47.7037,2014,8,18,,250,,12000,12250,43000,58477
69,Natural,Geophysical,Earthquake,Ground movement,COM,Comoros,Sub-Saharan Africa,Africa,Anjouan province,"Slide (land, mud, snow, rock)",4.8,-12.228,44.3,2014,3,12,,,10000,,10000,,
70,Natural,Geophysical,Earthquake,Ground movement,MEX,Mexico,Latin America and the Caribbean,Americas,Chiapas province,,6.9,14.724,-92.4614,2014,7,7,3,,27000,,27000,,
71,Natural,Geophysical,Earthquake,Ground movement,ETH,Ethiopia,Sub-Saharan Africa,Africa,"Southern Afar, northern Oromia, Amhara regions",Volcanic activity,5.2,9.459,40.122,2025,1,4,2,2,99950,,99952,,
72,Natural,Geophysical,Earthquake,Ground movement,THA,Thailand,South-eastern Asia,Asia,"Chiang Rai, Chiang Mai, Lampang, Lamphun, Mae Hong Son, Phayao, Phrae, Nan provinces",,6.1,19.6557,99.6696,2014,5,5,1,23,17500,,17523,62000,84315
73,Natural,Geophysical,Earthquake,Ground movement,TWN,Taiwan (Province of China),Eastern Asia,Asia,Taiwan,,6,23.234,120.475,2025,1,21,,27,,,27,1300000,1300000
74,Natural,Geophysical,Earthquake,Ground movement,MMR,Myanmar,South-eastern Asia,Asia,"Sagaing, Mandalay, Magway, Shan, Naypyidaw et Bago",,7.7,21.996,95.926,2025,3,28,3820,5104,1350000,,1355104,11000000,11000000
75,Natural,Geophysical,Earthquake,Ground movement,CHN,China,Eastern Asia,Asia,Dali Bai district (Yunnan Sheng province),,5.1,25.953,99.782,2013,4,17,,10,80545,,80555,38000,52515
76,Natural,Geophysical,Earthquake,Ground movement,TWN,Taiwan (Province of China),Eastern Asia,Asia,"Puli city (Name Unknown district, Taiwan Sheng province)",,5.9,23.828,121.215,2013,3,27,1,97,,,97,1000,1382
77,Natural,Geophysical,Earthquake,Tsunami,JPN,Japan,Eastern Asia,Asia,"Hokkaido, Iwate, Miyagi, Fukushima, and Chiba prefectures",Tsunami/Tidal wave,8.8,52.498,160.264,2025,7,29,1,11,,,11,,
78,Natural,Geophysical,Earthquake,Ground movement,GTM,Guatemala,Latin America and the Caribbean,Americas,Jerez municipality (Jutiapa department),,5.7,14.055,-89.883,2025,7,29,9,9,14541,,14550,,
79,Natural,Geophysical,Earthquake,Ground movement,NZL,New Zealand,Australia and New Zealand,Oceania,"Wellington's Central Business Center, Paraparaumu, Wainuiomata, Porirua, Hutt Valley areas (Wellington province)",,6.5,-41.704,174.337,2013,7,21,,4,13836,,13840,50000,69099
80,Natural,Geophysical,Earthquake,Ground movement,AFG,Afghanistan,Southern Asia,Asia,"Kama, Dehbala, Lalpur, Surkhrod, Kuzkunar, Sherzad, Khogyani, Chaparhar, Dara-e-Nur, Goshta, Durbaba, Muhmand Dara, Behsud, Jalalabad, Batikot, Hesarak, Shinwar, Achin districts (Nangarhar province), Nurgal, Khaskunar, Sarkani, Chawkay (Kunar province)",,5.5,34.526,70.22,2013,4,24,18,141,3390,,3531,,
81,Natural,Geophysical,Earthquake,Ground movement,JPN,Japan,Eastern Asia,Asia,Hyogo province,,5.8,34.369,134.828,2013,4,12,,32,8406,,8438,,
82,Natural,Geophysical,Earthquake,Ground movement,CHN,China,Eastern Asia,Asia,"Lushan area (Ya'an district, Sichuan Sheng province)",,6.6,30.308,102.888,2013,4,20,198,14785,2184000,,2198785,6800000,9397491
83,Natural,Geophysical,Earthquake,Ground movement,IDN,Indonesia,South-eastern Asia,Asia,Sarmi region (Papua),,6.5,-2.168,138.938,2025,10,16,,,250,,250,,
84,Natural,Geophysical,Earthquake,Ground movement,IRN,Iran (Islamic Republic of),Southern Asia,Asia,Dashty district (Bushehr province),,5.4,28.093,51.755,2002,2,17,1,30,750,,780,,
85,Natural,Geophysical,Earthquake,Ground movement,BGD,Bangladesh,Southern Asia,Asia,"Dhaka, Narayanganj, Gazipur, and Narayanganj",,5.4,23.808,90.649,2025,11,21,10,507,,,507,,
86,Natural,Geophysical,Earthquake,Ground movement,AZE,Azerbaijan,Western Asia,Asia,"Zagatala, Gakh districts (Shaki-Zaqatala province)",,5.1,41.439,46.789,2012,5,18,,,,6949,6949,,
87,Natural,Geophysical,Earthquake,Ground movement,IRN,Iran (Islamic Republic of),Southern Asia,Asia,"Zohan, Ghayen villages (Gaenat district, Khorasan province), Zirkooh, Hoserobat (Birjand district, Khorasan province)",,5.8,33.506,59.571,2012,12,5,6,23,5500,,5523,,
88,Natural,Geophysical,Earthquake,Ground movement,TUR,Türkiye,Western Asia,Asia,Poturge district (Malatya province),,4.5,38.164,38.777,2000,5,7,1,,1000,,1000,,
89,Natural,Geophysical,Earthquake,Ground movement,MMR,Myanmar,South-eastern Asia,Asia,"Chaung-U area (Monywa district, Sagaing province), Kyaukmyaung village (Shwebo district, Sagaing province), Myaung area (Sagaing district, Sagaing province), Mogok, Singu, Thabeikkyin areas (Pyin-Oo-Lwin district, Mandalay province), Kyaukse district (Mandalay province)","Slide (land, mud, snow, rock)",6.8,23.005,95.885,2012,11,11,38,231,1255,,1486,1170,1641
90,Natural,Geophysical,Earthquake,Ground movement,CHN,China,Eastern Asia,Asia,"Yiliang area (Zhaotong district, Yunnan Sheng province), Weining area (Bijie district, Guizhou Sheng province)",,5.5,27.575,103.983,2012,9,7,81,821,744000,,744821,1000000,1402228
91,Natural,Geophysical,Earthquake,Ground movement,AFG,Afghanistan,Southern Asia,Asia,Nahrin district (Baghlan province),"Slide (land, mud, snow, rock)",6.1,36.062,69.315,2002,3,25,1000,1228,80000,10000,91228,,
92,Natural,Geophysical,Earthquake,Ground movement,AFG,Afghanistan,Southern Asia,Asia,Hindu Kush Mountain,,6.5,36.519,70.946,2023,3,21,5,80,3265,,3345,,
93,Natural,Geophysical,Earthquake,Ground movement,COL,Colombia,Latin America and the Caribbean,Americas,"Paratebueno, Villavicencio, and Medina municipalities (Valle del Cauca Department)",,6.3,4.49,-73.139,2025,6,8,,31,1080,540,1651,,
94,Natural,Geophysical,Earthquake,Ground movement,PER,Peru,Latin America and the Caribbean,Americas,Lima region,"Slide (land, mud, snow, rock)",5.6,-12.166,-77.442,2025,6,15,2,135,492,12,639,,
95,Natural,Geophysical,Earthquake,Ground movement,IDN,Indonesia,South-eastern Asia,Asia,Bengkulu province (south-western Sumatra island),,5.7,,,2025,5,22,,11,170,,181,,
96,Natural,Geophysical,Earthquake,Ground movement,TUR,Türkiye,Western Asia,Asia,Marmara region,,6.2,,,2025,4,23,,236,,,236,100000,100000
97,Natural,Geophysical,Earthquake,Ground movement,CHN,China,Eastern Asia,Asia,"Ruili city (Yunnan province); Guizhou, Guangxci, Sichuan proivinces",,7.7,21.996,95.926,2025,3,28,,2,2840,,2842,,
98,Natural,Geophysical,Earthquake,Ground movement,CHN,China,Eastern Asia,Asia,"Xizang, Tibet Autonomous Region",,7.1,28.573,87.375,2025,1,7,126,188,46500,,46688,1250000,1250000
99,Natural,Geophysical,Earthquake,Ground movement,CUB,Cuba,Latin America and the Caribbean,Americas,"Bartolomé Masó, Pilón and Niquero municipalities (Granma province)","Slide (land, mud, snow, rock)",6.8,19.812,-77.039,2024,11,10,,7,6000,,6007,,
100,Natural,Geophysical,Earthquake,Ground movement,TUR,Türkiye,Western Asia,Asia,"Kale (Malatya province) , Sanliurfa,Elazig provinces",,6,38.309,38.826,2024,10,16,,43,1605,69,1717,,
101,Natural,Geophysical,Earthquake,Ground movement,IRN,Iran (Islamic Republic of),Southern Asia,Asia,Razavi Khorasan province,,4.9,35.261,58.458,2024,6,18,4,120,,,120,,
102,Natural,Geophysical,Earthquake,Ground movement,TWN,Taiwan (Province of China),Eastern Asia,Asia,Hualien region,"Slide (land, mud, snow, rock)|Tsunami/Tidal wave",7.4,23.819,121.562,2024,4,3,20,1145,891,333,2369,2530000,2596572
103,Natural,Geophysical,Earthquake,Ground movement,IDN,Indonesia,South-eastern Asia,Asia,Gresik Regency (East Java province),,6.4,-5.867,112.362,2024,3,22,,2,144520,,144522,40000,41053
104,Natural,Geophysical,Earthquake,Ground movement,CHN,China,Eastern Asia,Asia,Xinjiang Province,,5.6,41.219,78.724,2024,1,23,6,5,12426,141,12572,430000,441315
105,Natural,Geophysical,Earthquake,Ground movement,PHL,Philippines,South-eastern Asia,Asia,"Hinatuan Municipality( Surigao Del Sur Province, Caraga Region, Mindanao)",,7.6,8.527,126.449,2023,12,2,3,79,720997,,721076,22712,23997
106,Natural,Geophysical,Earthquake,Ground movement,PHL,Philippines,South-eastern Asia,Asia,"Luzon Strait (near Calayan Island, southern Babuyan Islands)",,6.2,19.236,21.229,2023,9,12,,5,175,,180,,
107,Natural,Geophysical,Earthquake,Ground movement,NPL,Nepal,Southern Asia,Asia,Jajarkot and Rukum Districts of Karnali Province,,5.7,28.848,82.18,2023,11,3,154,366,300000,,300366,100000,105658
108,Natural,Geophysical,Earthquake,Ground movement,AFG,Afghanistan,Southern Asia,Asia,"Gulran, Injil and Kush districts (Herat province)",,6.3,34.53,62.048,2023,10,11,1,140,,,140,,
109,Natural,Geophysical,Earthquake,Ground movement,CHN,China,Eastern Asia,Asia,"Rulong village (Xinlong Xian area, Garze Tibetan district, Sichuan Sheng province)",,5.3,30.916,99.927,2002,8,8,,,330,48,378,,
110,Natural,Geophysical,Earthquake,Ground movement,PNG,Papua New Guinea,Melanesia,Oceania,Wewak district (East Sepik province),Tsunami/Tidal wave,7.6,-3.302,142.945,2002,9,8,4,70,4400,,4470,,
111,Natural,Geophysical,Earthquake,Ground movement,TZA,United Republic of Tanzania,Sub-Saharan Africa,Africa,Bunda district (Mara province),,5.5,-2.907,33.733,2002,5,18,2,,,2000,2000,,
112,Natural,Geophysical,Earthquake,Ground movement,IDN,Indonesia,South-eastern Asia,Asia,Simeulue district (Nangroe Aceh Darussalam province),,7.4,2.824,96.085,2002,11,2,3,60,,,60,,
113,Natural,Geophysical,Earthquake,Ground movement,AFG,Afghanistan,Southern Asia,Asia,"Yaka Bagh area (Namakab district, Takhar province)","Slide (land, mud, snow, rock)",4.6,35.893,70.62,2003,4,10,1,1,,1000,1001,,
114,Natural,Geophysical,Earthquake,Ground movement,KAZ,Kazakhstan,Central Asia,Asia,Zhambyl district (Jambylslkaya province),,5.5,42.946,72.764,2003,5,23,3,626,36000,,36626,,
115,Natural,Geophysical,Earthquake,Ground movement,RUS,Russian Federation,Eastern Europe,Europe,"Kosh-Agachsky, Ust'-Ulagan, Ongudai, Shebalino towns (Altay Republic Province)","Slide (land, mud, snow, rock)",7.3,50.038,87.813,2003,9,27,3,5,,1800,1805,10600,18551
116,Natural,Geophysical,Earthquake,Ground movement,CHN,China,Eastern Asia,Asia,"Min Xian area (Dingxi district, Gansu Sheng province), Lintan Xian, Zhuoni Xian areas (Gannan Tibetan district, Gansu Sheng province),",,5.1,34.712,103.834,2003,11,13,1,126,18243,5000,23369,,
117,Natural,Geophysical,Earthquake,Ground movement,CHN,China,Eastern Asia,Asia,"Ludian Xian area (Zhaotong district, Yunnan Sheng province)",,5.6,27.372,103.971,2003,11,14,4,65,490000,3000,493065,,
118,Natural,Geophysical,Earthquake,Ground movement,CRI,Costa Rica,Latin America and the Caribbean,Americas,"Corredores, Golfito districts (Puntarenas province)",,6.5,8.416,-82.824,2003,12,25,2,75,60,,135,,
119,Natural,Geophysical,Earthquake,Ground movement,IDN,Indonesia,South-eastern Asia,Asia,Kota Padangpanjang district (Sumatera Barat province),,5.1,-0.466,100.655,2004,2,16,5,7,500,,507,,
120,Natural,Geophysical,Earthquake,Ground movement,TUR,Türkiye,Western Asia,Asia,"Askale, Buyukgecit, Kucukgecit, Karabiyik, Kandilli villages (Askale district, Erzurum province)",,5.6,39.93,40.812,2004,3,25,9,30,4000,,4030,,
121,Natural,Geophysical,Earthquake,Ground movement,IRN,Iran (Islamic Republic of),Southern Asia,Asia,"Kashmar, Bardeskan districts (Khorasan)",,5.3,35.288,58.218,2000,2,2,1,15,1500,500,2015,,
122,Natural,Geophysical,Earthquake,Ground movement,COL,Colombia,Latin America and the Caribbean,Americas,Sotara district (Cauca province),,5.1,2.265,-76.595,2004,8,18,1,2,,500,502,,
123,Natural,Geophysical,Earthquake,Ground movement,IDN,Indonesia,South-eastern Asia,Asia,Alor district (Nusatenggara Timur province),"Slide (land, mud, snow, rock)",7.5,-8.152,124.868,2004,11,11,33,311,83070,,83381,,
124,Natural,Geophysical,Earthquake,Ground movement,DMA,Dominica,Latin America and the Caribbean,Americas,"St. Andrew, St. John, St. Joseph, St. Peter provinces",,6.3,15.679,-61.706,2004,11,21,,,100,,100,,
125,Natural,Geophysical,Earthquake,Ground movement,GLP,Guadeloupe,Latin America and the Caribbean,Americas,"Basse-Terre, Terre-de-Bas, Saintes Isl.",,6.3,15.679,-61.706,2004,11,21,1,13,100,40,153,,
126,Natural,Geophysical,Earthquake,Tsunami,IDN,Indonesia,South-eastern Asia,Asia,"Nangroe Aceh Darussalam, Sumatera Utara provinces",Tsunami/Tidal wave,9.1,3.295,95.982,2004,12,26,165708,,,532898,532898,4451600,7587548
127,Natural,Geophysical,Earthquake,Tsunami,TZA,United Republic of Tanzania,Sub-Saharan Africa,Africa,Dar-es-salaam,,9.1,3.295,95.982,2004,12,26,10,,,,,,
128,Natural,Geophysical,Earthquake,Ground movement,DEU,Germany,Western Europe,Europe,"Waldkirch, Emmendingen towns (Freiburg district, Baden-Wuerttemberg Province)",,4.8,48.115,8.077,2004,12,5,,,150,,150,12000,20453
129,Natural,Geophysical,Earthquake,Ground movement,SVN,Slovenia,Southern Europe,Europe,"Kobarid, Bovec districts (Goriska Province)","Slide (land, mud, snow, rock)",5.2,46.296,13.641,2004,7,12,1,5,600,,605,10000,17045
130,Natural,Geophysical,Earthquake,Ground movement,CHN,China,Eastern Asia,Asia,"Delingha area (Haixi Mongol and Tibetan district, Qinghai Sheng province)",,5.5,37.506,96.758,2004,5,4,,,,4199,4199,,
131,Natural,Geophysical,Earthquake,Ground movement,IRN,Iran (Islamic Republic of),Southern Asia,Asia,"Rooein Abad, Akbar, Asghar, Dehaafkan, Behabad, Sardkooyeh, Fathabad, Motaharabad, Eslam Abad, Arjomandieh, Baharestan villages (Zarand district, Kerman province)",,6.4,30.754,56.816,2005,2,22,612,1411,93355,,94766,80000,131882
132,Natural,Geophysical,Earthquake,Ground movement,IDN,Indonesia,South-eastern Asia,Asia,"Simeulue, Aceh Singkil districts (Nangroe Aceh Darussalam province) Nias, Nias Selatan districts (Sumatera Utara province)",Tsunami/Tidal wave,8.6,2.085,97.108,2005,3,28,915,1146,104167,,105313,,
133,Natural,Geophysical,Earthquake,Ground movement,CHL,Chile,Latin America and the Caribbean,Americas,"Iquique, Alto Hospicio towns (Iquique district, Tarapaca province), Pozo Almonte, Pica, Camina, Huara, Colchane towns (Tamarugal district, Tarapaca province)","Slide (land, mud, snow, rock)",7.8,-19.987,-69.197,2005,6,13,11,182,27463,,27645,5000,8243
134,Natural,Geophysical,Earthquake,Ground movement,PNG,Papua New Guinea,Melanesia,Oceania,Lae district (Morobe province),,6.1,-6.319,146.846,2005,6,4,1,,,200,200,,
135,Natural,Geophysical,Earthquake,Ground movement,AFG,Afghanistan,Southern Asia,Asia,"Alishang district (Laghman province), Jalalabad district (Nangarhar province), Badakhsan province",,6.5,36.357,71.093,2005,12,13,5,1,500,,501,,
136,Natural,Geophysical,Earthquake,Ground movement,CHN,China,Eastern Asia,Asia,"Huize area (Qujing district, Yunnan Sheng province)",,5.2,26.569,103.036,2005,8,5,,9,18500,,18509,,
137,Natural,Geophysical,Earthquake,Ground movement,MOZ,Mozambique,Sub-Saharan Africa,Africa,"Machaze, Mossurize, Cidade de Chimoio districts (Manica province), Cidade da Beira district (Sofala province)",,7,-21.324,33.583,2006,2,22,4,36,,1440,1476,,
138,Natural,Geophysical,Earthquake,Ground movement,DZA,Algeria,Northern Africa,Africa,"Laalam village (Tamridjet district, Bejaia province)",,5.2,36.623,5.328,2006,3,20,4,9,160,150,319,,
139,Natural,Geophysical,Earthquake,Tsunami,IDN,Indonesia,South-eastern Asia,Asia,"Pela, Batu Junku, Waimarot, Wailawa, Waimoly villages (Bata Bual sub-district,Buru district, Maluku Utara province)",Tsunami/Tidal wave,6.7,-3.595,127.214,2006,3,14,3,2,1200,,1202,,
140,Natural,Geophysical,Earthquake,Tsunami,IDN,Indonesia,South-eastern Asia,Asia,"Tasikmalaya, Kota Tasikmalaya, Ciamis, Sukabumi, kota Sukabumi, Garut districts (Jawa Barat province), Cilacap, Kebumen, Banyumas districts (Jawa Tengah province), Gunungkidul, Bantul district (Daerah Istimewa Yogyakarta province)",,7.7,-9.284,107.419,2006,7,17,802,543,35000,,35543,55000,87835
141,Natural,Geophysical,Earthquake,Ground movement,CHN,China,Eastern Asia,Asia,"Yanjin area (Zhaotong district, Yunnan Sheng province)",,4.9,27.995,104.138,2006,7,22,22,106,190000,75000,265106,,
142,Natural,Geophysical,Earthquake,Ground movement,CHN,China,Eastern Asia,Asia,Hubei Sheng province,,4.5,31.56,113.21,2006,10,27,,,20000,,20000,,
143,Natural,Geophysical,Earthquake,Ground movement,CHN,China,Eastern Asia,Asia,"Xinsi village (Tongwei Xian area, Dingxi district, Gansu Sheng province), Linjian village (Lintan Xian area, Gannan Tibetan district, Gansu Sheng province), Liping village (Hui Xian area, Longnan district, Gansu Sheng province)",,4.9,33.068,104.95,2006,6,20,,5,125,,130,,
144,Natural,Geophysical,Earthquake,Ground movement,USA,United States of America,Northern America,Americas,Hawai province,"Slide (land, mud, snow, rock)|Tsunami/Tidal wave",6.7,19.878,-155.935,2006,10,15,,10,3519,,3529,150000,239551
145,Natural,Geophysical,Earthquake,Ground movement,IDN,Indonesia,South-eastern Asia,Asia,Bima district (Nusatenggara Barat province),,6.3,-8.261,118.753,2006,12,1,1,14,,100,114,,
146,Natural,Geophysical,Earthquake,Ground movement,RUS,Russian Federation,Eastern Europe,Europe,"Yuzhno-Sakhalinsk, Nevelsk towns (Sakhalinskaya Oblast Province)","Slide (land, mud, snow, rock)|Tsunami/Tidal wave",6.2,47.116,141.798,2007,8,2,2,12,25000,,25012,420000,652139
147,Natural,Geophysical,Earthquake,Ground movement,COL,Colombia,Latin America and the Caribbean,Americas,"El Charco, El Charco (is.), Mosquera, La Tola districts (Narino department)",,6.8,2.966,-77.963,2007,9,10,,5,170,,175,,
148,Natural,Geophysical,Earthquake,Ground movement,LCA,Saint Lucia,Latin America and the Caribbean,Americas,"Cap Estate, Gros Islet areas (Region Number 1 province), Castries and Soufriere area (Region Number 6 province), Choc village (Region Number 8 province)",,7.4,14.944,-61.274,2007,11,29,,,,,,,
149,Natural,Geophysical,Earthquake,Ground movement,BRA,Brazil,Latin America and the Caribbean,Americas,"Itacarambi, Januaria, Manga, Varzelandia districts (Minas Gerais province)",,4.9,-15.048,-44.231,2007,12,9,1,6,280,,286,,
150,Natural,Geophysical,Earthquake,Ground movement,GBR,United Kingdom of Great Britain and Northern Ireland,Northern Europe,Europe,"Folkestone town (Kent district, England province)",,4.6,51.085,1.009,2007,4,28,,1,4500,,4501,60000,93163
151,Natural,Geophysical,Earthquake,Ground movement,IDN,Indonesia,South-eastern Asia,Asia,"Jarai village (Lahat district, Sumatra Selatan province)",,5.2,-3.935,103.058,2008,9,9,2,60,565,,625,,
152,Natural,Geophysical,Earthquake,Ground movement,RUS,Russian Federation,Eastern Europe,Europe,Chechnya Rep. Province,,5.8,43.372,46.254,2008,10,11,13,100,5135,,5235,,
153,Natural,Geophysical,Earthquake,Ground movement,CRI,Costa Rica,Latin America and the Caribbean,Americas,"Alajuela, Alfaro Ruiz, Grecia, Poas, Valverde Vega districts (Alajuela province), Barva, Heredia, Santa Barbara, Sarapiqui districts (Heredia province)","Slide (land, mud, snow, rock)",6.1,10.165,-84.197,2009,1,8,31,91,128527,,128618,200000,300128
154,Natural,Geophysical,Earthquake,Ground movement,CHN,China,Eastern Asia,Asia,"Chabucha'er Xibo Zizhixian, Zhaosu areas (Ili Kazakh district, Xinjiang Uygur Zizhiqu province)",,5.1,43.236,80.893,2009,1,25,,,4549,,4549,3100,4652
155,Natural,Geophysical,Earthquake,Ground movement,IDN,Indonesia,South-eastern Asia,Asia,Kepulauan-talaud district (Sulawesi Utara province),,7.2,3.886,126.387,2009,2,11,,64,2985,,3049,9000,13506
156,Natural,Geophysical,Earthquake,Ground movement,GEO,Georgia,Western Asia,Asia,"Nigavzebi, Utsera , Gari, Nakieti villages (Oni district, Racha-Lechkhumi and Kvemo (lower) Svaneti province), Satchekhere district (Imereti province)",,6,42.66,43.443,2009,9,7,,6,7300,,7306,,
157,Natural,Geophysical,Earthquake,Ground movement,PHL,Philippines,South-eastern Asia,Asia,"Norala, Sto. Nino areas (South Cotabato district, Region XII (Soccsksargen) province)",,5.7,6.513,124.715,2009,9,18,,2,380,10,392,90,135
158,Natural,Geophysical,Earthquake,Tsunami,ASM,American Samoa,Polynesia,Oceania,"Pago Pago, Tula villages",Tsunami/Tidal wave,8.1,-15.489,-172.095,2009,9,29,34,,2500,,2500,,
159,Natural,Geophysical,Earthquake,Ground movement,IDN,Indonesia,South-eastern Asia,Asia,"Raba village (Kota Bima district, Nusatenggara Barat province)",,7.6,-0.72,99.867,2009,11,8,2,100,1410,,1510,2430,3647
160,Natural,Geophysical,Earthquake,Ground movement,MWI,Malawi,Sub-Saharan Africa,Africa,Karonga district (Northern Region province),,6,-10.108,33.818,2009,12,20,3,171,,5550,5721,,
161,Natural,Geophysical,Earthquake,Ground movement,USA,United States of America,Northern America,Americas,"Ferndale, Eureka cities (Humboldt district, California province)",,6.5,40.652,-124.6925,2010,1,10,,30,600,,630,12500,18455
162,Natural,Geophysical,Earthquake,Ground movement,CHN,China,Eastern Asia,Asia,"Moxizhen village (Suining district, Sichuan Sheng province)",,5.1,30.268,105.668,2010,1,30,1,15,10000,500,10515,4400,6496
163,Natural,Geophysical,Earthquake,Ground movement,TUR,Türkiye,Western Asia,Asia,"Basyurt village (Karakocan district, Elazig province), Demirci, Kovancilar, Okcular villages (Kovancilar district, Elazig province)",,6.1,38.864,39.986,2010,3,8,51,100,3500,,3600,,
164,Natural,Geophysical,Earthquake,Ground movement,IDN,Indonesia,South-eastern Asia,Asia,Yapen district (Papua province),"Slide (land, mud, snow, rock)",7,-2.174,136.543,2010,6,16,17,,,4600,4600,,
165,Natural,Geophysical,Earthquake,Ground movement,IRN,Iran (Islamic Republic of),Southern Asia,Asia,Torbat-e heydarieh district (Khorasan province),,5.5,35.221,59.317,2010,7,30,,274,,,274,,
166,Natural,Geophysical,Earthquake,Ground movement,IRN,Iran (Islamic Republic of),Southern Asia,Asia,"Fahraj village (Bam district, Kerman province)",,6.7,28.412,59.18,2010,12,20,7,25,,,25,,
167,Natural,Geophysical,Earthquake,Ground movement,TWN,Taiwan (Province of China),Eastern Asia,Asia,Taiwan Sheng province,,6.3,22.918,120.795,2010,3,4,,96,,,96,1000000,1476427
168,Natural,Geophysical,Earthquake,Ground movement,CHN,China,Eastern Asia,Asia,"Ningnan area (Liangshan Yi district, Sichuan Sheng province), Qiaojia area (Zhaotong district, Yunnan Sheng province)",,4.9,27.197,103.005,2010,8,29,,14,5000,,5014,,
169,Natural,Geophysical,Earthquake,Ground movement,IRN,Iran (Islamic Republic of),Southern Asia,Asia,"Ab Garm, Buin Zahra, Avaj villages (Bueinzahra district, Ghazvin province), Shirin Su area (Kabudarahang district, Hamedan province), Razan district (Hamedan province), Abhar, Khodabandeh districts (Zanjan province)",,6.5,35.626,49.047,2002,6,22,227,1300,110000,,111300,300000,536945
170,Natural,Geophysical,Earthquake,Ground movement,ESP,Spain,Southern Europe,Europe,"Lorca municipality (Murcia district, Region de Murcia)",,5.1,37.699,-1.672,2011,5,11,10,300,,15000,15300,200000,286249
171,Natural,Geophysical,Earthquake,Tsunami,JPN,Japan,Eastern Asia,Asia,"Hokkaidoo, Akita, Aomori, Yamagata, Miyagi, Iwate, Hukusima, Tookyoo, Ibaraki, Totigi, Gunma, Saitama, Tiba, Kanagawa, Nagano provinces",Fire|Industrial accidents,9.1,38.297,142.373,2011,3,11,19846,5933,362887,,368820,210000000,300561348
172,Natural,Geophysical,Earthquake,Ground movement,PAK,Pakistan,Southern Asia,Asia,"Garhi Khairo village (Jacobabad district, Sindh province), Quetta, Chagai districts (Balochistan province)",,7.2,28.777,63.951,2011,1,18,2,,1000,,1000,,
173,Natural,Geophysical,Earthquake,Ground movement,CHN,China,Eastern Asia,Asia,"Yining, Gongliu areas (Ili Kazakh district, Xinjiang Uygur Zizhiqu province)",,5.6,43.648,82.437,2011,11,1,,,143000,,143000,56400,80722
174,Natural,Geophysical,Earthquake,Ground movement,BTN,Bhutan,Southern Asia,Asia,"Paro, Thimphu provinces",,6.9,27.73,88.155,2011,9,18,1,16,20000,,20016,,
175,Natural,Geophysical,Earthquake,Ground movement,IND,India,Southern Asia,Asia,"Sikkim, West Bengal, Bihar, Assam, Meghalaya provinces","Slide (land, mud, snow, rock)",6.9,27.73,88.155,2011,9,18,112,200,500000,75000,575200,,
176,Natural,Geophysical,Earthquake,Ground movement,GTM,Guatemala,Latin America and the Caribbean,Americas,"Cuilapa district (Santa Rosa province) ; Guatemala city (Guatemala district, Guatemala province)",,5.6,14.186,-90.238,2011,9,19,3,,400,,400,,
177,Natural,Geophysical,Earthquake,Ground movement,PHL,Philippines,South-eastern Asia,Asia,"Valencia area (Bukidnon district, Region X (Northern Mindanao) province)",,4.9,7.904,125.195,2011,11,7,,3,25,,28,,
178,Natural,Geophysical,Earthquake,Ground movement,CHN,China,Eastern Asia,Asia,"Jiashi Xian, Kashi Shi areas (Kashgar district, Xinjiang Uygur Zizhiqu province)",,5.6,39.955,77.028,2011,8,11,,26,855,735,1616,,
179,Natural,Geophysical,Earthquake,Ground movement,PHL,Philippines,South-eastern Asia,Asia,"Tayasan area (Negros Oriental district, Region VII (Central Visayas) province)","Slide (land, mud, snow, rock)",6.7,9.999,123.206,2012,2,6,113,112,320165,,320277,8900,12480
180,Natural,Geophysical,Earthquake,Ground movement,CHL,Chile,Latin America and the Caribbean,Americas,"Parral town (Linares district, Maule province), Santiago district (Metropolitana province), Biobio district (Biobio province)",,7.1,-35.2,-72.217,2012,3,25,1,14,24283,,24297,100000,140223
181,Natural,Geophysical,Earthquake,Ground movement,TJK,Tajikistan,Central Asia,Asia,"Darbanskiy, Garmskiy, Tavildara districts (Tadzhikistan Territories province)",,5.7,38.612,70.354,2012,5,13,2,,2531,,2531,,
182,Natural,Geophysical,Earthquake,Ground movement,IRN,Iran (Islamic Republic of),Southern Asia,Asia,"Varzeghan village (Ahar district, East Azarbayejan province), Heris, Tabriz districts (East Azarbayejan province)",,6.4,38.329,46.826,2012,8,11,306,2006,59540,,61546,500000,701114
183,Natural,Geophysical,Earthquake,Ground movement,IDN,Indonesia,South-eastern Asia,Asia,Lahat district (Sumatera Selatan province),,6.7,-4.612,101.905,2000,6,7,1,,3000,,3000,,
184,Natural,Geophysical,Earthquake,Ground movement,GTM,Guatemala,Latin America and the Caribbean,Americas,Jutapia province,,7.7,13.049,-88.66,2001,1,13,6,2,150,,152,50,91
185,Natural,Geophysical,Earthquake,Ground movement,CHN,China,Eastern Asia,Asia,"Yajiang Xian, Kangding Xian areas (Garze Tibetan district, Sichuan Sheng province)",,5.6,29.513,101.129,2001,2,23,3,109,,300000,300109,24000,43637
186,Natural,Geophysical,Earthquake,Ground movement,CHN,China,Eastern Asia,Asia,"Ninglang Yi Zizhixian area (Lijiang district, Yunnan Sheng province), Yanyuan Xian area (Liangshan Yi district, Sichuan Sheng province)",,5.5,27.689,101.003,2001,5,23,2,605,,10000,10605,36000,65455
187,Natural,Geophysical,Earthquake,Tsunami,PER,Peru,Latin America and the Caribbean,Americas,"Arequipa, Moquegua, Tacna, Ayacucho provinces",Tsunami/Tidal wave,8.4,-16.265,-73.641,2001,6,23,145,2713,222400,124865,349978,300000,545461
188,Natural,Geophysical,Earthquake,Ground movement,CHN,China,Eastern Asia,Asia,"Donghua village (Yongsheng Xian area, Lijiang district, Yunnan Sheng province)",,4.6,24.455,102.66,2001,7,14,,,25000,,25000,,
189,Natural,Geophysical,Earthquake,Ground movement,CHN,China,Eastern Asia,Asia,"Yongsheng area (Lijiang district, Yunnan Sheng province)",,5.6,26.316,100.648,2001,10,27,1,220,,17000,17220,,
190,Natural,Geophysical,Earthquake,Ground movement,PER,Peru,Latin America and the Caribbean,Americas,Antambaba district (Apurcmac province),,5.8,-14.258,-72.683,2001,8,9,4,15,3950,,3965,,
191,Natural,Geophysical,Earthquake,Ground movement,TJK,Tajikistan,Central Asia,Asia,"Taghi Akbar, Talkhan Chashma, Passimokhroukho areas (Rogunsky district, Tadzhikistan Territories province)",,5.3,38.673,69.902,2002,1,9,3,50,1000,,1050,,
192,Natural,Geophysical,Earthquake,Ground movement,PHL,Philippines,South-eastern Asia,Asia,"General Santos city (South Cotabato district, Region XII (Soccsksargen) province), Kiamba area (Saranggani district, Region XII (Soccsksargen) province)",Tsunami/Tidal wave,7.5,6.033,124.249,2002,3,5,15,100,73351,,73451,1714,3068
193,Natural,Geophysical,Earthquake,Ground movement,TWN,Taiwan (Province of China),Eastern Asia,Asia,"Hualien area (Name Unknown district, Taiwan Sheng province)","Slide (land, mud, snow, rock)|Tsunami/Tidal wave",7.1,24.279,122.179,2002,3,31,4,200,300,,500,25000,44745
194,Natural,Geophysical,Earthquake,Ground movement,BGD,Bangladesh,Southern Asia,Asia,"Maheshkhali area (Cox's Bazar district, Chittagong province)",,4.3,21.431,91.762,2000,1,2,,,1000,,1000,,
195,Natural,Geophysical,Earthquake,Ground movement,ISL,Iceland,Northern Europe,Europe,"Grimsnes, Selfoss, Eyrarbakki, Stokkseyri city (Arnes provinces)",,6.5,63.98,-20.758,2000,6,21,,,72,36,108,12000,22435
196,Natural,Geophysical,Earthquake,Ground movement,TUR,Türkiye,Western Asia,Asia,"Cerkes, Orta districts (Cankiri province), Cubuk district (Ankara province)",,6,40.693,32.992,2000,6,6,2,80,23000,,23080,,
197,Natural,Geophysical,Earthquake,Ground movement,IDN,Indonesia,South-eastern Asia,Asia,"Enggano island (Bengkulu Utara district, Bengkulu province)","Slide (land, mud, snow, rock)",6.7,-4.646,102.102,2000,6,4,103,2714,200000,2000,204714,41000,76653
198,Natural,Geophysical,Earthquake,Ground movement,NIC,Nicaragua,Latin America and the Caribbean,Americas,"Laguna de Apoyo nature reserve (Masaya district, Masaya province)",,5.4,11.884,-85.988,2000,7,6,7,42,1785,5650,7477,,
199,Natural,Geophysical,Earthquake,Ground movement,JPN,Japan,Eastern Asia,Asia,"Koodusimamura, Niizimamura districts (Tookyoo province)",,6.1,34.221,139.131,2000,7,1,1,,100,,100,,
200,Natural,Geophysical,Earthquake,Ground movement,IDN,Indonesia,South-eastern Asia,Asia,"Ciranggon village (Karawang district, Jawa Barat province)",,5.4,-6.675,106.845,2000,7,12,,124,,4000,4124,2000,3739
201,Natural,Geophysical,Earthquake,Ground movement,AZE,Azerbaijan,Western Asia,Asia,"Absheron, Baku, Sumgayit districts (Absheron province)",,6.8,40.245,49.946,2000,11,25,31,600,2694,,3294,10000,18696
202,Natural,Geophysical,Earthquake,Ground movement,SLV,El Salvador,Latin America and the Caribbean,Americas,"Berlin, Alegria, Tecapan, Santiago de Maria districts (Usulutan province), Santa Tecla, Comasagua districts (La Libertad province) ; San Miguel, Santa Ana, Sonsonate, Cuscatlan, San Vicente, La Union, Ahuachapan, Cabanas, Morazan, Chalatenango, La Paz, La Libertad, San Salvador, Usulutan provinces","Slide (land, mud, snow, rock)",7.7,13.049,-88.66,2001,1,13,844,4723,1329806,,1334529,1500000,2727303
203,Natural,Geophysical,Earthquake,Ground movement,IND,India,Southern Asia,Asia,"Ahmadabad, Amreli, Anand, Banas Kantha, Bharuch, Bhavnagar, Dahdod, Gandhinagar, Jamnagar, Junagadh, Kachchh, Kheda, Mahesana, Navsari, Patan, Porbandar, Rajkot, Sabar Kantha, Surat, Surendranagar, Vadodara districts (Gurajat province)",,7.7,23.419,70.232,2001,1,26,20005,166812,4365000,1790000,6321812,2623000,4769144
204,Natural,Geophysical,Earthquake,Ground movement,USA,United States of America,Northern America,Americas,"Seattle city (King district), Tacoma city (Pierce district), Olympia city (Thurston district) (Washington province)",,6.8,47.149,-122.7266667,2001,2,28,1,400,,,400,2000000,3636404
205,Natural,Geophysical,Earthquake,Ground movement,PNG,Papua New Guinea,Melanesia,Oceania,Mumeng district (Morobe province),"Slide (land, mud, snow, rock)",6.4,-6.884,146.388,2001,6,5,,1,,200,201,,
206,Natural,Geophysical,Earthquake,Ground movement,IDN,Indonesia,South-eastern Asia,Asia,Jawa Barat province,,5,-6.99,108.275,2001,6,28,,12,12500,,12512,,
207,Natural,Geophysical,Earthquake,Ground movement,IDN,Indonesia,South-eastern Asia,Asia,Bengkulu province,,7.4,-4.68,102.562,2001,2,13,,,,,,,
208,Natural,Geophysical,Earthquake,Ground movement,GRC,Greece,Southern Europe,Europe,"Skyros Island (Evvoias district, Sterea Ellada province)",,6.5,39.059,24.244,2001,7,26,,,300,,300,,
209,Natural,Geophysical,Earthquake,Ground movement,PNG,Papua New Guinea,Melanesia,Oceania,Aitape district (West Sepik province),,6.7,-3.212,142.427,2002,1,10,1,,,1000,1000,,
210,Natural,Geophysical,Earthquake,Ground movement,SCG,Serbia Montenegro,Southern Europe,Europe,Gnjilane town (Kosovsko-pomoravski Province) (Serbia),,5.7,42.436,21.466,2002,4,24,1,100,,,100,,
211,Natural,Geophysical,Earthquake,Ground movement,ARG,Argentina,Latin America and the Caribbean,Americas,"Aminga, Anillaco, Agua Blanca, Chuquis towns (Castro Barros district, La Rioja Provinve)","Slide (land, mud, snow, rock)",6,-28.937,-66.797,2002,5,28,,27,500,200,727,,
212,Natural,Geophysical,Earthquake,Ground movement,IDN,Indonesia,South-eastern Asia,Asia,Poso district (Sulawesi Tengah province),,6.2,-1.196,121.333,2002,8,15,,48,2500,,2548,,
213,Natural,Geophysical,Earthquake,Ground movement,IND,India,Southern Asia,Asia,Andaman Islands district (Andaman and Nicobar province),Tsunami/Tidal wave,6.5,13.036,93.068,2002,9,13,2,,,200,200,,
214,Natural,Geophysical,Earthquake,Ground movement,ITA,Italy,Southern Europe,Europe,"San Guliano di Puglia town (Campobasso province, Molise region)","Slide (land, mud, snow, rock)",5.9,41.789,14.872,2002,10,31,30,33,,8500,8533,796000,1424693
215,Natural,Geophysical,Earthquake,Ground movement,ITA,Italy,Southern Europe,Europe,"Zafferana Etnea, Giarre, Santa Venerina towns (Catania Province, Sicilia Region)",,4.3,37.67,15.267,2002,10,29,,9,,1000,1009,,
216,Natural,Geophysical,Earthquake,Ground movement,PAK,Pakistan,Southern Asia,Asia,Administrative unit not available district (Jammu and Kashmir province),"Slide (land, mud, snow, rock)",6.3,35.414,74.515,2002,11,20,19,40,140742,,140782,,
217,Natural,Geophysical,Earthquake,Ground movement,CHN,China,Eastern Asia,Asia,"Yumen Shi (Jiuquan district, Gansu Sheng province)",,5.6,39.736,97.443,2002,12,14,2,,65500,,65500,,
218,Natural,Geophysical,Earthquake,Ground movement,CHN,China,Eastern Asia,Asia,"Payzawat village (Jiashi Xian area, Kashgar district, Xinjiang Uygur Zizhiqu province), Bachu Xian, Yuepuhu Xian, Yingjisha Xian, Maigaiti Xian, Shule Xian, Shufu Xian, Kashi Shi areas (Kashgar district, Xinjiang Uygur Zizhiqu province)",,6.3,39.61,77.23,2003,2,24,268,4000,510000,3000,517000,157000,274764
219,Natural,Geophysical,Earthquake,Ground movement,CHN,China,Eastern Asia,Asia,"Huaitoutalazhen village (Delingha Shi area, Haixi Mongol and Tibetan district, Qinghai Sheng province)",,6.4,37.529,96.476,2003,4,17,,,3300,,3300,,
220,Natural,Geophysical,Earthquake,Ground movement,CHN,China,Eastern Asia,Asia,"Bachu Xian, Jiashi Xian areas (Kashgar district, Xinjiang Uygur Zizhiqu province)",,5.8,39.43,77.219,2003,5,4,1,3,,8000,8003,,
221,Natural,Geophysical,Earthquake,Ground movement,IDN,Indonesia,South-eastern Asia,Asia,"Morotai island (Halmahera Utara district, Malaku Utara province)",,7,2.354,128.855,2003,5,27,1,7,100,140,247,,
222,Natural,Geophysical,Earthquake,Ground movement,CHN,China,Eastern Asia,Asia,"Dayao Xian area (Chuxiong Yi district, Yunnan Sheng province)","Slide (land, mud, snow, rock)",6,25.975,101.29,2003,7,21,16,584,1250000,45000,1295584,75000,131256
223,Natural,Geophysical,Earthquake,Ground movement,JPN,Japan,Eastern Asia,Asia,"Sendaisi_Aobaku, Sendaisi_Daisiroku, Sendaisi_Izumiku, Sendaisi_Miyaginoku, Sendaisi_Wakabayasiku, Isinomakisi, Hurukawasi, Kasimadaimati, Nangootyoon, Narusetyoo, Yamototyoo, Yoneyamatyoo districts (Miyagi province)","Slide (land, mud, snow, rock)",5.5,38.432,141.003,2003,7,25,,569,17403,219,18191,411000,719286
224,Natural,Geophysical,Earthquake,Ground movement,CHN,China,Eastern Asia,Asia,"Lindong village (Balin-Zuo Qi area, Chifeng district, Nei Mongol Zizhiqu province), Tianshanzhen village (Aluke'erqin Qi area, Chifeng district, Nei Mongol Zizhiqu province)",,5.4,43.77,119.643,2003,8,16,4,1000,415000,39500,455500,167000,292264
225,Natural,Geophysical,Earthquake,Ground movement,BGD,Bangladesh,Southern Asia,Asia,"Chittagong, Cox's Bazar, Rangamati districts (Chittagong province)","Slide (land, mud, snow, rock)",5.7,22.854,92.306,2003,7,26,2,25,2500,,2525,,
226,Natural,Geophysical,Earthquake,Ground movement,DOM,Dominican Republic,Latin America and the Caribbean,Americas,"Puerto Plata district (Puerto Plata province), San Francisco de Macoris district (Duarte province), Santiago district (Santiago province), Nagua district (Maria Trinidad Sanches province)","Slide (land, mud, snow, rock)",6.4,19.777,-70.673,2003,9,22,3,15,2000,,2015,,
227,Natural,Geophysical,Earthquake,Ground movement,CHN,China,Eastern Asia,Asia,"Minle Xian, Shandan Xian, Sunan Yugu Zizhixian areas (Zhangye district, Gansu Sheng province)",,5.8,38.383,100.975,2003,10,25,9,43,50000,225000,275043,40000,70003
228,Natural,Geophysical,Earthquake,Ground movement,IDN,Indonesia,South-eastern Asia,Asia,"Kota Mataram, Lombok Barat districts (Nusatenggara Barat), Klungkung, Karangasem districts (Bali province)",,5.8,-8.31,115.788,2004,1,1,1,40,30000,,30040,12000,20453
229,Natural,Geophysical,Earthquake,Ground movement,PAK,Pakistan,Southern Asia,Asia,"Bisham Tehsil area (Shangla District district, North-West Frontier province), Batagram District, Mansehra District, Kohistan District districts (North-West Frontier province)","Slide (land, mud, snow, rock)",5.5,34.774,73.216,2004,2,14,24,63,10765,2320,13148,,
230,Natural,Geophysical,Earthquake,Ground movement,TUR,Türkiye,Western Asia,Asia,"Askale, Ilica, Cat districts (Erzurum province)","Slide (land, mud, snow, rock)",5.6,39.847,40.874,2004,3,28,,30,32500,,32530,,
231,Natural,Geophysical,Earthquake,Ground movement,TJK,Tajikistan,Central Asia,Asia,"Karabuin village (Penjikenskiy district,Sogd province)","Slide (land, mud, snow, rock)",4.3,39.57,67.479,2004,4,1,,,180,,180,,
232,Natural,Geophysical,Earthquake,Ground movement,TUR,Türkiye,Western Asia,Asia,Dogubeyazit district (Agri province),,5.1,39.766,43.979,2004,7,1,18,21,335,,356,,
233,Natural,Geophysical,Earthquake,Ground movement,CHN,China,Eastern Asia,Asia,Baoshan district (Yunnan Sheng province),,4.8,25.073,99.169,2004,10,18,,12,100000,,100012,,
234,Natural,Geophysical,Earthquake,Ground movement,AFG,Afghanistan,Southern Asia,Asia,Paktya province,,5.2,33.426,69.524,2004,7,18,2,40,,1000,1040,,
235,Natural,Geophysical,Earthquake,Ground movement,JPN,Japan,Eastern Asia,Asia,"Odiyasi, Nagaokasi, Tookamatisi districts (Niigata province)","Fire|Slide (land, mud, snow, rock)",6.6,37.226,138.779,2004,10,23,40,3183,59000,,62183,28000000,47724716
236,Natural,Geophysical,Earthquake,Ground movement,COL,Colombia,Latin America and the Caribbean,Americas,"Litoral de San Juan, Litoral de San Juan (is.), Bajo Baudo (is.), Bajo Baudo (pizzaro) districts (Choco province), Cali, Buenaventua, Buenaventura (is.), El Cerrito, Restrepo, Zarzal, Bugalagrande, Calima (darien), Vijes districts (Valle del Cauca province)",,7.2,4.695,-77.508,2004,11,15,,20,8016,,8036,,
237,Natural,Geophysical,Earthquake,Ground movement,CRI,Costa Rica,Latin America and the Caribbean,Americas,"San Jose, Puntarenas provinces","Slide (land, mud, snow, rock)",6.4,9.602,-84.172,2004,11,20,8,,255,25,280,,
238,Natural,Geophysical,Earthquake,Ground movement,IDN,Indonesia,South-eastern Asia,Asia,Nabire district (Papua province),Fire,7.1,-3.609,135.404,2004,11,26,32,213,12620,,12833,55000,93745
239,Natural,Geophysical,Earthquake,Tsunami,MMR,Myanmar,South-eastern Asia,Asia,"Kawthoung, Pyapon, Pathein districts (Ayeyawaddy province), Kawthoung district (Taninthayi province), Sittwe district (Rakhine province)",,9.1,3.295,95.982,2004,12,26,71,,12500,3200,15700,500000,852227
240,Natural,Geophysical,Earthquake,Ground movement,IRN,Iran (Islamic Republic of),Southern Asia,Asia,"Agh Ghala area (Gorgan district, Golestan province)",,5.4,37.103,54.574,2005,1,10,,110,,,110,,
241,Natural,Geophysical,Earthquake,Ground movement,IDN,Indonesia,South-eastern Asia,Asia,Kota Palu district (Sulawesi Tengah province),,6.3,-1.198,119.933,2005,1,23,1,4,680,,684,,
242,Natural,Geophysical,Earthquake,Ground movement,TUR,Türkiye,Western Asia,Asia,Karliova district (Bingol province),,5.8,39.354,40.89,2005,3,14,,18,2250,,2268,,
243,Natural,Geophysical,Earthquake,Ground movement,JPN,Japan,Eastern Asia,Asia,"Hukuoka, Saga provinces","Slide (land, mud, snow, rock)",5.5,33.637,130.179,2005,4,19,,58,837,,895,,
244,Natural,Geophysical,Earthquake,Ground movement,TUR,Türkiye,Western Asia,Asia,Karliova district (Bingol province),,5.6,39.22,41.08,2005,6,6,,54,300,,354,,
245,Natural,Geophysical,Earthquake,Ground movement,PER,Peru,Latin America and the Caribbean,Americas,"Moyobamba, Lamas districts (San Martin province)",,7.5,-5.678,-76.398,2005,9,26,5,59,2446,,2505,,
246,Natural,Geophysical,Earthquake,Ground movement,AFG,Afghanistan,Southern Asia,Asia,Jalalabad district (Nangarhar province),,7.6,34.539,73.588,2005,10,8,1,,,,,50,82
247,Natural,Geophysical,Earthquake,Ground movement,PAK,Pakistan,Southern Asia,Asia,"Bisham Tehsil, Chakisar Tehsil areas (Shangla District district, North-West Frontier province), Palas Sub-Division area (Kohistan District district, North-West Frontier province), Abbottabad District, Mansehra District, Batagram District districts (North-West Frontier province), Gujranwala District, Gujrat District, Rawalpindi District districts (Punjab province), Islamabad District district (Islamabad province),",,7.6,34.539,73.588,2005,10,8,73338,128309,,5000000,5128309,5200000,8572324
248,Natural,Geophysical,Earthquake,Ground movement,IRN,Iran (Islamic Republic of),Southern Asia,Asia,"Ghurzin, Kosheh, Viranagh, Tourian, Tonban, Ramkan, Gharbdan, Karavan, Khaledin, Giahdan villages (Geshm district, Hormozgan province)",,5.9,26.774,55.858,2005,11,27,13,100,,,100,,
249,Natural,Geophysical,Earthquake,Ground movement,COD,Democratic Republic of the Congo,Sub-Saharan Africa,Africa,"Kalemie city (Tanganyka district, Katanga province)",,6.8,-6.224,29.83,2005,12,5,6,5,,1500,1505,,
250,Natural,Geophysical,Earthquake,Ground movement,TJK,Tajikistan,Central Asia,Asia,"Kumsangir village (Kolhosobadskiy districts, Khatlon province), Panj Jamoat village (Piynjskiy districts, Khatlon province)",,5.6,37.255,68.828,2006,7,29,3,19,15408,,15427,22000,35134
251,Natural,Geophysical,Earthquake,Ground movement,CHN,China,Eastern Asia,Asia,Chifeng district (Nei Mongol Zizhiqu province),,4.7,43.469,119.558,2006,11,3,,,12000,,12000,291,465
252,Natural,Geophysical,Earthquake,Ground movement,KGZ,Kyrgyzstan,Central Asia,Asia,"Isakeevo, Kochkorka, Semiz-Bel areas (Kochkor district, Naryn province)",,5.8,42.156,76.163,2006,12,26,,,12000,50,12050,,
253,Natural,Geophysical,Earthquake,Tsunami,SLB,Solomon Islands,Melanesia,Oceania,Administrative unit not available,"Slide (land, mud, snow, rock)|Tsunami/Tidal wave",8.1,-8.466,157.043,2007,4,1,52,9,2375,,2384,,
254,Natural,Geophysical,Earthquake,Ground movement,JPN,Japan,Eastern Asia,Asia,"Aikawamati, Akadomarimura, Hatanomati, Izumozakimati, Kanaimati, Kariwamura, Kasiwazakisi, Manomati, Nagaokasi, Niigatasi, Odiyasi, Ogimati, Sanzyoosi, Sawatamati, Yosidamati, Zyooetusi districts (Niigata province), Nagano, Toyama provinces",Fire|Tsunami/Tidal wave,6.6,37.535,138.446,2007,7,16,9,1000,13000,,14000,12500000,19408894
255,Natural,Geophysical,Earthquake,Ground movement,HND,Honduras,Latin America and the Caribbean,Americas,"El Progreso district (Yoro province), Santa Barbara, Las Vegas districts (Santa Barbara province)",,5.3,14.828,-87.12,2007,9,15,,18,,1865,1883,,
256,Natural,Geophysical,Earthquake,Ground movement,IDN,Indonesia,South-eastern Asia,Asia,Situbondo district (Java Timur province),,4.9,-7.783,114.338,2007,9,9,,19,450,,469,,
257,Natural,Geophysical,Earthquake,Ground movement,BRB,Barbados,Latin America and the Caribbean,Americas,Bridgetown (St. Michael Province),"Slide (land, mud, snow, rock)",7.4,14.944,-61.274,2007,11,29,,1,,,1,,
258,Natural,Geophysical,Earthquake,Ground movement,COD,Democratic Republic of the Congo,Sub-Saharan Africa,Africa,Bukavu district (Sud-Kivu province),,5.9,-2.296,28.9,2008,2,3,11,,17355,,17355,7000,10467
259,Natural,Geophysical,Earthquake,Ground movement,IRN,Iran (Islamic Republic of),Southern Asia,Asia,Borugerd district (Lorestan province),,4.5,33.86,48.59,2008,5,1,,170,,,170,,
260,Natural,Geophysical,Earthquake,Ground movement,GRC,Greece,Southern Europe,Europe,"Achaïe (Achaias district, Dytiki Ellada province), Elide (Ileias district, Dytiki Ellada province), Leucade Isl. (Lefkados district, Ionioi Nisoi province)","Slide (land, mud, snow, rock)",6.4,37.963,21.525,2008,6,8,2,240,3468,,3708,,
261,Natural,Geophysical,Earthquake,Ground movement,JPN,Japan,Eastern Asia,Asia,"Mizusawasi, Moriokasi districts (Iwate province), Tukidatetyoo, Hurukawasi, Sendaisi_Aobaku, Sendaisi_Daisiroku, Sendaisi_Izumiku, Sendaisi_Miyaginoku, Sendaisi_Wakabayasiku districts (Miyagi province), Akita province","Slide (land, mud, snow, rock)",6.9,39.03,140.881,2008,6,13,23,448,,,448,167000,249716
262,Natural,Geophysical,Earthquake,Ground movement,CHN,China,Eastern Asia,Asia,"Ningzhongxiang village (Dangxiong Xian area, Lhasa district, Xizang Zizhiqu province)",,6.3,29.807,90.35,2008,10,6,30,19,,735,754,,
263,Natural,Geophysical,Earthquake,Ground movement,IDN,Indonesia,South-eastern Asia,Asia,Buol district (Sulawesi Tengah province) Gorontalo province,,7.4,1.271,122.091,2008,11,16,6,77,10000,,10077,,
264,Natural,Geophysical,Earthquake,Ground movement,CHN,China,Eastern Asia,Asia,Yunnan Sheng province,,4.8,23.97,97.569,2008,12,25,,19,27000,150,27169,,
265,Natural,Geophysical,Earthquake,Ground movement,IDN,Indonesia,South-eastern Asia,Asia,"Manokwari , Sorong districts (Papua Barat province)",,7.7,-0.414,132.885,2009,1,3,5,250,4000,,4250,10000,15006
266,Natural,Geophysical,Earthquake,Ground movement,HND,Honduras,Latin America and the Caribbean,Americas,"La Ceiba, Tela districts (Atlantida province), La Lima, Omoa, Puerto Cortes, San Pedro Sula districts (Cortes province), Jesus De Otoro, Guanaja, Roatan, Jose Santos Guardiola districts (Islas De Bahia province), Ceguaca, Chinda, Gualala, Ilama, Las Vegas, Petoa, San Jose De Colimas, Santa Barbara, Trinidad districts (Santa Barbara province), El Progreso, Olanchito districts (Yoro province)","Slide (land, mud, snow, rock)",7.3,16.731,-86.217,2009,5,28,7,136,50000,,50136,100000,150064
267,Natural,Geophysical,Earthquake,Tsunami,JPN,Japan,Eastern Asia,Asia,"Sizuokasi, Yaidusi, Sagaratyoo, Huziedasi, Simadasi, Kakegawasi, Haibaratyoo districts (Sizuola province), Tookyoo province",Fire|Tsunami/Tidal wave,6.2,34.743,138.264,2009,8,10,1,319,25000,,25319,400000,600256
268,Natural,Geophysical,Earthquake,Ground movement,IDN,Indonesia,South-eastern Asia,Asia,"Cianjur, Bandung, Kota Bandung, Garut, Tasikmalaya, Kota Tasilmalaya, Sukabumi, Kota Bogor, Bogor, Ciamis, Sumedang, Kuningan, Kota Banjar, Purwakarta, Kota Cimahi, Kota Sukabumi districts (Jawa Barat province), Cilacap district (Jawa Tengah province), Dki Jakarta province","Slide (land, mud, snow, rock)",7,-7.782,107.297,2009,9,2,128,1442,338350,,339792,160000,240103
269,Natural,Geophysical,Earthquake,Ground movement,ALB,Albania,Southern Europe,Europe,Peshkopi district,,5.5,41.483,20.388,2009,9,7,,,,150,150,,
270,Natural,Geophysical,Earthquake,Tsunami,WSM,Samoa,Polynesia,Oceania,Administrative unit not available province,Tsunami/Tidal wave,8.1,-15.489,-172.095,2009,9,29,148,310,5274,,5584,124040,186139
271,Natural,Geophysical,Earthquake,Ground movement,IRN,Iran (Islamic Republic of),Southern Asia,Asia,Bandar-e abbas district (Hormozgan province),,5,27.334,56.202,2009,11,3,,269,,,269,,
272,Natural,Geophysical,Earthquake,Ground movement,MWI,Malawi,Sub-Saharan Africa,Africa,Karonga district (Northern Region province),,5.9,-9.948,33.878,2009,12,8,1,15,,15000,15015,,
273,Natural,Geophysical,Earthquake,Ground movement,TJK,Tajikistan,Central Asia,Asia,"Uskrogh, Rogh, Payshanbeobod, Gishkhun, Dashtirogh, Rokharv, Punichuguni Jamak villages (Vanchskiy district, Badakhshoni province)",,5.4,38.245,71.467,2010,1,2,,,6706,1134,7840,1500,2215
274,Natural,Geophysical,Earthquake,Ground movement,HTI,Haiti,Latin America and the Caribbean,Americas,"Port-au-prince, Kenscoff municipalities (Port-au-Prince district), Croix-des-Bouquets municipality (Croix-des-Bouquets district), Leogane, Petit-Goave, Grand-Goave municipalities (Leogane) (Ouest province), Jacmel municipality (Jacmel district, Sud Est province), Les Cayes municipality (Cayes district, Sud province), Jeremie municipality (Jeremie district, Grande Anse province), Gonaives municipality (Gonaives district, Artibonite province)",,7,18.443,-72.571,2010,1,12,222570,300000,3400000,,3700000,8000000,11811414
275,Natural,Geophysical,Earthquake,Tsunami,CHL,Chile,Latin America and the Caribbean,Americas,"Biobio province, Libertador Gral. Bernardo O'higgins, Valparaiso, Araucania, Metropolitana Santiago, Maule Provinces",Tsunami/Tidal wave,8.8,-36.122,-72.898,2010,2,27,562,10334,1861222,800000,2671556,30000000,44292803
276,Natural,Geophysical,Earthquake,Ground movement,CHN,China,Eastern Asia,Asia,"Pingyuanzhen village (Yingjiang area, Dehong Dai and Jingpo district, Yunnan Sheng province)",,5.5,24.727,97.957,2011,3,10,25,250,,5190,5440,290000,415061
277,Natural,Geophysical,Earthquake,Ground movement,CHN,China,Eastern Asia,Asia,"Pingyuanzhen village (Yingjiang area, Dehong Dai and Jingpo district, Yunnan Sheng province)",,4.8,24.693,97.943,2011,2,1,,1,,64500,64501,,
278,Natural,Geophysical,Earthquake,Ground movement,THA,Thailand,South-eastern Asia,Asia,"Chiang Rai, Chiang Mai, Lampang, Lamphun, Mae Hong Son, Phayao, Phrae, Nan provinces",,6.9,20.687,99.822,2011,3,24,1,16,,,16,,
279,Natural,Geophysical,Earthquake,Ground movement,UZB,Uzbekistan,Central Asia,Asia,Fergana province,,6.1,40.081,71.41,2011,7,19,13,,86,,86,,
280,Natural,Geophysical,Earthquake,Ground movement,CHN,China,Eastern Asia,Asia,"Shigatse, Shannan districts (Xizang Zizhiqu province)",,6.9,27.73,88.155,2011,9,18,7,136,,5000,5136,,
281,Natural,Geophysical,Earthquake,Ground movement,CHN,China,Eastern Asia,Asia,"Dabancheng area (Urumqi district, Xinjiang Uygur Zizhiqu province))","Slide (land, mud, snow, rock)",5.1,43.015,88.247,2011,6,8,,8,250,,258,,
282,Natural,Geophysical,Earthquake,Ground movement,NZL,New Zealand,Australia and New Zealand,Oceania,"Canterbury, Nelson-marlborough, Otago, Southland, Westland provinces","Slide (land, mud, snow, rock)",5.9,-43.564,172.743,2011,6,13,1,45,,300,345,3000000,4293734
283,Natural,Geophysical,Earthquake,Ground movement,IDN,Indonesia,South-eastern Asia,Asia,"Subulussalam city (Aceh Singkil district, Nangroe Aceh Darussalam province)",,6.7,2.965,97.893,2011,9,5,10,,,,,5850,8373
284,Natural,Geophysical,Earthquake,Ground movement,PER,Peru,Latin America and the Caribbean,Americas,"Ica, Chincha, Pisco districts (Ica province), Canete district (Lima province)",,6.4,-14.168,-75.635,2012,1,30,,145,2905,1385,4435,,
285,Natural,Geophysical,Earthquake,Ground movement,CHN,China,Eastern Asia,Asia,Xinjiang Uygur Zizhiqu province,,6.3,43.433,84.7,2012,6,29,,52,155000,,155052,68000,95351
286,Natural,Geophysical,Earthquake,Ground movement,MEX,Mexico,Latin America and the Caribbean,Americas,"Guerrero, Oaxaca, Mexico provinces",,7.4,16.493,-98.231,2012,3,20,2,11,45000,4000,49011,320000,448713
287,Natural,Geophysical,Earthquake,Ground movement,ITA,Italy,Southern Europe,Europe,"Finale Emilia, Mirandola towns (Modena Province, Emilia-romagna Region), Sant'Agostino area (Ferrara province, Emilia-romagna Region)",,6,44.89,11.23,2012,5,20,7,50,11000,,11050,15800000,22155200
288,Natural,Geophysical,Earthquake,Ground movement,CRI,Costa Rica,Latin America and the Caribbean,Americas,"Abangares, Carillo, Hojancgan, Liberia, Nicoya, Nandayure, Santacruz districts (Guanacaste province), Alajuela, Alafaro Ruiz, Atenas, Grecia, Naranjo, Poas, San Carlos, San Ramon, Valverde Vega, Upala districts (Alajuela province), Acosta, Puriscal, San Jose districts (San Jose province), Limon districts (Limon province), Barva, Sarapiqui districts (Heredia province), Aguirre, Garabito, Puntaneras districts (Puntarenas province)",,7.6,10.085,-85.315,2012,9,5,2,225,537,,762,45000,63100
289,Natural,Geophysical,Earthquake,Ground movement,IDN,Indonesia,South-eastern Asia,Asia,"Lindu village (Sigi area, Donggala district, Sulawesi Tengah province)",,6.3,-1.315,120.096,2012,8,18,6,43,5485,2355,7883,,
290,Natural,Geophysical,Earthquake,Ground movement,GTM,Guatemala,Latin America and the Caribbean,Americas,"San Marcos, Quetzaltenango, Solola, Retalhuleu, Quiché, Totonicapan, Huehuetenango, Suchitepequez, Chimaltenango, Sacatepequez, Guatemala provinces",,7.4,13.988,-91.895,2012,11,7,44,178,1321564,,1321742,210000,294468
291,Natural,Geophysical,Earthquake,Tsunami,SLB,Solomon Islands,Melanesia,Oceania,Santa Cruz islands (Temotu (Adminitrative unit not available) province),Tsunami/Tidal wave,8,-10.799,165.114,2013,2,6,10,,3329,,3329,2000,2764
292,Natural,Geophysical,Earthquake,Ground movement,COL,Colombia,Latin America and the Caribbean,Americas,"Narino, Cauca, Risaralda, Quindio,Valle Del Cauca provinces",,6.9,1.135,-77.393,2013,2,9,,15,9500,500,10015,4000,5528
293,Natural,Geophysical,Earthquake,Ground movement,CHN,China,Eastern Asia,Asia,"Eryuan Xian, Yangbi Yi Zizhixian, Yunlong Xian areas (Dali Bali district, Yunnan Sheng province)",,5.2,25.98,99.812,2013,3,3,,30,417170,10540,427740,56000,77391
294,Natural,Geophysical,Earthquake,Ground movement,IDN,Indonesia,South-eastern Asia,Asia,"Aceh Tengah, Bener Meriah districts (Nangroe Aceh Darussalam province)","Slide (land, mud, snow, rock)",6.1,4.645,96.665,2013,7,2,48,2532,53403,,55935,130000,179658
295,Natural,Geophysical,Earthquake,Ground movement,CHN,China,Eastern Asia,Asia,"Gannan Tibetan, Longnan, Dingxi, Tianshui, Baiyin, Lanzhou districts (Gansu Sheng province)","Slide (land, mud, snow, rock)",5.9,34.512,104.262,2013,7,22,95,887,123000,,123887,1000000,1381984
296,Natural,Geophysical,Earthquake,Ground movement,PAK,Pakistan,Southern Asia,Asia,"Awaran District, Chagai District, Gwadar District, Kech District, Khuzdar District, Panjgur District districts (Balochistan province)",,7.7,26.951,65.5009,2013,9,24,399,599,185150,,185749,100000,138198
297,Natural,Geophysical,Earthquake,Ground movement,CHN,China,Eastern Asia,Asia,"Keping Xian area (Aksu district, Xinjiang Uygur Zizhiqu province)",,5,40.253,78.944,2013,12,1,,,,2000,2000,,
298,Natural,Geophysical,Earthquake,Ground movement,CHN,China,Eastern Asia,Asia,"Changling area (Songyuan district, Jilin Sheng province)",,5.3,44.5993,124.1681,2013,11,22,,,58300,,58300,,
299,Natural,Geophysical,Earthquake,Ground movement,CHN,China,Eastern Asia,Asia,"Yutian Xian area (Khotan district, Xinjiang Uygur Zizhiqu province)",,6.9,35.9053,82.5864,2014,2,12,,,450000,,450000,174000,236627
300,Natural,Geophysical,Earthquake,Ground movement,PER,Peru,Latin America and the Caribbean,Americas,"Misca (Paruro district, Cusco province)",,4.9,-13.843,-71.695,2014,9,27,8,4,600,,604,,
301,Natural,Geophysical,Earthquake,Ground movement,CHL,Chile,Latin America and the Caribbean,Americas,"Arica y Painacota province, Alto Hospicio commune (Iquique district, Tarapaca province)","Slide (land, mud, snow, rock)",8.2,-19.61,-70.769,2014,4,1,6,,513387,,513387,100000,135992
302,Natural,Geophysical,Earthquake,Ground movement,NIC,Nicaragua,Latin America and the Caribbean,Americas,Managua province,,6.6,11.642,-85.8779,2014,4,11,2,266,12015,,12281,3000,4080
303,Natural,Geophysical,Earthquake,Ground movement,MEX,Mexico,Latin America and the Caribbean,Americas,"Guerrero, Morelos, Distrito Federal, Michoacan provinces",,7.2,17.397,-100.9723,2014,4,18,,,381,,381,,
304,Natural,Geophysical,Earthquake,Ground movement,CHN,China,Eastern Asia,Asia,"Xiluoduzhen village (Zhaotong district, Yunnan Sheng province)",,5.4,28.174,103.619,2014,4,4,,21,75000,,75021,80000,108794
305,Natural,Geophysical,Earthquake,Ground movement,TUR,Türkiye,Western Asia,Asia,"Tekirdag, Canakkale provinces",,6.9,40.2893,25.3889,2014,5,24,,324,,,324,,
306,Natural,Geophysical,Earthquake,Ground movement,CHN,China,Eastern Asia,Asia,"Yingjiang area (Dehong Dai and Jingpo district, Yunnan Sheng province)",,5.9,24.9997,97.845,2014,5,30,,45,184678,,184723,2000,2720
307,Natural,Geophysical,Earthquake,Ground movement,GTM,Guatemala,Latin America and the Caribbean,Americas,"Huehuetenango, Quetzaltenango, Retalhuleu, San Marcos, Solola, Suchitepequez, Totonicapan provinces",,6.9,14.724,-92.4614,2014,7,7,1,274,84679,9830,94783,,
308,Natural,Geophysical,Earthquake,Ground movement,CHN,China,Eastern Asia,Asia,"Longtoushanzhen, Zhaotong cities (Ludian area, Zhaotong district, Yunnan Sheng province), Qiaojia area (Zhaotong district, Yunnan Sheng province), Huize area (Qujing district, Yunnan Sheng province), Guizhou Sheng, Sichuan Sheng provinces","Slide (land, mud, snow, rock)",6.2,27.1891,103.4086,2014,8,3,731,3413,1117100,,1120513,5000000,6799615
309,Natural,Geophysical,Earthquake,Ground movement,COL,Colombia,Latin America and the Caribbean,Americas,"Santafe de Bogota D.c. district (Cundinamarca province), Cali district (Valle del Cauca province); Bucaramanga, Betulia districts (Santander Province)","Slide (land, mud, snow, rock)",6.2,6.7757,-72.9875,2015,3,10,,1,40835,400,41236,,
310,Natural,Geophysical,Earthquake,Ground movement,KGZ,Kyrgyzstan,Central Asia,Asia,"Chong-Alay, Alay, Kara-Suu, Kara-Kulja, Aravan districts (Osh province)",,5.6,40.376,73.204,2015,11,17,,,11490,5290,16780,12000,16300
311,Natural,Geophysical,Earthquake,Ground movement,AFG,Afghanistan,Southern Asia,Asia,"Ashkasham town (Eshkmesh district, Badakhshan province)",,6.3,36.4935,71.1263,2015,12,25,,12,,395,407,,
312,Natural,Geophysical,Earthquake,Ground movement,PAK,Pakistan,Southern Asia,Asia,Khyber Agency district (Federally Administrered Tribal Areas province),,6.3,36.4935,71.1263,2015,12,25,3,85,,,85,,
313,Natural,Geophysical,Earthquake,Ground movement,BGD,Bangladesh,Southern Asia,Asia,"Dhaka, Jamalpur districts (Dhaka province), Rajshahi district (Rajshahi province), Lalmonirhat, Panchagarh districts (Rangpur province)",,6.7,24.804,93.65,2016,1,3,5,70,,,70,,
314,Natural,Geophysical,Earthquake,Ground movement,JPN,Japan,Eastern Asia,Asia,"Kumamoto, Fukuoka, Saga, Oita, Miyazaki provinces",,7,32.791,130.75,2016,4,15,49,1684,272763,23985,298432,20000000,26827775
315,Natural,Geophysical,Earthquake,Ground movement,ITA,Italy,Southern Europe,Europe,"Amatrice, Accumoli, Pescara del Tronto, Arquataa, Posta (Rieti and Ascoli Piceno provinces)",,6.2,42.723,13.187,2016,8,24,296,400,4454,,4854,5000000,6706944
316,Natural,Geophysical,Earthquake,Ground movement,TUR,Türkiye,Western Asia,Asia,Bodrum,Tsunami/Tidal wave,6.7,,,2017,7,21,,360,,,360,,
317,Natural,Geophysical,Earthquake,Ground movement,MMR,Myanmar,South-eastern Asia,Asia,"Magway, Mandalay, Rakhine, Sagaing provinces",,6.8,20.923,94.569,2016,8,24,4,2,1150,,1152,10000,13414
318,Natural,Geophysical,Earthquake,Tsunami,NZL,New Zealand,Australia and New Zealand,Oceania,"Culverden, Kaikoura (Canterbury province), Wellington province","Slide (land, mud, snow, rock)|Tsunami/Tidal wave",7.8,-42.725,173.064,2016,11,14,2,50,,,50,3900000,5231416
319,Natural,Geophysical,Earthquake,Ground movement,CHN,China,Eastern Asia,Asia,Xinjinag Uygur Zizhiqu province,,6.6,39.238,74.047,2016,11,25,1,,37200,,37200,5500,7378
320,Natural,Geophysical,Earthquake,Ground movement,JPN,Japan,Eastern Asia,Asia,"Kurayoshi city (Kurayosisi district, Tottori province)",,6.2,35.37,133.812,2016,10,21,,7,480,6,493,100000,134139
321,Natural,Geophysical,Earthquake,Ground movement,CHN,China,Eastern Asia,Asia,Near Shihezi district (Xinjiang Uygur Zizhiqu province),,6,43.823,86.345,2016,12,8,,,9000,120,9120,135000,181087
322,Natural,Geophysical,Earthquake,Ground movement,GRC,Greece,Southern Europe,Europe,Kos Island,Tsunami/Tidal wave,6.7,36.925,27.414,2017,7,21,2,120,,,120,,
323,Natural,Geophysical,Earthquake,Ground movement,CHN,China,Eastern Asia,Asia,"Aba prefecture, Jiuzhaigou County (Sichuan province)","Slide (land, mud, snow, rock)",6.5,33.193,103.855,2017,8,8,29,525,217500,300,218325,500000,656706
324,Natural,Geophysical,Earthquake,Ground movement,MEX,Mexico,Latin America and the Caribbean,Americas,"Puebla (Puebla, Cholula), Morelos (Cuernavaca, Jojutla), Mexico state, Mexico city (Roma, Reforma, Condesa, Narvarte, Napoles, Lindavista), Guerrero, Oaxaca, Chiapas",Fire,7.1,18.55,-98.489,2017,9,17,369,6000,250000,,256000,6000000,7880469
325,Natural,Geophysical,Earthquake,Ground movement,KOR,Republic of Korea,Eastern Asia,Asia,"Near Pohang, Gyeongsangbuk-do province",,5.4,36.065,129.27,2017,11,15,,57,5000,,5057,,
326,Natural,Geophysical,Earthquake,Ground movement,IDN,Indonesia,South-eastern Asia,Asia,"Lombok, sumbawa",Tsunami/Tidal wave,6.9,-8.287,116.452,2018,8,5,564,1584,445343,70000,516927,790000,1012856
327,Natural,Geophysical,Earthquake,Ground movement,IRN,Iran (Islamic Republic of),Southern Asia,Asia,Tazeh Abad district (Kermanshah),,5.8,34.591,46.166,2018,7,22,,287,4755,,5042,10000,12821
328,Natural,Geophysical,Earthquake,Ground movement,JPN,Japan,Eastern Asia,Asia,"Atsuma village, Abira, Sapporo (Hokkaido)","Fire|Slide (land, mud, snow, rock)",6.6,42.686,141.929,2018,9,6,41,680,5600,,6280,1250000,1602620
329,Natural,Geophysical,Earthquake,Ground movement,IDN,Indonesia,South-eastern Asia,Asia,West Sumatra province,,5.4,-1.323,101.578,2019,2,28,,48,1715,,1763,,
330,Natural,Geophysical,Earthquake,Ground movement,ECU,Ecuador,Latin America and the Caribbean,Americas,Amazon basin region,,8,-5.812,-75.27,2019,5,26,,15,,,15,,
331,Natural,Geophysical,Earthquake,Ground movement,IRN,Iran (Islamic Republic of),Southern Asia,Asia,Masjed Soleyman City (Khuzestan Province),,5.6,31.756,49.561,2019,7,8,1,100,,2000,2100,,
332,Natural,Geophysical,Earthquake,Ground movement,IDN,Indonesia,South-eastern Asia,Asia,North Maluku Province,Tsunami/Tidal wave,7.2,-0.586,128.034,2019,7,14,8,134,5790,5880,11804,,
333,Natural,Geophysical,Earthquake,Ground movement,PHL,Philippines,South-eastern Asia,Asia,Itbayat Island (Batanes Province),,6,20.837,121.974,2019,7,27,9,64,2963,,3027,5258,6621
334,Natural,Geophysical,Earthquake,Ground movement,IDN,Indonesia,South-eastern Asia,Asia,"Ambon, Nusaniwe, Sirimau, Baguala, Teluk ambon, Leitimur Selatan distrcits (Maluku Province)",,6.5,-3.45,128.347,2019,9,26,31,179,247239,,247418,,
335,Natural,Geophysical,Earthquake,Ground movement,TUR,Türkiye,Western Asia,Asia,Istanbul,,5.7,40.89,28.173,2019,9,26,1,34,1419,,1453,,
336,Natural,Geophysical,Earthquake,Ground movement,PHL,Philippines,South-eastern Asia,Asia,North Cotabato Province (Mindanao Island),,6.4,6.714,125.009,2019,10,16,7,215,3068,,3283,,
337,Natural,Geophysical,Earthquake,Ground movement,PHL,Philippines,South-eastern Asia,Asia,Davao del Sur and South Cotabato provinces; North Cotabato Province (Mindanao Island),,6.6,6.754,124.985,2019,10,29,10,395,25630,,26025,,
338,Natural,Geophysical,Earthquake,Ground movement,FRA,France,Western Europe,Europe,Auvergne-Rhône-Alpes region,,4.8,44.612,4.638,2019,11,11,,4,750,,754,,
339,Natural,Geophysical,Earthquake,Ground movement,IRN,Iran (Islamic Republic of),Southern Asia,Asia,Varnakesh village (Mianeh County); Torkamanchay City (Mianeh County) - East Azerbaijan Province,,5.9,37.808,47.558,2019,11,8,6,584,22500,,23084,90000,113335
340,Natural,Geophysical,Earthquake,Ground movement,ALB,Albania,Southern Europe,Europe,"Durrës, Kruje, Tiranë, Lezhë",,6.4,41.511,19.522,2019,11,26,51,913,202000,,202913,700000,881492
341,Natural,Geophysical,Earthquake,Ground movement,PHL,Philippines,South-eastern Asia,Asia,"Davao del Sur Province (Davao Region, Mindanao Island)",,6.8,6.708,125.188,2019,12,15,14,210,394355,,394565,,
342,Natural,Geophysical,Earthquake,Ground movement,PRI,Puerto Rico,Latin America and the Caribbean,Americas,"Ponce City, San Juan, Yauco, Guayanilla, Lajas, Guanica",Tsunami/Tidal wave,6.4,17.935,-66.883,2020,1,7,4,8,4170,900,5078,800000,995144
343,Natural,Geophysical,Earthquake,Ground movement,HRV,Croatia,Southern Europe,Europe,Zagreb,,5.4,45.897,15.966,2020,3,22,1,27,60000,18915,78942,6800000,8458723
344,Natural,Geophysical,Earthquake,Ground movement,PRI,Puerto Rico,Latin America and the Caribbean,Americas,"Ponce, Peñuelas, Guayanilla provinces","Slide (land, mud, snow, rock)",5.4,17.937,-66.727,2020,5,2,,,150,,150,150000,186589
345,Natural,Geophysical,Earthquake,Ground movement,TUR,Türkiye,Western Asia,Asia,"Karl?ova, Yedisu, Adakl? districts (Bingöl); Çat district (Erzurum)",,5.9,39.421,40.697,2020,6,14,1,35,6600,,6635,,
346,Natural,Geophysical,Earthquake,Ground movement,IRN,Iran (Islamic Republic of),Southern Asia,Asia,Bouchehr province,,5.9,29.787,50.669,2021,4,18,,6,3537,,3543,,
347,Natural,Geophysical,Earthquake,Ground movement,HTI,Haiti,Latin America and the Caribbean,Americas,"Nippe, Grand Anse and the Sud departments",,7.2,18.408,-73.475,2021,8,14,2575,12763,690000,,702763,1620071,1924830
348,Natural,Geophysical,Earthquake,Ground movement,FRA,France,Western Europe,Europe,"La Laigne, Benon, Mauzé-sur-le-Mignon, Saint Hilaire-la-Palud and Cram-Chaban (Nouvelle-Aquitaine Region); Charente-Maritime",,4.8,46.212,-0.785,2023,6,16,,2,750,,752,445000,470180
349,Natural,Geophysical,Earthquake,Ground movement,IRN,Iran (Islamic Republic of),Southern Asia,Asia,Bandar Abbas County (central Hormozgan Province),,6.3,27.721,56.065,2021,11,14,1,104,36484,,36588,165000,196039
350,Natural,Geophysical,Earthquake,Ground movement,IDN,Indonesia,South-eastern Asia,Asia,"Selayar Islands Regency (South Sulawesi Province); Sikka Regency (Flores Island, East Nusa Tenggara Province)",,7.3,,,2021,12,14,,7,1730,,1737,,
351,Natural,Geophysical,Earthquake,Ground movement,ECU,Ecuador,Latin America and the Caribbean,Americas,,,7.2,-4.49,-76.846,2021,11,28,,,39,,39,,
352,Natural,Geophysical,Earthquake,Ground movement,IDN,Indonesia,South-eastern Asia,Asia,Maluku Province,,5.6,,,2022,1,10,,2,300,,302,,
353,Natural,Geophysical,Earthquake,Ground movement,AFG,Afghanistan,Southern Asia,Asia,Qadis (Badghis province) Ghor and Hirat provinces,,5.3,34.929,63.621,2022,1,17,28,4,,4000,4004,,
354,Natural,Geophysical,Earthquake,Ground movement,IDN,Indonesia,South-eastern Asia,Asia,"Mentawai Islands Regency, (West Sumatra Province)",,6,,,2022,9,11,,3,6000,,6003,,
355,Natural,Geophysical,Earthquake,Ground movement,SYR,Syrian Arab Republic,Western Asia,Asia,"Aleppo, Lattakia, Hama; Harim (Idlib); Tartous; Atmeh, Sarmada, Atareb, and Kafr Takharim",,7.8,38.055,36.51,2023,2,6,5670,11774,8000000,,8011774,8900000,9403598
356,Natural,Geophysical,Earthquake,Ground movement,TUR,Türkiye,Western Asia,Asia,"Gaziantep; Pazarcik District (Kahramanmaras); Sanliurfa, Diyarbakir, Adana, Adiyaman, Osmaniye, Hatay, Kilis, Elazig, Malatya",Fire,7.8,38.055,36.51,2023,2,6,53000,107000,16000000,,16107000,34000000,35923858
357,Natural,Geophysical,Earthquake,Ground movement,JPN,Japan,Eastern Asia,Asia,Ishikawa,"Slide (land, mud, snow, rock)",6.2,37.548,137.299,2023,5,6,1,43,2157,54,2254,,
358,Natural,Geophysical,Earthquake,Ground movement,IDN,Indonesia,South-eastern Asia,Asia,"Special Region of Yogyakarta, East and Central Java (Java province)",,5.8,-8.674,110.041,2023,6,30,1,10,1110,,1120,,
359,Natural,Geophysical,Earthquake,Ground movement,CHN,China,Eastern Asia,Asia,Dezhou and Liaocheng,,5.4,37.231,116.391,2023,8,5,,21,,378,399,35000,36980
360,Natural,Geophysical,Earthquake,Ground movement,MAR,Morocco,Northern Africa,Africa,"Al Haouz and Taroudant Provinces; Marrakech; Ouarzazate, Azilal, Chichaoua","Slide (land, mud, snow, rock)",6.8,31.058,-8.385,2023,9,8,2946,5674,840000,,845674,7000000,7396088
361,Natural,Geophysical,Earthquake,Ground movement,KAZ,Kazakhstan,Central Asia,Asia,,,5.8,41.27,78.621,2024,1,23,,67,,,67,,
362,Natural,Geophysical,Earthquake,Ground movement,PNG,Papua New Guinea,Melanesia,Oceania,"Ambunti-Dreikikir, Angoram and Wosera-Gaui (East Sepik Province)","Slide (land, mud, snow, rock)",6.9,-4.139,143.159,2024,3,20,5,2,,5000,5002,,
363,Natural,Geophysical,Earthquake,Ground movement,PHL,Philippines,South-eastern Asia,Asia,Lingig municipality (Mindanao Island),,6.8,8.193,126,2024,8,2,,,24000,,24000,,
364,Natural,Geophysical,Earthquake,Ground movement,IDN,Indonesia,South-eastern Asia,Asia,"Bandung Regency, West Java Province",,5.1,,,2024,9,18,1,75,2800,,2875,30000,30789
365,Natural,Geophysical,Earthquake,Ground movement,VUT,Vanuatu,Melanesia,Oceania,,"Slide (land, mud, snow, rock)|Tsunami/Tidal wave",7.3,-17.686,168.034,2024,12,17,14,265,80000,,80265,100000,102631
366,Natural,Geophysical,Earthquake,Ground movement,NPL,Nepal,Southern Asia,Asia,,,7.1,,,2025,1,7,,13,60,10,83,,
367,Natural,Geophysical,Earthquake,Ground movement,THA,Thailand,South-eastern Asia,Asia,Bangkok,,7.7,21.996,95.926,2025,3,28,54,38,2313,,2351,,
368,Natural,Geophysical,Earthquake,Tsunami,RUS,Russian Federation,Eastern Europe,Europe,"Kamchatka Peninsula; Severo-Kurilsk city area (Kuril islands, Sakhalin region)",Tsunami/Tidal wave,8.8,52.498,160.264,2025,7,29,,4,165,,169,,
369,Natural,Geophysical,Earthquake,Ground movement,TUR,Türkiye,Western Asia,Asia,Balikesir,,6.1,39.322,28.096,2025,8,10,1,52,183,1278,1513,10000,10000
370,Natural,Geophysical,Earthquake,Ground movement,IDN,Indonesia,South-eastern Asia,Asia,"Masani village (Poso Coastal District, Central Sulawesi province)",Tsunami/Tidal wave,5.8,-1.282,120.727,2025,8,16,2,44,433,,477,,
371,Natural,Geophysical,Earthquake,Ground movement,ETH,Ethiopia,Sub-Saharan Africa,Africa,Afar and Tigray regions,,5.7,,,2025,10,11,1,9,43000,,43009,,
372,Natural,Geophysical,Earthquake,Ground movement,PHL,Philippines,South-eastern Asia,Asia,"Davao Oriental, Davao de Oro (Mindanao Island)","Slide (land, mud, snow, rock)|Tsunami/Tidal wave",6.7,7.172,126.755,2025,10,10,10,1027,845000,,846027,,
373,Natural,Geophysical,Earthquake,Ground movement,IDN,Indonesia,South-eastern Asia,Asia,"Totikum, Tinangkung, Liang villages (Banggai Kepulauan district, Sulawesi Tengah province), Banggai district (Sulawesi Tengah province)",Tsunami/Tidal wave,7.6,-1.105,123.573,2000,5,4,45,270,,52500,52770,30000,56088
374,Natural,Geophysical,Earthquake,Ground movement,GRC,Greece,Southern Europe,Europe,"Michalitsi, Mitikas (Artis District, Ipeiros province), Flampoura, Kanali, Pantokratos villages (Prevezis district, Ipeiros province)",,5.6,38.922,20.64,2000,5,26,,,600,,600,,
375,Natural,Geophysical,Earthquake,Ground movement,ISL,Iceland,Northern Europe,Europe,Hella city (Rangarvalla province),,6.5,63.966,-20.487,2000,6,17,,1,57,33,91,12000,22435
376,Natural,Geophysical,Earthquake,Ground movement,RUS,Russian Federation,Eastern Europe,Europe,Ougklegorsk region (Sakhalinskaya Oblast Province),"Slide (land, mud, snow, rock)",6.8,48.786,142.246,2000,8,4,,8,,19100,19108,920,1720
377,Natural,Geophysical,Earthquake,Ground movement,USA,United States of America,Northern America,Americas,"Near Yountville city (Napa district, California province)",,4.9,38.3788333,-122.4133333,2000,9,3,,70,25000,104,25174,50000,93479
378,Natural,Geophysical,Earthquake,Ground movement,PNG,Papua New Guinea,Melanesia,Oceania,"Duke of York island (Kokopo district, East New Britain province), New Ireland, Northern Solomons provinces",Tsunami/Tidal wave,8,-3.98,152.169,2000,11,16,2,,,5000,5000,,
379,Natural,Geophysical,Earthquake,Ground movement,JPN,Japan,Eastern Asia,Asia,"Hirosima, Ehime provinces",,6.8,34.083,132.526,2001,3,24,2,161,11100,,11261,500000,909101
380,Natural,Geophysical,Earthquake,Ground movement,CHN,China,Eastern Asia,Asia,"Shidian area (Baoshan district, Yunnan Sheng province)","Slide (land, mud, snow, rock)",5.6,24.768,99.061,2001,4,12,2,190,150000,,150190,31000,56364
381,Natural,Geophysical,Earthquake,Ground movement,AFG,Afghanistan,Southern Asia,Asia,"Panjsher, Parwan, Kapisa provinces",,5,35.169,69.389,2001,6,1,4,20,,250,270,,
382,Natural,Geophysical,Earthquake,Ground movement,TUR,Türkiye,Western Asia,Asia,Osmaniye province,,5.5,37.238,36.206,2001,6,25,,130,350,,480,,
383,Natural,Geophysical,Earthquake,Ground movement,PER,Peru,Latin America and the Caribbean,Americas,"Pucuncho city (Cayarani municipality, Condesuyos district, Arequipa province) ; Chuquibamba municipality (Condesuyos district, Arequipa province)",,5.8,-15.35,-72.516,2001,12,4,2,5,150,,155,,
384,Natural,Geophysical,Earthquake,Ground movement,VUT,Vanuatu,Melanesia,Oceania,Port Vila city (Shefa province),"Slide (land, mud, snow, rock)",7.2,-17.6,167.856,2002,1,3,,,500,,500,,
385,Natural,Geophysical,Earthquake,Ground movement,TUR,Türkiye,Western Asia,Asia,Bolvadin district (Afyon province),,6.5,38.573,31.271,2002,2,3,42,327,222000,30000,252327,95000,170032
386,Natural,Geophysical,Earthquake,Ground movement,AFG,Afghanistan,Southern Asia,Asia,"Hindu Kush montain (Wakhan district, Badakhshan province), Souchi Bala Payan, Yawan villages (Yawan district, Badakhshan province), Souch village (Jorm district, Badakhshan province), Jurm, Malang Ab villages (Baharak district, Badakhshan province), Rostaq district (Takhar province), Kabul district (Kabul province), Khuram Wa Sarbagh, Aybak districts (Samagan province)","Slide (land, mud, snow, rock)",6.3,36.429,70.438,2002,3,3,150,13,3500,,3513,,
387,Natural,Geophysical,Earthquake,Ground movement,TJK,Tajikistan,Central Asia,Asia,Badakhshoni Kuni province,,6.3,36.429,70.438,2002,3,3,,,,500,500,,
388,Natural,Geophysical,Earthquake,Ground movement,AFG,Afghanistan,Southern Asia,Asia,"Dawabi, Khojakeder villages (Nahrin district, Baghlan province)","Slide (land, mud, snow, rock)",5.9,35.959,69.417,2002,4,12,50,150,6000,,6150,,
389,Natural,Geophysical,Earthquake,Ground movement,IRN,Iran (Islamic Republic of),Southern Asia,Asia,"Behabad village (Sonqor district, Kermanshah province) Dinvar village (Sahneh district, Kermanshah province)",,5.4,34.642,47.4,2002,4,24,2,56,20000,,20056,,
390,Natural,Geophysical,Earthquake,Ground movement,GEO,Georgia,Western Asia,Asia,Tbilissi district (Tbilisi province),"Slide (land, mud, snow, rock)",4.8,41.765,44.96,2002,4,25,6,70,18000,1086,19156,350000,626435
391,Natural,Geophysical,Earthquake,Ground movement,EGY,Egypt,Northern Africa,Africa,Cairo province,,4.4,30.2,31.41,2002,8,24,,,250,,250,,
392,Natural,Geophysical,Earthquake,Ground movement,VUT,Vanuatu,Melanesia,Oceania,Merelava island (Torba province),"Slide (land, mud, snow, rock)",5.9,-14.49,167.827,2002,11,27,,3,500,,503,,
393,Natural,Geophysical,Earthquake,Ground movement,IRN,Iran (Islamic Republic of),Southern Asia,Asia,Kermanshah province,,5.2,34.594,47.454,2002,12,24,,15,15000,,15015,,
394,Natural,Geophysical,Earthquake,Ground movement,IDN,Indonesia,South-eastern Asia,Asia,"Ransiki village (Manokwari district, Papua Barat province)",,6.4,-1.68,134.234,2002,9,20,,,155,,155,,
395,Natural,Geophysical,Earthquake,Ground movement,IRN,Iran (Islamic Republic of),Southern Asia,Asia,"Nourabad area (Shiraz district, Fars province), Kazerun district (Fars province)",,5.2,29.59,51.474,2003,1,11,,80,6750,3250,10080,,
396,Natural,Geophysical,Earthquake,Ground movement,DZA,Algeria,Northern Africa,Africa,"Thenia, Zemmouri, Boumerdes, Dellys, Khemis El Khechna, Bordj Menaiel, Isser districts (Boumerdes province), Reghaia, Rouiba, Bab El Oued, Alger, Casbah, Hamma Anassers districts (Alger province)",Tsunami/Tidal wave,6.8,36.964,3.634,2003,5,21,2266,10261,,200000,210261,5000000,8750432
397,Natural,Geophysical,Earthquake,Ground movement,DZA,Algeria,Northern Africa,Africa,Zemmouri district (Boumerdes province),,5.8,36.939,3.578,2003,5,27,9,200,,,200,,
398,Natural,Geophysical,Earthquake,Ground movement,CHN,China,Eastern Asia,Asia,"Dayao Xian area (Chuxiong Yi district, Yunnan Sheng province)",,5.6,25.954,101.254,2003,10,16,3,56,60000,,60056,60000,105005
399,Natural,Geophysical,Earthquake,Ground movement,CHN,China,Eastern Asia,Asia,"Zhaosu Xian area (Ili Kazakh district, Xinjiang Uygur Zizhiqu province)",,6,42.905,80.515,2003,12,1,11,73,3510,2435,6018,1933,3383
400,Natural,Geophysical,Earthquake,Ground movement,USA,United States of America,Northern America,Americas,"Paso Robles, Templeton, Atascadero, Cambria, Morro Bay, Oceano villages (San Luis Obispo district, California province)",,6.5,35.7005,-121.1005,2003,12,22,2,40,,120,160,200000,350017
401,Natural,Geophysical,Earthquake,Ground movement,TUR,Türkiye,Western Asia,Asia,Buldan district (Denizli province),,4.5,38.111,28.887,2003,7,26,,,240,,240,,
402,Natural,Geophysical,Earthquake,Ground movement,IRN,Iran (Islamic Republic of),Southern Asia,Asia,"Nour, Baladeh cities (Nur district, Mazandaran province), Alamout area (Qasr-e shirin district, Ghazvin province), Taleghan area (Savojbolagh district, Tehran province), Chalus, Noshahr districts (Mazandaran province)","Slide (land, mud, snow, rock)",6.3,36.29,51.61,2004,5,28,35,278,220,,498,165000,281235
403,Natural,Geophysical,Earthquake,Ground movement,RUS,Russian Federation,Eastern Europe,Europe,Tatarsky Bay (Sakhalin Isl.) (Sakhalinskaya Oblast Province),,4.9,47.311,142.12,2004,5,31,,,138,,138,,
404,Natural,Geophysical,Earthquake,Tsunami,IND,India,Southern Asia,Asia,"Kancheepuram, Villupuram, Nagapattinam, Thoothukudi, Tirunelveli Kattabo, Kanniyakumari, Chennai, Thiruvallur, Cuddalore, Pudukkottai, Ramanathapuram, Sivaganga, Thanjavur districts (Tamil Nadu province), Vishakhapatnam, East Godavari, West Godavari, Krishna, Guntur, Prakasam, Nellore districts (Andhra Pradesh province), Kollam, Alappuzha, Ernakulam districts (Kerala province), Puducherry, Karaikal district (Puducherry province), Andaman and Nicobar province",,9.1,3.295,95.982,2004,12,26,16389,6913,647599,,654512,1022800,1743316
405,Natural,Geophysical,Earthquake,Tsunami,KEN,Kenya,Sub-Saharan Africa,Africa,Mombassa district (Coast province),Tsunami/Tidal wave,9.1,3.295,95.982,2004,12,26,1,,,,,100000,170445
406,Natural,Geophysical,Earthquake,Tsunami,SOM,Somalia,Sub-Saharan Africa,Africa,"Hafun village (Iskushuban district, Bari province), Garacad village (Jariiban district, Mudug province), Eyl district (Nugaal province), Marka, Baraawe districts (Shabelle Hoose province)",,9.1,3.295,95.982,2004,12,26,298,283,104800,,105083,100000,170445
407,Natural,Geophysical,Earthquake,Tsunami,SYC,Seychelles,Sub-Saharan Africa,Africa,"Anse Aux Pins, Anse Boileau, Anse Etoile, Anse Royale, Au Cap, Baie Lazare, Beau Vallon, Bel Air, Belombre, Cascade, English River, Glacis, Grande Anse Mahe, La Digue, Les Mamelles, Mont Buxton, Mont Fleuri, Plaisance, Pointe Larue, Port Glaud, Praslin, Roche Caiman, St Louis, Takamaka provinces",,9.1,3.295,95.982,2004,12,26,3,,4760,70,4830,30000,51134
408,Natural,Geophysical,Earthquake,Ground movement,TUR,Türkiye,Western Asia,Asia,"Batman city (Merkez district, Batman province), Siirt city (Merkez district, Siirt province), Adana, Van, Hakkari provinces",,5.9,37.622,43.703,2005,1,25,2,22,400,,422,,
409,Natural,Geophysical,Earthquake,Ground movement,ZAF,South Africa,Sub-Saharan Africa,Africa,"Klerksdorp, Stilfontein villages (Dr Kenneth Kaunda District Municipality district, North West province)",,5,-26.913,26.789,2005,3,9,2,58,,,58,20000,32970
410,Natural,Geophysical,Earthquake,Ground movement,SLV,El Salvador,Latin America and the Caribbean,Americas,"Apaneca district (Ahuachapan province), Juayua district (Sonsonate province)","Slide (land, mud, snow, rock)",4.8,13.835,-89.759,2005,5,5,1,1,750,,751,,
411,Natural,Geophysical,Earthquake,Ground movement,IRN,Iran (Islamic Republic of),Southern Asia,Asia,"Faryab village (Kahnug district, Kerman province), Baft, Jiroft districts (Kerman province)",,6,28.12,56.865,2006,2,28,,6,7000,,7006,,
412,Natural,Geophysical,Earthquake,Ground movement,IRN,Iran (Islamic Republic of),Southern Asia,Asia,"Aleshtar village (Selseleh district, Lorestan province), Silakhor village (Dorud district, Lorestan province), Borugerd, Khorramabad districts (Lorestan province)",,6.1,33.5,48.78,2006,3,31,63,1418,160000,,161418,42262,67493
413,Natural,Geophysical,Earthquake,Ground movement,RUS,Russian Federation,Eastern Europe,Europe,"Apuka, Khailino and Vyvenka villages, Korf-Tilichiki area (Koryakskiy Okrug province)",,7.6,60.949,167.089,2006,4,20,,40,12000,,12040,55000,87835
414,Natural,Geophysical,Earthquake,Ground movement,IRN,Iran (Islamic Republic of),Southern Asia,Asia,Zarand district (Kerman province),,5,30.79,56.7,2006,5,7,,70,,,70,,
415,Natural,Geophysical,Earthquake,Ground movement,IDN,Indonesia,South-eastern Asia,Asia,"Kulonprogo, Sleman, Kota Yogyakarta, Gunungkidul, Bantul districts (Daerah Istimewa Yogyakarta province), Purworejo, Kota Klaten, Magelang, Klaten, Boyolali districts (Jawa Tengah province)",,6.3,-7.961,110.446,2006,5,26,5778,137883,2340745,699295,3177923,3100000,4950717
416,Natural,Geophysical,Earthquake,Ground movement,IDN,Indonesia,South-eastern Asia,Asia,"Muara Sipongi area (Mandailingnatal district, Sumatera Utara province)","Slide (land, mud, snow, rock)",5.8,0.626,99.859,2006,12,17,8,200,1000,,1200,,
417,Natural,Geophysical,Earthquake,Ground movement,TWN,Taiwan (Province of China),Eastern Asia,Asia,"Pingtung city (Name Unknown district, Taiwan Sheng province)",,7.1,21.799,120.547,2006,12,26,2,42,,,42,,
418,Natural,Geophysical,Earthquake,Ground movement,CHN,China,Eastern Asia,Asia,Pu'er district (Yunnan Sheng province),,6.1,23.028,101.052,2007,6,2,3,329,,,329,342000,531027
419,Natural,Geophysical,Earthquake,Ground movement,IDN,Indonesia,South-eastern Asia,Asia,"Tanahdatar, Solok, Kota Solok, Padangpariaman, Kota Padangpanjang, Kota Payakumbuh, Kota Bukitinggi, Agam, Limapuluhkoto, Kota Pariaman districts (Sumatera Barat province)",,6.3,-0.488,100.53,2007,3,6,67,826,136834,,137660,200000,310542
420,Natural,Geophysical,Earthquake,Ground movement,TJK,Tajikistan,Central Asia,Asia,"Oshoba, Oilmo areas (Ashtskiy district, Sogd province)","Flood|Slide (land, mud, snow, rock)",5.2,38.936,70.485,2007,7,21,11,3,7000,,7003,,
421,Natural,Geophysical,Earthquake,Ground movement,IDN,Indonesia,South-eastern Asia,Asia,Sumbawa district (Nusatengarra Barat province),,6.5,-8.292,118.37,2007,11,25,3,1800,20000,,21800,,
422,Natural,Geophysical,Earthquake,Ground movement,MTQ,Martinique,Latin America and the Caribbean,Americas,Fort-De-France province,,7.4,14.944,-61.274,2007,11,29,1,100,,,100,,
423,Natural,Geophysical,Earthquake,Ground movement,CHL,Chile,Latin America and the Caribbean,Americas,"Tocopilla, Maria Elena, Quillagua town (Topicalla Province, Antofagasta Region), Mejillones (Antofagasta Province, Antofagasta Region)",,7.7,-22.247,-69.89,2007,11,14,2,155,25000,,25155,100000,155271
424,Natural,Geophysical,Earthquake,Ground movement,JPN,Japan,Eastern Asia,Asia,"Mie, Nara, Siga provinces",,5.1,34.807,136.239,2007,4,15,,12,189,,201,,
425,Natural,Geophysical,Earthquake,Ground movement,KGZ,Kyrgyzstan,Central Asia,Asia,"Kara-suu, Alay, Nookat districts (Osh province)",,5.6,40.288,72.985,2008,1,13,,,3000,,3000,,
426,Natural,Geophysical,Earthquake,Ground movement,RWA,Rwanda,Sub-Saharan Africa,Africa,"Cyangugu, Nyamasheke villages (Rusizi district, West/Iburengerazuba province)",,5.9,-2.296,28.9,2008,2,3,36,643,,,643,,
427,Natural,Geophysical,Earthquake,Ground movement,CHN,China,Eastern Asia,Asia,"Yingjiang area (Dehong Dai and Jingpo district, Yunnan Sheng province)",,6,25.039,97.697,2008,8,21,6,160,,,160,,
428,Natural,Geophysical,Earthquake,Ground movement,CHN,China,Eastern Asia,Asia,"Huili area (Liangshan Yi district, Sichuan Sheng province), Miyi area (Panzhihua district, Sichuan Sheng province), Kunming, Chuxiong Yi, Zhaotong, Lijiang, Dali Bai districts (Yunnan Sheng province)",,6,26.241,101.889,2008,8,30,40,589,950000,50000,1000589,492000,735690
429,Natural,Geophysical,Earthquake,Ground movement,IRN,Iran (Islamic Republic of),Southern Asia,Asia,"Tonban village (Geshm district, Hormozgan province), Roudan village (Rudan district, Hormozgan province)",,6.1,26.743,55.828,2008,9,10,6,45,20500,,20545,,
430,Natural,Geophysical,Earthquake,Ground movement,KGZ,Kyrgyzstan,Central Asia,Asia,"Nura village (Alay district, Osh province), Chong-Alay district (Osh province)",,6.7,39.533,73.824,2008,10,5,74,142,,1055,1197,,
431,Natural,Geophysical,Earthquake,Ground movement,PAK,Pakistan,Southern Asia,Asia,"Khanozai village (Pishin District district, Balochistan province), Kawas village (Ziarat District district, Balochistan province), Harnai area (Sibi District district, Balochistan province)","Slide (land, mud, snow, rock)",6.4,30.639,67.351,2008,10,28,166,320,75000,,75320,10000,14953
432,Natural,Geophysical,Earthquake,Tsunami,TON,Tonga,Polynesia,Oceania,Niuatoputapu island (Administrative unit not available province),Tsunami/Tidal wave,8.1,-15.489,-172.095,2009,9,29,9,7,500,,507,9500,14256
433,Natural,Geophysical,Earthquake,Ground movement,IDN,Indonesia,South-eastern Asia,Asia,"Agam, Kepulauan Mentawai, Kota Bukitinggi, Kota Padang, Kota Padangpanjang, Kota Pariaman, Kota Pasaman, Kota Pasaman Barat, Kota Payakumbuh, Kota Sawahlunto, Kota Solok, Limapuluhkoto, Padangpariaman, Solok, Solok Selatan, Pesisir Selatan, Sawahlunto/sijunjung, Tanahdatar districts (Sumatera Barat province), Keranci, Merangin districts (Jambi province)","Slide (land, mud, snow, rock)|Tsunami/Tidal wave",6.6,-8.207,118.631,2009,9,30,1195,1798,2500000,,2501798,2200000,3301410
434,Natural,Geophysical,Earthquake,Ground movement,CHN,China,Eastern Asia,Asia,Kunming district (Yunnan Sheng province),,5.2,25.523,101.903,2010,2,25,,11,50000,,50011,,
435,Natural,Geophysical,Earthquake,Ground movement,NZL,New Zealand,Australia and New Zealand,Oceania,Christchurch city (Canterbury province),,7,-43.522,171.83,2010,9,4,,2,300000,,300002,6500000,9596774
436,Natural,Geophysical,Earthquake,Tsunami,IDN,Indonesia,South-eastern Asia,Asia,"Holtekamp beach (Muara Tami area, Kota Jayapura district, Papua province)",Tsunami/Tidal wave,9.1,38.297,142.373,2011,3,11,1,,,95,95,,
437,Natural,Geophysical,Earthquake,Tsunami,IDN,Indonesia,South-eastern Asia,Asia,Kepulauan Mentawai district (Sumatera Barat province),Tsunami/Tidal wave,7.8,-3.487,100.082,2010,10,25,530,412,11452,,11864,,
438,Natural,Geophysical,Earthquake,Ground movement,IRN,Iran (Islamic Republic of),Southern Asia,Asia,"Damghan village (Damghan district, Semnan province), Torud village (Shahrud district, Semnan province)",,5.8,35.49,54.47,2010,8,27,3,100,,3500,3600,,
439,Natural,Geophysical,Earthquake,Ground movement,MMR,Myanmar,South-eastern Asia,Asia,"Tarlay area (Tachileik district, Shan (E) province)",,6.9,20.687,99.822,2011,3,24,74,125,18000,3152,21277,3600,5152
440,Natural,Geophysical,Earthquake,Ground movement,JPN,Japan,Eastern Asia,Asia,"Ishinomakisi, Onagawatyoo districts (Miyagi province), Yamagata province",,7.1,38.276,141.588,2011,4,7,2,132,,,132,,
441,Natural,Geophysical,Earthquake,Ground movement,TUR,Türkiye,Western Asia,Asia,Simav district (Kutahya province),,5.8,39.149,29.103,2011,5,19,3,121,,10000,10121,244000,349224
442,Natural,Geophysical,Earthquake,Ground movement,PER,Peru,Latin America and the Caribbean,Americas,"Ica municipality (Ica district, Ica province), San Vicente de Canete municipality (Cañete district, Lima province)",,6.9,-14.438,-75.966,2011,10,28,1,106,870,1705,2681,,
443,Natural,Geophysical,Earthquake,Ground movement,TUR,Türkiye,Western Asia,Asia,Van province,,5.6,38.429,43.229,2011,11,9,40,30,,75,105,,
444,Natural,Geophysical,Earthquake,Ground movement,MEX,Mexico,Latin America and the Caribbean,Americas,Guerrero province,,6.5,17.986,-99.789,2011,12,11,2,2,150,,152,,
445,Natural,Geophysical,Earthquake,Ground movement,BGR,Bulgaria,Eastern Europe,Europe,"Pernik town (Pernik Province), Sofia town (Sofia-city Province)",,5.6,42.645,22.968,2012,5,22,,70,140,,210,,
446,Natural,Geophysical,Earthquake,Ground movement,ITA,Italy,Southern Europe,Europe,Modena Province (Emilia-romagna Region),,5.8,44.851,11.086,2012,5,29,17,350,,14000,14350,,
447,Natural,Geophysical,Earthquake,Ground movement,AFG,Afghanistan,Southern Asia,Asia,"Burka, Mullah Jan villages (Burka district, Baghlan province) Nahrin, Guzargah-e-Nur, Khost Wa Fereng, Khwajahejran districts (Baghlan province)","Slide (land, mud, snow, rock)",5.7,36.023,69.351,2012,6,11,75,13,2965,570,3548,,
448,Natural,Geophysical,Earthquake,Ground movement,AZE,Azerbaijan,Western Asia,Asia,"Balaken, Gakh, Zagatala districts (Shaki-Zaqatala province)",,5.6,41.549,46.789,2012,5,7,,50,15500,,15550,,
449,Natural,Geophysical,Earthquake,Ground movement,PHL,Philippines,South-eastern Asia,Asia,"Valencia, Maramag areas (Bukidnon district, Region X (Northern Mindanao) province)",,5.7,7.905,125.044,2012,9,4,,1,4000,,4001,,
450,Natural,Geophysical,Earthquake,Ground movement,CHN,China,Eastern Asia,Asia,Yangzhou district (Jiangsu Sheng province),,4.9,32.978,119.593,2012,7,20,1,2,2530,78,2610,,
451,Natural,Geophysical,Earthquake,Ground movement,PHL,Philippines,South-eastern Asia,Asia,"Guian town (Eastern Samar district, Region VIII (Eastern Visayas) province)",,7.6,10.811,126.638,2012,8,31,1,10,28869,,28879,3244,4549
452,Natural,Geophysical,Earthquake,Ground movement,CHN,China,Eastern Asia,Asia,Xinjiang Uygur Zizhiqu province,,5.3,38.745,88.098,2012,12,7,,,5500,,5500,96000,134614
453,Natural,Geophysical,Earthquake,Ground movement,IRN,Iran (Islamic Republic of),Southern Asia,Asia,Nishabur district (Khorasan province),,5.1,36.288,58.835,2012,1,19,,238,,,238,,
454,Natural,Geophysical,Earthquake,Ground movement,CHN,China,Eastern Asia,Asia,Xinjiang Uygur Zizhiqu province,,5.9,39.383,81.307,2012,3,9,,36641,,,36641,84000,117787
455,Natural,Geophysical,Earthquake,Ground movement,IDN,Indonesia,South-eastern Asia,Asia,Nangroe Aceh Darussalam province,,6.1,4.927,95.907,2013,1,22,1,15,500,,515,,
456,Natural,Geophysical,Earthquake,Ground movement,PAK,Pakistan,Southern Asia,Asia,"Mashkhel area (Chagai district, Balochistan province), Washuk area (Kharan district, Balochistan province), Karachi Central District, Karachi East District, Karachi South District, Karachi West District districts (Sindh province)",,7.7,28.033,61.996,2013,4,16,41,175,15000,,15175,,
457,Natural,Geophysical,Earthquake,Ground movement,HUN,Hungary,Eastern Europe,Europe,Heves province,,4.4,47.624,20.227,2013,4,14,,,1800,,1800,,
458,Natural,Geophysical,Earthquake,Ground movement,CHN,China,Eastern Asia,Asia,"Benzilan village (Deqin Xian area, Deqen Tibetan district, Yunnan Sheng province)","Slide (land, mud, snow, rock)",5.6,28.2425,99.3502,2013,8,31,3,50,538000,,538050,155000,214208
459,Natural,Geophysical,Earthquake,Ground movement,GRC,Greece,Southern Europe,Europe,"Lixouri, Kounopetra, Fiskardo villages (Kefalonia Isl., Kefallinias district, Ionioi Nisoi province)",,6.1,38.2082,20.4528,2014,1,26,,23,2000,,2023,178000,242066
460,Natural,Geophysical,Earthquake,Ground movement,PHL,Philippines,South-eastern Asia,Asia,"Catigbian village (Bohol district, Region VII (Central Visayas) province), Cebu, Siquijor, Negros Oriental districts (Region VII (Central Visayas) province), Negros Occidental, Iloilo, Guimaras districts (Region VI (Western Visayas) province)",,7.1,9.8796,124.1167,2013,10,15,230,976,3221248,,3222224,51459,71116
461,Natural,Geophysical,Earthquake,Ground movement,PER,Peru,Latin America and the Caribbean,Americas,"Arequipa, Ayacucho, Ica provinces",,7.1,-15.8385,-74.5112,2013,9,25,,29,7055,,7084,,
462,Natural,Geophysical,Earthquake,Ground movement,GTM,Guatemala,Latin America and the Caribbean,Americas,"Ciudad Tecun Uman city (Ayutla district, San Marcos province)",,6.4,14.6056,-92.1207,2013,9,7,1,52,520,,572,2000,2764
463,Natural,Geophysical,Earthquake,Ground movement,IDN,Indonesia,South-eastern Asia,Asia,Nangroe Aceh Darussalam province,,5.4,5.1033,95.9709,2013,10,22,1,3,2735,,2738,,
464,Natural,Geophysical,Earthquake,Ground movement,PAK,Pakistan,Southern Asia,Asia,Awaran District district (Balochistan province),,6.8,27.1825,65.5052,2013,9,28,22,50,,,50,,
465,Natural,Geophysical,Earthquake,Ground movement,CHN,China,Eastern Asia,Asia,"Badong area (Enshi Tujia and Miao district, Hubei Sheng province), Zigui, Xingshan areas (Yichang district, Hubei Sheng province)",,5.1,31.066,110.412,2013,12,16,,,90500,,90500,6300,8706
466,Natural,Geophysical,Earthquake,Ground movement,CHN,China,Eastern Asia,Asia,Shigatse district (Xizang Zizhiqu province),,7.3,27.8087,86.0655,2015,5,12,1,,,,,,
467,Natural,Geophysical,Earthquake,Ground movement,IND,India,Southern Asia,Asia,Bihar province,,7.3,27.8087,86.0655,2015,5,12,20,,,,,,
468,Natural,Geophysical,Earthquake,Ground movement,MYS,Malaysia,South-eastern Asia,Asia,Ranau district (Sabah province),"Slide (land, mud, snow, rock)",6,5.987,116.541,2015,6,5,24,10,,,10,2,3
469,Natural,Geophysical,Earthquake,Ground movement,PAK,Pakistan,Southern Asia,Asia,"North-West Frontier, Gilgit-Baltistan provinces, Khyber Agency district (Federally Administered Tribal Areas province)",,6.6,36.473,71.13,2016,4,10,6,42,100,,142,,
470,Natural,Geophysical,Earthquake,Ground movement,ECU,Ecuador,Latin America and the Caribbean,Americas,"Guayaquil district (Guayas province), Muisne district (Esmeraldas province), Portoviejo district (Manabi province), Santo Domingo de los Tsachilas, Los Ríos, Santa Elena provinces","Slide (land, mud, snow, rock)",7.8,0.382,-79.92,2016,4,16,672,6274,383090,,389364,2000000,2682778
471,Natural,Geophysical,Earthquake,Ground movement,PER,Peru,Latin America and the Caribbean,Americas,"Yanque, Achoma (Arequipa region); Chivay, Achoma, Ichupampa, Cabanoconde, Yanque, Coporaque, Maca, Madrigal, Tapay, Lari, Tuti, Callalli (Caylloma province)",,5.5,-15.64,-71.68,2016,8,14,4,67,11115,,11182,,
472,Natural,Geophysical,Earthquake,Ground movement,USA,United States of America,Northern America,Americas,Cushing (Oklahoma),,5,35.991,-96.803,2016,11,7,,,120,,120,20000,26828
473,Natural,Geophysical,Earthquake,Ground movement,CHN,China,Eastern Asia,Asia,Shimen (Yunnan - Dali Bai),,4.8,26.085,99.575,2016,5,18,2,,,5000,5000,60000,80483
474,Natural,Geophysical,Earthquake,Ground movement,CHN,China,Eastern Asia,Asia,Yangbi (Yunnan province),,5,25.938,99.841,2017,3,26,,1,,2105,2106,31000,40716
475,Natural,Geophysical,Earthquake,Ground movement,IRN,Iran (Islamic Republic of),Southern Asia,Asia,"Kopet Dag Mountain, North Khorasan province (Bojnord, Maneh, Samarghan, Ghasre-Ghajar, Qorbour, Langer, Bidak)",,5.6,37.772,57.204,2017,5,13,3,417,,1845,2262,2000,2627
476,Natural,Geophysical,Earthquake,Ground movement,GTM,Guatemala,Latin America and the Caribbean,Americas,"Huehuetenango, Quetzaltenango, Quiché, San Marcos, Suchitepéquez, Totonicapan",,7.7,,,2017,9,8,,2,3518,81,3601,,
477,Natural,Geophysical,Earthquake,Ground movement,IRN,Iran (Islamic Republic of),Southern Asia,Asia,"Qasre-Shirin, Gilane-Garb, Kermanshah, Sare-Pule-Zahab, , Islamabad- E- Gharb, Dalahoo, Javanrood (Ezgeleh), Salase-Babajani (Kermanshah province), Ilam city, Mehran City (Ilam)",,7.3,34.911,45.959,2017,11,12,444,9000,200000,,209000,740000,971924
478,Natural,Geophysical,Earthquake,Ground movement,CHN,China,Eastern Asia,Asia,Nyingchi (Tibet),,6.4,29.833,94.978,2017,11,18,,3,23400,,23403,,
479,Natural,Geophysical,Earthquake,Ground movement,PER,Peru,Latin America and the Caribbean,Americas,"Yauca, Quicaca, Acari, Jaqui, Lomas districts (Caraveli Province), Rio Grande district (Condesuyos province) (Arequipa department), Sancos district, Lucanas, Pullo district, Parinacochas, Paucar del Sara Sara provinces (Ayacucho department), Nazca district (Nazca province-Ica department)",,7.1,-15.759,74.71,2018,1,14,2,139,7885,1295,9319,,
480,Natural,Geophysical,Earthquake,Ground movement,PNG,Papua New Guinea,Melanesia,Oceania,Southern Highlandsand Hela provinces,"Slide (land, mud, snow, rock)",7.5,-6.149,142.766,2018,2,26,145,300,544000,,544300,61000,78208
481,Natural,Geophysical,Earthquake,Ground movement,TWN,Taiwan (Province of China),Eastern Asia,Asia,Hualian,,6.4,24.136,121.658,2018,2,6,84,285,,,285,100000,128210
482,Natural,Geophysical,Earthquake,Ground movement,CHN,China,Eastern Asia,Asia,Ningjiang (Jilin province),,5.3,45.236,124.642,2018,5,28,,,12000,,12000,29000,37181
483,Natural,Geophysical,Earthquake,Ground movement,IDN,Indonesia,South-eastern Asia,Asia,"North Lombok, East Lombok, West Lombok, Central Lombok, Mataram districts (West Nusa Tenggara province)",,6.4,-8.274,116.491,2018,7,29,14,135,102717,,102852,29000,37181
484,Natural,Geophysical,Earthquake,Ground movement,IDN,Indonesia,South-eastern Asia,Asia,Lombok Isl.,,6.9,-8.325,116.577,2018,8,19,10,24,755,,779,5000,6410
485,Natural,Geophysical,Earthquake,Ground movement,IRN,Iran (Islamic Republic of),Southern Asia,Asia,Near Javanroud (Kermanshah province),,6,34.663,46.277,2018,8,26,2,255,10000,3000,13255,,
486,Natural,Geophysical,Earthquake,Ground movement,PNG,Papua New Guinea,Melanesia,Oceania,Hela (South Highlands),,6.7,-6.294,142.607,2018,3,7,25,,,,,,
487,Natural,Geophysical,Earthquake,Ground movement,CHN,China,Eastern Asia,Asia,Yuxi (Yunnan province),,5,24.298,102.91,2018,8,13,,24,18000,,18024,50000,64105
488,Natural,Geophysical,Earthquake,Ground movement,HTI,Haiti,Latin America and the Caribbean,Americas,"Port-de-Paix, Gros-Morne, Saint-Louis-du-Nor",,5.9,20.034,-73.013,2018,10,6,17,421,38915,,39336,,
489,Natural,Geophysical,Earthquake,Ground movement,IRN,Iran (Islamic Republic of),Southern Asia,Asia,Sarpol-e Zahab (Kermanshah province),,6.3,34.304,45.74,2018,11,25,,716,,,716,10000,12821
490,Natural,Geophysical,Earthquake,Ground movement,SYR,Syrian Arab Republic,Western Asia,Asia,,,6.3,36.159,36.034,2023,2,20,,470,,,470,,
491,Natural,Geophysical,Earthquake,Ground movement,PNG,Papua New Guinea,Melanesia,Oceania,"New Ireland, New Britain, Duke of York Islands",,7.6,-4.051,152.6,2019,5,14,,1,650,,651,,
492,Natural,Geophysical,Earthquake,Ground movement,PHL,Philippines,South-eastern Asia,Asia,Castillejos (Zambales),,6.1,14.99,120.35,2019,4,22,25,282,15273,,15555,50000,62964
493,Natural,Geophysical,Earthquake,Ground movement,USA,United States of America,Northern America,Americas,Ridgecrest (Califronia),,7.1,35.77,-117.599,2019,7,5,,,150,,150,200000,251855
494,Natural,Geophysical,Earthquake,Ground movement,JPN,Japan,Eastern Asia,Asia,"Yamagata, Miyagi, Niigata,Ishikawa (Honshu Island)","Slide (land, mud, snow, rock)",6.4,38.637,139.48,2019,6,18,,28,432,,460,,
495,Natural,Geophysical,Earthquake,Ground movement,ALB,Albania,Southern Europe,Europe,"Durres, Tirana Counties",,5.6,41.381,19.454,2019,9,21,,108,4500,,4608,45000,56667
496,Natural,Geophysical,Earthquake,Ground movement,IRN,Iran (Islamic Republic of),Southern Asia,Asia,Azerbaïdjan-Occidental province,,5.8,38.543,44.447,2020,2,23,,75,15000,,15075,,
497,Natural,Geophysical,Earthquake,Ground movement,IDN,Indonesia,South-eastern Asia,Asia,"South Morotai, East Morotai, North Morotai, Morotai Jaya, South West Morotai, Rau Island (Bau Island)",,6.4,2.911,128.248,2020,6,4,,,1490,70,1560,,
498,Natural,Geophysical,Earthquake,Ground movement,PHL,Philippines,South-eastern Asia,Asia,Bicol Region,,6.6,12.021,124.123,2020,8,18,1,20,4255,705,4980,2500,3110
499,Natural,Geophysical,Earthquake,Ground movement,ARG,Argentina,Latin America and the Caribbean,Americas,San Juan Province,,6.4,-31.818,-68.847,2021,1,18,,14,1800,,1814,,
500,Natural,Geophysical,Earthquake,Ground movement,IND,India,Southern Asia,Asia,"Kamrup and Nagaon (Sonitpur District, northern Assam State)",,6.4,26.781,92.457,2021,4,28,2,10,3000,,3010,,
501,Natural,Geophysical,Earthquake,Ground movement,AFG,Afghanistan,Southern Asia,Asia,Herat region,,5.4,34.517,61.946,2023,10,7,1480,1950,275000,,276950,217000,229279
502,Natural,Geophysical,Earthquake,Ground movement,GRC,Greece,Southern Europe,Europe,"Larissa, Elassona (Larisis) , Tyrnavos (Larisis) , Farkadona (Trikalon) (Thessalie)",,5.8,39.789,22.119,2021,3,3,,11,,2700,2711,10000,11881
503,Natural,Geophysical,Earthquake,Ground movement,JPN,Japan,Eastern Asia,Asia,Honshu Island,,7,38.475,141.633,2021,3,20,,11,600,,611,550000,653463
504,Natural,Geophysical,Earthquake,Ground movement,CHN,China,Eastern Asia,Asia,Xinjiang Uygur Autonomous Region,,5.4,41.816,81.164,2021,3,24,3,,195,,195,125000,148514
505,Natural,Geophysical,Earthquake,Ground movement,TJK,Tajikistan,Central Asia,Asia,Tadjikobod district (Douchanbé region),,5.9,,,2021,7,10,5,,100,,100,,
506,Natural,Geophysical,Earthquake,Ground movement,IDN,Indonesia,South-eastern Asia,Asia,"Tehoru (Central Maluku Regency, south of Maluku Islands)",Tsunami/Tidal wave,5.9,-3.593,129.503,2021,6,16,,,750,,750,,
507,Natural,Geophysical,Earthquake,Ground movement,CHN,China,Eastern Asia,Asia,"Lijiang, Ninglang Yi, Yulong Naxi (Yunnan)",,5.4,,,2022,1,2,,30,29000,,29030,54000,59404
508,Natural,Geophysical,Earthquake,Ground movement,IDN,Indonesia,South-eastern Asia,Asia,"Banten, Jawa Barat",,6.6,-6.86,105.289,2022,1,14,,1975,13415,,15390,23000,25302
509,Natural,Geophysical,Earthquake,Ground movement,IDN,Indonesia,South-eastern Asia,Asia,"Pasaman Regency, West Pasaman Regency (West Sumatra Province)",,6.1,0.216,100.096,2022,2,25,15,388,24000,515,24903,39000,42903
510,Natural,Geophysical,Earthquake,Ground movement,NPL,Nepal,Southern Asia,Asia,"Achham, Baitadi, Bajhang and Bajura districts","Slide (land, mud, snow, rock)",5.7,29.498,81.243,2023,10,3,1,23,36250,,36273,,
511,Natural,Geophysical,Earthquake,Ground movement,PER,Peru,Latin America and the Caribbean,Americas,Piura region,,6.2,,,2021,7,30,,721,700,,1421,,
512,Natural,Geophysical,Earthquake,Ground movement,IRN,Iran (Islamic Republic of),Southern Asia,Asia,"Kooshk, Konkh, Berke Seflin, Saye Khosh, Gavmiri, Chahderaz, Tang Sim, Doab, Basaeidoo, Chah Sahrghi, Gooran, Sayeh Khosh (Hormozgan Province)",,6.1,26.899,55.321,2022,7,2,5,84,22216,,22300,143000,157311
513,Natural,Geophysical,Earthquake,Ground movement,CHN,China,Eastern Asia,Asia,"Baoxing, Lushan counties (Sichuan province)","Slide (land, mud, snow, rock)",5.8,30.395,102.958,2022,6,1,4,41,13500,,13541,42000,46203
514,Natural,Geophysical,Earthquake,Ground movement,AFG,Afghanistan,Southern Asia,Asia,"Giyan, Barmal, and Ziruk Districts in Paktika Province, and Spera (Khost Province)",,5.9,33.092,69.514,2022,6,21,1163,2989,361634,,364623,,
515,Natural,Geophysical,Earthquake,Ground movement,NPL,Nepal,Southern Asia,Asia,Doti district,,5.7,29.274,81.149,2022,11,9,6,8,30000,,30008,,
516,Natural,Geophysical,Earthquake,Ground movement,IDN,Indonesia,South-eastern Asia,Asia,"Cianjur, Sukabumi, Bogor districts (West Java Province)",,5.6,-6.853,107.095,2022,11,21,334,4645,2200000,,2204645,,
517,Natural,Geophysical,Earthquake,Ground movement,TUR,Türkiye,Western Asia,Asia,"Düzce, Sakarya, Bolu, Zonguldak, Bursa, Istanbul",,6.1,40.847,30.967,2022,11,23,2,93,213,,306,50000,55004
518,Natural,Geophysical,Earthquake,Ground movement,IDN,Indonesia,South-eastern Asia,Asia,Southwest Maluku and Tanimbar Islands Regencies (Maluku Province),,7.6,-7.065,130.005,2023,1,10,1,11,4350,60,4421,,
519,Natural,Geophysical,Earthquake,Ground movement,TUR,Türkiye,Western Asia,Asia,Van City (Baskale district),,5.8,38.543,44.447,2020,2,23,9,50,,3000,3050,,
520,Natural,Geophysical,Earthquake,Ground movement,TUR,Türkiye,Western Asia,Asia,Sivrice District (Elazig province); Malatya Provinces),,6.7,38.39,44.367,2020,1,24,41,1607,69000,,70607,340000,422936
521,Natural,Geophysical,Earthquake,Ground movement,CHN,China,Eastern Asia,Asia,Qiaojia and Ludian (Yunnan province),,5.1,27.296,103.281,2020,5,18,4,24,3300,,3324,17000,21147
522,Natural,Geophysical,Earthquake,Ground movement,MEX,Mexico,Latin America and the Caribbean,Americas,South Oaxaca State (Mexico),,7.4,15.916,-95.953,2020,6,23,10,24,24369,,24393,75000,93295
523,Natural,Geophysical,Earthquake,Ground movement,GRC,Greece,Southern Europe,Europe,Samos,,7,37.913,26.779,2020,10,30,2,19,900,,919,,
524,Natural,Geophysical,Earthquake,Ground movement,TUR,Türkiye,Western Asia,Asia,"Izmir Bornova, Bayrakli and Karsiyaka",,7,37.913,26.779,2020,10,30,115,1034,,5000,6034,450000,559768
525,Natural,Geophysical,Earthquake,Ground movement,JPN,Japan,Eastern Asia,Asia,Namie region,,7.1,37.745,141.749,2021,2,13,1,185,7647,60,7892,7700000,9148480
526,Natural,Geophysical,Earthquake,Ground movement,BTN,Bhutan,Southern Asia,Asia,Samdrup Jongkhar District,,6,26.781,92.457,2021,4,28,,2,500,,502,,
527,Natural,Geophysical,Earthquake,Ground movement,CHN,China,Eastern Asia,Asia,"Chuxiong Yi Autonomous Prefecture, Yunnan Province",,5.1,,,2021,6,10,,2,8010,,8012,,
528,Natural,Geophysical,Earthquake,Ground movement,CHN,China,Eastern Asia,Asia,"Lu County, Sichuan Province",,5.4,29.182,105.391,2021,9,16,3,88,21870,2437,24395,250000,297029
529,Natural,Geophysical,Earthquake,Ground movement,PAK,Pakistan,Southern Asia,Asia,Hernai district i(Balochistan),"Slide (land, mud, snow, rock)",5.9,30.22,68.014,2021,10,7,21,300,63800,,64100,,
530,Natural,Geophysical,Earthquake,Ground movement,PER,Peru,Latin America and the Caribbean,Americas,"Condorcanqui, Rodriguez de Mendoza, Bongará, Luya, Chachapoyas, Bagua, Utcubamba (Amazonas); Cajamarca, San Marcos, Cutervo, San Ignacio, Celendín, San Miguel, Jaén, Chota (Cajamarca); Alto Amazonas, Datem del Marañón (Loreto); San Martín, Moyobamba, Picota, Rioja, Lamas, Dorado, Huallaga, Bellavista, Mariscal Cáceres (San Martín); Sihuas (Ancash); Huanuco; Julcán, Bolívar, Otuzco (La Libertad); Lambayeque, Chiclayo, Ferreñafe (Lambayeque); Huancabamba, Piura, Ayabaca (Piura); Huánuco, Dos de Mayo, Yarowilca (Huánuco); Pasco, Daniel Alcides Carrión (Pasco)",,7.2,-4.49,-76.846,2021,11,28,,3,17909,,17912,,
531,Natural,Geophysical,Earthquake,Ground movement,LAO,Lao People's Democratic Republic,South-eastern Asia,Asia,Phongsaly province,,5.7,22.37,101.671,2021,12,24,,,,,,120,143
532,Natural,Geophysical,Earthquake,Ground movement,CHN,China,Eastern Asia,Asia,Jiangcheng Hani and Yi Autonomous County (Yunnan province),,5.7,,,2021,12,24,,10,19200,,19210,71000,84356
533,Natural,Geophysical,Earthquake,Ground movement,HTI,Haiti,Latin America and the Caribbean,Americas,Nippes Department,,5.3,18.494,-73.3,2022,1,24,2,52,15,950,1017,,
534,Natural,Geophysical,Earthquake,Ground movement,PAK,Pakistan,Southern Asia,Asia,Lakki Marwat District (southern Khyber Pakhtunkhwa),,5.9,,,2022,6,21,43,,,,,,
535,Natural,Geophysical,Earthquake,Ground movement,PER,Peru,Latin America and the Caribbean,Americas,La Capilla district (Moquegua department); Arequipa department,,5.5,-16.783,-71.31,2022,7,12,,2,300,,302,,
536,Natural,Geophysical,Earthquake,Ground movement,PHL,Philippines,South-eastern Asia,Asia,"Abra, Benguet, Ilocos Sur, Pangasinan, Mountain Province, Nueva Vizcaya","Slide (land, mud, snow, rock)",7,17.56,120.801,2022,7,27,10,394,502462,,502856,151000,166112
537,Natural,Geophysical,Earthquake,Ground movement,PNG,Papua New Guinea,Melanesia,Oceania,"Morobe, Padang, Es provinces",,7.6,-6.256,146.469,2022,9,13,7,24,,1945,1969,,
538,Natural,Geophysical,Earthquake,Ground movement,PHL,Philippines,South-eastern Asia,Asia,"Abra Province (northern Luzon), Ilocos, Cordillera Administrative Region, and Cagayan Valley",,6.4,17.662,120.823,2022,10,25,,44,147378,,147422,1400,1540
539,Natural,Geophysical,Earthquake,Ground movement,IRN,Iran (Islamic Republic of),Southern Asia,Asia,"Khoy, Firoraq (Azerbaïdjan province)",,5.7,38.44,44.946,2023,1,18,,252,41426,,41678,50000,52829
540,Natural,Geophysical,Earthquake,Ground movement,IRN,Iran (Islamic Republic of),Southern Asia,Asia,"Firouragh district, Khoy county (West Azerbaijan)",,5.9,38.424,44.909,2023,1,28,3,1017,261387,,262404,255000,269429
541,Natural,Geophysical,Earthquake,Ground movement,IDN,Indonesia,South-eastern Asia,Asia,Papua,Collapse,5.1,,,2023,2,9,4,,2136,,2136,,
542,Natural,Geophysical,Earthquake,Ground movement,ECU,Ecuador,Latin America and the Caribbean,Americas,"El Oro, Guayas, and Azuay",,6.8,-2.837,-79.844,2023,3,18,14,494,126922,,127416,,
543,Natural,Geophysical,Earthquake,Ground movement,PER,Peru,Latin America and the Caribbean,Americas,Tumbes,,6.8,-2.837,-79.844,2023,3,18,1,1,140,,141,,
544,Natural,Geophysical,Earthquake,Ground movement,CHN,China,Eastern Asia,Asia,Gansu province; Haidong (Qinghai province),"Slide (land, mud, snow, rock)",5.9,35.743,102.827,2023,12,19,151,980,600000,,600980,1000000,1056584
545,Natural,Geophysical,Earthquake,Ground movement,JPN,Japan,Eastern Asia,Asia,"Noto, Wajima, Suzu (Ishikawa department); Niigata, Toyama, Fukui, Gifu, Osaka and Hyogo Prefectures","Fire|Slide (land, mud, snow, rock)|Tsunami/Tidal wave",7.5,37.495,137.265,2024,1,1,699,1277,94947,73338,169562,15000000,15394693
546,Natural,Geophysical,Earthquake,Ground movement,IDN,Indonesia,South-eastern Asia,Asia,"Bandung, Bogor, Ciamis, Cianjur, Garut, Sukabumi and Tasikmalaya regencies (West Java)",,6.1,-8.005,107.28,2024,4,27,1,12,2730,70,2812,,
547,Natural,Geophysical,Earthquake,Ground movement,PER,Peru,Latin America and the Caribbean,Americas,Near Arequipa province,"Slide (land, mud, snow, rock)|Tsunami/Tidal wave",7.2,-15.827,-74.464,2024,6,28,,30,9000,33,9063,,
548,Natural,Geophysical,Earthquake,Ground movement,TJK,Tajikistan,Central Asia,Asia,"Safedkunda, Gulkhani, Kul, and Askalon villages in the same district, and Buston, Anvar Qalandarov, and Ganishob (Tojikobod district)",,5.8,38.98,70.79,2025,4,13,1,16,4004,,4020,,
549,Natural,Geophysical,Earthquake,Ground movement,GTM,Guatemala,Latin America and the Caribbean,Americas,"Guatemala city, Escuintla, Sacatepéquez","Slide (land, mud, snow, rock)",5.7,14.437,-90.661,2025,7,8,9,9,14541,,14550,,
550,Natural,Geophysical,Earthquake,Tsunami,USA,United States of America,Northern America,Americas,Crescent City (California),Tsunami/Tidal wave,,52.498,160.264,2025,7,29,,,,,,1000,1000
551,Natural,Geophysical,Earthquake,Ground movement,VEN,Venezuela (Bolivarian Republic of),Latin America and the Caribbean,Americas,Maracaibo (Zulia state),,6.3,9.922,-70.717,2025,9,24,,,130,80,210,,
552,Natural,Geophysical,Earthquake,Ground movement,CHN,China,Eastern Asia,Asia,Longxi County in Dingxi City (Gansu Province),,5.6,34.931,104.583,2025,9,27,,11,12984,,12995,,
553,Natural,Geophysical,Earthquake,Ground movement,PHL,Philippines,South-eastern Asia,Asia,Bogo (Cebu Isl.),"Slide (land, mud, snow, rock)",6.9,11.136,124.127,2025,9,30,79,559,754733,,755292,100000,100000
554,Natural,Geophysical,Earthquake,Ground movement,AFG,Afghanistan,Southern Asia,Asia,"Marmul and Sholgara (Balkh Province); Khulm, Feroz Nakhchir, Hazrat-e-Sultan and Aybak (Samangan Province)",,6.3,36.589,67.484,2025,11,3,26,1172,1411000,,1412172,10000,10000
555,Natural,Geophysical,Earthquake,Ground movement,CHN,China,Eastern Asia,Asia,"Yongren Xian, Yao'an Xian, Nanhua Xian, Dayao Xian areas (Chuxiong Yi district, Yunnan Sheng province), Xiangyun Xian area (Dali Bai district, Yunnan Sheng province)",,5.9,25.607,101.063,2000,1,14,7,2528,1760000,92479,1855007,73500,137415
556,Natural,Geophysical,Earthquake,Ground movement,CHN,China,Eastern Asia,Asia,"Mile Xian area (Honghe Hani and Yi district, Yunnan Sheng province), Qiubei Xian area (Wenshan Zhuang and Miao district, Yunnan Sheng province)",,4.9,24.263,103.797,2000,1,26,1,2,10300,,10302,483,903
557,Natural,Geophysical,Earthquake,Ground movement,COL,Colombia,Latin America and the Caribbean,Americas,Jurado island and Jurado districts (Choco province),,6.5,7.042,-77.829,2000,11,8,2,,430,,430,,
558,Natural,Geophysical,Earthquake,Ground movement,CHN,China,Eastern Asia,Asia,"Xiuyan Manzu Zizhixian area (Anshan district, Liaoning Sheng province)",,5.1,40.498,122.994,2000,1,11,,30,44000,18000,62030,,
559,Natural,Geophysical,Earthquake,Ground movement,IRN,Iran (Islamic Republic of),Southern Asia,Asia,"Mohammadieh, Sarhozak, Hajiabad areas (Kashmar district, Khorasan province)",,4.9,35.217,58.175,2000,2,14,,,1000,,1000,,
560,Natural,Geophysical,Earthquake,Ground movement,CHN,China,Eastern Asia,Asia,"Lanzhou Shi area (Lanzhou district, Gansu Sheng province)",,5.6,37.012,103.791,2000,6,6,,20,,80,100,,
561,Natural,Geophysical,Earthquake,Ground movement,CHN,China,Eastern Asia,Asia,"Wuding Xian area (Chuxiong Yi district, Yunnan Sheng province)",,4.9,25.826,102.194,2000,8,21,1,211,,177400,177611,43000,80392
562,Natural,Geophysical,Earthquake,Ground movement,TZA,United Republic of Tanzania,Sub-Saharan Africa,Africa,"Isale, Kipili, Kirando, Namanyere, Wampelembe, Kate areas (Nkasi district, Rukwa province)",,6.5,-7.977,30.709,2000,10,2,1,6,750,35,791,,
563,Natural,Geophysical,Earthquake,Ground movement,JPN,Japan,Eastern Asia,Asia,"Aimityoo, Kisimototyoo, Mizokutityoo, Saihakutyoo, Daisentyoo, Nawatyoo, Nakayamatyoo, Hieduson districts (Tottori province), Simane, Okayama provinces","Slide (land, mud, snow, rock)",6.7,35.456,133.134,2000,10,6,,130,6690,312,7132,500000,934794
564,Natural,Geophysical,Earthquake,Ground movement,TJK,Tajikistan,Central Asia,Asia,"Khasanov village (Parharskiy district, Khatlon province)",,4.8,37.451,69.498,2000,10,30,,,6000,,6000,,
565,Natural,Geophysical,Earthquake,Ground movement,IDN,Indonesia,South-eastern Asia,Asia,"Pandeglang, Lebak, Serang districts (Banten province)",,6.8,-6.549,105.63,2000,10,25,,,5500,,5500,,
566,Natural,Geophysical,Earthquake,Ground movement,TKM,Turkmenistan,Central Asia,Asia,Balkan province,,7,39.566,54.799,2000,12,6,11,,,,,,
567,Natural,Geophysical,Earthquake,Ground movement,IRN,Iran (Islamic Republic of),Southern Asia,Asia,Birjand district (Khorasan province),,4.9,33.007,60.276,2001,10,8,,,1000,,1000,,
568,Natural,Geophysical,Earthquake,Ground movement,TZA,United Republic of Tanzania,Sub-Saharan Africa,Africa,Rungwe district (Mbeya province),,4.3,-9.278,33.766,2001,1,5,,,,700,700,,
569,Natural,Geophysical,Earthquake,Ground movement,PAK,Pakistan,Southern Asia,Asia,"Badin District, Tharparkar District, Mirpur Khas District districts (Sindh province)",,7.7,23.419,70.232,2001,1,26,12,100,914192,,914292,500,909
570,Natural,Geophysical,Earthquake,Ground movement,SLV,El Salvador,Latin America and the Caribbean,Americas,"La Paz, Cuscatlan, San Vicente, San Salvador, Morazan, La Libertad provinces ; San Juan Tepezontes district (La Paz province), Cojutepeque district (Cuscatlan province)","Slide (land, mud, snow, rock)",6.6,13.671,-88.938,2001,2,13,315,3399,252622,,256021,348500,633643
571,Natural,Geophysical,Earthquake,Ground movement,TUR,Türkiye,Western Asia,Asia,Erzurum province,,5.4,39.832,41.623,2001,7,10,,46,85,,131,,
572,Natural,Geophysical,Earthquake,Ground movement,RWA,Rwanda,Sub-Saharan Africa,Africa,"Gisenyi city (Rubavu district, West/Iburengerazuba province)",,4.7,-1.684,29.077,2002,1,17,45,108,1535,,1643,,
573,Natural,Geophysical,Earthquake,Ground movement,PAK,Pakistan,Southern Asia,Asia,Bajaur Agency district (Federally Administered Tribal Areas province),,6.3,36.429,70.438,2002,3,3,3,,,,,,
574,Natural,Geophysical,Earthquake,Tsunami,IDN,Indonesia,South-eastern Asia,Asia,"Manokwari, Ransiki, Oransbari, Prafi, Anggi, Warmare villages (Manokwari district, Papua Barat province), Bintuni village (Telukbintuni district, Papua Barat province), Windesi, Wasior villages (Telukwondama district, Papua Barat province)","Slide (land, mud, snow, rock)|Tsunami/Tidal wave",7.6,-1.757,134.297,2002,10,10,8,632,8450,,9082,,
575,Natural,Geophysical,Earthquake,Ground movement,PAK,Pakistan,Southern Asia,Asia,Administrative unit not available district (Jammu and Kashmir province),"Slide (land, mud, snow, rock)",5.4,35.517,74.654,2002,11,2,17,65,11000,4000,15065,,
576,Natural,Geophysical,Earthquake,Ground movement,GRC,Greece,Southern Europe,Europe,"Vartholomio city (Ileias district, Dytiki Ellada province)",,5.7,37.747,21.087,2002,12,2,,17,150,,167,,
577,Natural,Geophysical,Earthquake,Ground movement,IRN,Iran (Islamic Republic of),Southern Asia,Asia,Masjed-e soleiman district (Khuzestan province),,5.6,31.995,49.329,2002,9,25,,5,,,5,,
578,Natural,Geophysical,Earthquake,Ground movement,ITA,Italy,Southern Europe,Europe,Palermo Province (Sicilia Region),,6,38.381,13.701,2002,9,6,2,,,,,500000,894908
579,Natural,Geophysical,Earthquake,Ground movement,IDN,Indonesia,South-eastern Asia,Asia,Dompu district (Nusatenggara Barat province),,5.5,-8.807,118.524,2003,1,23,,2,2500,,2502,,
580,Natural,Geophysical,Earthquake,Ground movement,MEX,Mexico,Latin America and the Caribbean,Americas,"Colima, Armeria, Coquimatlan, Ixtlahuacan, Cuahutemoc, Villa de Alvarez, Manzanillo, Minatitlan, Tecoman districts (Colima province), Zapotitlan de Vadillo, Toliman, Tonila, Pihuamo districts (Jalisco province)","Slide (land, mud, snow, rock)",7.6,18.77,-104.104,2003,1,22,29,1073,177530,,178603,116300,203535
581,Natural,Geophysical,Earthquake,Ground movement,ITA,Italy,Southern Europe,Europe,Alessandria Province (Piemonte Region),"Slide (land, mud, snow, rock)",5,44.792,8.892,2003,4,11,,2,230,,232,561352,982415
582,Natural,Geophysical,Earthquake,Ground movement,TUR,Türkiye,Western Asia,Asia,"Bingol, Celtiksuyu, Sancak, Gokdere, Gozeler villages (Merkez district, Bingol province)",,6.4,39.007,40.464,2003,5,1,177,520,245000,45000,290520,135000,236262
583,Natural,Geophysical,Earthquake,Ground movement,JPN,Japan,Eastern Asia,Asia,"Iwate, Miyagi, Yamagata, Akita, Aomori provinces","Fire|Slide (land, mud, snow, rock)",7,38.849,141.568,2003,5,26,,143,2160,,2303,233000,407770
584,Natural,Geophysical,Earthquake,Ground movement,IRN,Iran (Islamic Republic of),Southern Asia,Asia,Torbat-e jam district (Khorasan province),,5.2,35.476,60.784,2003,7,3,,1,1090,,1091,,
585,Natural,Geophysical,Earthquake,Ground movement,PAN,Panama,Latin America and the Caribbean,Americas,"Colon district (Colon province), Panama district (Panama province)",,5.4,9.355,-79.941,2003,8,13,,,,340,340,,
586,Natural,Geophysical,Earthquake,Ground movement,IDN,Indonesia,South-eastern Asia,Asia,"Wasile area (Halmahera Tengah district, Maluku Utara province)",,6,1.142,128.152,2003,8,11,,,500,,500,,
587,Natural,Geophysical,Earthquake,Ground movement,IRN,Iran (Islamic Republic of),Southern Asia,Asia,"Shahr e Pir, Deberan, Deh No, Darreh Shur, Darya, Zarrin-Dasht, Hajjiabad villages (Darab district, Fars province), Jahrom district (Fars province)",,5.8,28.355,54.169,2003,7,10,1,25,,17500,17525,21666,37917
588,Natural,Geophysical,Earthquake,Ground movement,JPN,Japan,Eastern Asia,Asia,Hokkaidoo province,Fire|Tsunami/Tidal wave,7.4,41.774,143.593,2003,9,25,2,773,,,773,563000,985299
589,Natural,Geophysical,Earthquake,Ground movement,CHN,China,Eastern Asia,Asia,"Ludian Xian area (Zhaotong district, Yunnan Sheng province)",,4.7,27.283,103.753,2003,11,26,,4,10000,,10004,,
590,Natural,Geophysical,Earthquake,Ground movement,PAN,Panama,Latin America and the Caribbean,Americas,"Puerto Armuelles municipality (Baru district, Chiriqui province)",,6.5,8.416,-82.824,2003,12,25,2,75,1000,,1075,,
591,Natural,Geophysical,Earthquake,Ground movement,IRN,Iran (Islamic Republic of),Southern Asia,Asia,Bam district (Kerman province),,6.6,28.995,58.311,2003,12,26,26796,22628,200000,45000,267628,500000,875043
592,Natural,Geophysical,Earthquake,Ground movement,IRN,Iran (Islamic Republic of),Southern Asia,Asia,Masjed-e soleiman district (Khuzestan province),,5,31.953,49.209,2003,12,11,,5,710,10,725,,
593,Natural,Geophysical,Earthquake,Ground movement,TUR,Türkiye,Western Asia,Asia,"Seferihisar, Konak districts (Izmir province)",,5.8,38.221,26.958,2003,4,10,,170,,,170,,
594,Natural,Geophysical,Earthquake,Ground movement,IDN,Indonesia,South-eastern Asia,Asia,Nabire district (Papua province),Fire,7,-3.615,135.538,2004,2,5,37,682,13390,,14072,1000,1704
595,Natural,Geophysical,Earthquake,Ground movement,DZA,Algeria,Northern Africa,Africa,"Alger, Boumerdes provinces",,4.5,36.852,3.418,2004,1,10,,300,,,300,,
596,Natural,Geophysical,Earthquake,Ground movement,MAR,Morocco,Northern Africa,Africa,"Tamassint village (Imrabten area, Bni Ouriagh sub-district, Al Hoceima district, Taza - Al Hoceima - Taounate province), Ajdir village (Ait Youssef Ouali area, Bni Ouriagh sub-district, Al Hoceima district, Taza - Al Hoceima - Taounate province), Ait Kamra, Bni Abdallah areas (Bni Ouriagh sub-district, Al Hoceima district, Taza - Al Hoceima - Taounate province), Imzouren sub-district (Al Hoceima district, Taza - Al Hoceima - Taounate province)",,6.4,35.142,-3.997,2004,2,24,628,926,,12539,13465,400000,681782
597,Natural,Geophysical,Earthquake,Ground movement,CHN,China,Eastern Asia,Asia,"Xiwuzhumuqin Qi area (Xilin Gol district, Nei Mongol Zizhiqu province)",,5.5,45.382,118.256,2004,3,24,,100,190000,,190100,74000,126130
598,Natural,Geophysical,Earthquake,Ground movement,CHN,China,Eastern Asia,Asia,"Ludian Xian area (Zhaotong district, Yunnan Sheng province)",,5.4,27.266,103.873,2004,8,10,4,600,,120000,120600,50000,85223
599,Natural,Geophysical,Earthquake,Ground movement,CHN,China,Eastern Asia,Asia,Gansu Sheng province,,5.2,34.682,103.781,2004,9,7,,19,19000,3000,22019,,
600,Natural,Geophysical,Earthquake,Ground movement,DZA,Algeria,Northern Africa,Africa,Boumerdes district (Boumerdes province),,4.5,36.848,3.448,2004,12,1,,15,,,15,,
601,Natural,Geophysical,Earthquake,Tsunami,BGD,Bangladesh,Southern Asia,Asia,"Barisal, Chittagong, Khulna provinces",,9.1,3.295,95.982,2004,12,26,2,,,,,500000,852227
602,Natural,Geophysical,Earthquake,Tsunami,LKA,Sri Lanka,Southern Asia,Asia,"Jaffna, Kilinochchi, Mullativu, Trincomalee, Batticaloa, Ampara, Hambantota, Matara, Galle, Kalutara, Colombo, Gampaha, Puttalam, Vavuniya districts",,9.1,3.295,95.982,2004,12,26,35399,23176,516130,480000,1019306,1316500,2243914
603,Natural,Geophysical,Earthquake,Tsunami,MDV,Maldives,Southern Asia,Asia,"Alifu Alifu, Alifu Dhaalu, Baa, Faafu, Gaafu Alifu, Gaafu Dhaalu, Haa Alifu, Haa Dhaalu, Kaafu, Laamu, Lhaviyani, Male', Meemu, Noonu, Raa, Seenu, Shaviyani, Thaa, Vaavu provinces",Tsunami/Tidal wave,9.1,3.295,95.982,2004,12,26,102,2214,12000,13000,27214,470100,801264
604,Natural,Geophysical,Earthquake,Tsunami,MYS,Malaysia,South-eastern Asia,Asia,"Barat Daya, Timur Laut district (Pulau Pinang province)",Tsunami/Tidal wave,9.1,3.295,95.982,2004,12,26,80,767,,4296,5063,500000,852227
605,Natural,Geophysical,Earthquake,Tsunami,THA,Thailand,South-eastern Asia,Asia,"Krabi, Phangnga, Phuket, Ranong, Satun, Trang provinces",Tsunami/Tidal wave,9.1,3.295,95.982,2004,12,26,8345,8457,58550,,67007,1000000,1704454
606,Natural,Geophysical,Earthquake,Ground movement,BDI,Burundi,Sub-Saharan Africa,Africa,"Ruyaga village (Rugombo district, Cibitoke province)",,4.7,-3.393,29.558,2004,2,24,3,,,120,120,,
607,Natural,Geophysical,Earthquake,Ground movement,JPN,Japan,Eastern Asia,Asia,Hukuoka province,"Slide (land, mud, snow, rock)",6.6,33.807,130.131,2005,3,20,1,735,2800,,3535,400000,659410
608,Natural,Geophysical,Earthquake,Ground movement,PER,Peru,Latin America and the Caribbean,Americas,"Arequipa district (Arequipa province), Ilo, General Sanchez Cerro, Mariscal Nieto districts (Moquega province), Candarave, Jorge Basadre, Tacna, Tarata districts (Tacna province) ; Punta de Bombon (Islay district, Arequipa province)",,7.8,-19.987,-69.197,2005,6,13,,,,,,50,82
609,Natural,Geophysical,Earthquake,Ground movement,IND,India,Southern Asia,Asia,Administrative unit not available districts (Jammu and Kashmir province),Fire,7.6,34.539,73.588,2005,10,8,1309,6622,,150000,156622,1000000,1648524
610,Natural,Geophysical,Earthquake,Ground movement,TZA,United Republic of Tanzania,Sub-Saharan Africa,Africa,Kigoma province,,6.8,-6.224,29.83,2005,12,5,2,,5000,,5000,,
611,Natural,Geophysical,Earthquake,Ground movement,CHN,China,Eastern Asia,Asia,Jiujiang district (Jiangxi Sheng province),,5.2,29.671,115.688,2005,11,26,16,8000,607500,,615500,,
612,Natural,Geophysical,Earthquake,Ground movement,IRN,Iran (Islamic Republic of),Southern Asia,Asia,Saravan district (Sistan-o baluchestan province),,6,27.095,61.887,2005,3,13,,,21912,,21912,,
613,Natural,Geophysical,Earthquake,Ground movement,CHN,China,Eastern Asia,Asia,"Mojiang area (Pu'er district, Yunnan Sheng province)",,4.6,23.282,101.693,2006,1,12,,1,,68760,68761,6900,11019
614,Natural,Geophysical,Earthquake,Ground movement,BGR,Bulgaria,Eastern Europe,Europe,"Murgovo village (Kardzhali district, Kardzhali province)",,4.6,41.708,25.544,2006,2,20,,2,525,,527,,
615,Natural,Geophysical,Earthquake,Ground movement,AFG,Afghanistan,Southern Asia,Asia,Emamsaheb district (Kunduz province),,5.6,37.255,68.828,2006,7,29,1,,740,195,935,,
616,Natural,Geophysical,Earthquake,Ground movement,CHN,China,Eastern Asia,Asia,"Doushazhen village (Yanjin Xian area, Zhaotong district, Yunnan Sheng province)","Slide (land, mud, snow, rock)",5,28.012,104.151,2006,8,25,1,31,45520,,45551,,
617,Natural,Geophysical,Earthquake,Ground movement,SLV,El Salvador,Latin America and the Caribbean,Americas,"San Lorenzo, Atiquizaya, Ahuachapan, Turin, El Refugio districts (Ahuachapan province)",,4.1,14.028,-89.785,2006,12,17,,,16470,,16470,,
618,Natural,Geophysical,Earthquake,Ground movement,JPN,Japan,Eastern Asia,Asia,"Nanao, Wajima districts (Isikawa province), Niigata, Toyama provinces","Slide (land, mud, snow, rock)|Tsunami/Tidal wave",6.7,37.336,136.588,2007,3,25,1,359,,40668,41027,250000,388178
619,Natural,Geophysical,Earthquake,Tsunami,CHL,Chile,Latin America and the Caribbean,Americas,"Puerto Aisen, Puerto Chacabuco towns (Aisen district, Aisen del General Carlos Ibañez del Campo province), Balmacada town (Coyhaique district, Aisen province), Cochrane town (Capitan Prat district, Aisen province)",Tsunami/Tidal wave,6.2,-45.243,-72.648,2007,4,21,10,,,,,,
620,Natural,Geophysical,Earthquake,Ground movement,PER,Peru,Latin America and the Caribbean,Americas,"Pisco, Ica, Chincha districts (Ica province), Canete, Lima districts (Lima province) ; Paracas city (Pisco district, Ica province), San Vicente de Canete city (Canete district, Lima province)","Slide (land, mud, snow, rock)|Tsunami/Tidal wave",8,-13.386,-76.603,2007,8,15,593,1366,656965,,658331,600000,931627
621,Natural,Geophysical,Earthquake,Ground movement,IDN,Indonesia,South-eastern Asia,Asia,"Bengkulu, Jambi, Riau, Sumatera Barat provinces",Tsunami/Tidal wave,8.4,-4.438,101.367,2007,9,12,25,82,422685,36800,459567,500000,776356
622,Natural,Geophysical,Earthquake,Ground movement,USA,United States of America,Northern America,Americas,"Wells city (Elko district, Nevada province)",,5.9,41.1444,-114.8721,2008,2,21,,3,2100,,2103,,
623,Natural,Geophysical,Earthquake,Ground movement,CHN,China,Eastern Asia,Asia,"Wenchuan Xian, Aba Xian areas (Ngawa Tibetan and Qiang district, Sichuan Sheng province), Chengdu Shi area (Chengdu district, Sichuan Sheng province), Deyang Shi, Mianzhu areas (Deyang district, Sichuan Sheng province), Beichuan Xian, Mianyang Shi areas (Mianyang district, Sichuan Sheng province), Gansu Sheng, Chongqing Shi, Guizhou Sheng, Hubei Sheng, Hunan Sheng, Henan Sheng, Shaanxi Sheng, Shanxi Sheng, Yunnan Sheng provinces","Slide (land, mud, snow, rock)",7.9,31.002,103.322,2008,5,12,87476,366596,45610000,,45976596,85000000,127100952
624,Natural,Geophysical,Earthquake,Ground movement,JPN,Japan,Eastern Asia,Asia,Hatinohesi district (Aomori province),"Slide (land, mud, snow, rock)",6.8,39.802,141.464,2008,7,23,1,200,270,,470,110000,164484
625,Natural,Geophysical,Earthquake,Ground movement,CHN,China,Eastern Asia,Asia,"Qingchuan area (Guangyuan district, Sichuan Sheng province)",,6,32.756,105.494,2008,8,5,4,29,,13500,13529,,
626,Natural,Geophysical,Earthquake,Ground movement,COL,Colombia,Latin America and the Caribbean,Americas,"Quetame district (Cundinamarca province), Meta province","Slide (land, mud, snow, rock)",5.9,4.33,-73.764,2008,5,24,11,54,,1700,1754,10000,14953
627,Natural,Geophysical,Earthquake,Ground movement,CHN,China,Eastern Asia,Asia,Sichuan Sheng province,,6.1,32.56,105.423,2008,5,25,8,1000,,350000,351000,,
628,Natural,Geophysical,Earthquake,Ground movement,ITA,Italy,Southern Europe,Europe,"Aquila, Villa Sant'Angelo, Borgo di Castelnuovo Onna, Poggio Picenze, Tormintarte, Totani, Poggio di Roio, Massa d'Albe, Tempera, Paganica, Fossa towns (L'Aquila Province, Abruzzo region)","Slide (land, mud, snow, rock)",6.3,42.334,13.334,2009,4,6,300,2000,,70000,72000,2500000,3751602
629,Natural,Geophysical,Earthquake,Ground movement,AFG,Afghanistan,Southern Asia,Asia,"Sherzad, Hesarak, Khogyani districts (Nangarhar province)",,5.2,34.185,70.076,2009,4,16,22,59,,3250,3309,,
630,Natural,Geophysical,Earthquake,Ground movement,CHN,China,Eastern Asia,Asia,"Guantun village (Yao'an Xian area, Chuxiong Yi district, Yunnan Sheng province), Dali Bai district (Yunnan Sheng province)",,5.7,25.632,101.095,2009,7,9,1,336,15000,50000,65336,315000,472702
631,Natural,Geophysical,Earthquake,Ground movement,BTN,Bhutan,Southern Asia,Asia,"Monggar, Trashigang provinces",,8.1,-15.489,-172.095,2009,9,21,11,12,,,12,,
632,Natural,Geophysical,Earthquake,Ground movement,MEX,Mexico,Latin America and the Caribbean,Americas,Mexicali district (Baja California province),,7.2,32.2861667,-115.2953333,2010,4,4,2,232,25000,,25232,1150000,1697891
633,Natural,Geophysical,Earthquake,Ground movement,SLB,Solomon Islands,Melanesia,Oceania,Administrative unit not available,"Slide (land, mud, snow, rock)|Tsunami/Tidal wave",7.1,-8.783,157.354,2010,1,3,,1,1125,,1126,,
634,Natural,Geophysical,Earthquake,Ground movement,IRN,Iran (Islamic Republic of),Southern Asia,Asia,Andimeshk district (Khuzestan province),,5,32.45,48.3,2010,1,16,,,750,,750,,
635,Natural,Geophysical,Earthquake,Ground movement,CHN,China,Eastern Asia,Asia,"Yushu Xian area (Name Unknown district, Qinghai Sheng province)",,6.9,33.165,96.548,2010,4,14,2968,12000,,100000,112000,500000,738213
636,Natural,Geophysical,Earthquake,Ground movement,IRN,Iran (Islamic Republic of),Southern Asia,Asia,"Dorud village (Dorud district, Lorestan province), Razan village (Khorramabad district, Lorestan province)",,4.9,33.37,48.94,2010,11,6,,104,,,104,,
637,Natural,Geophysical,Earthquake,Ground movement,SRB,Serbia,Southern Europe,Europe,Kraljevo town (Raski Province),,5.5,43.76,20.73,2010,11,3,2,120,25440,1470,27030,132260,195272
638,Natural,Geophysical,Earthquake,Ground movement,AFG,Afghanistan,Southern Asia,Asia,Samangan province,"Slide (land, mud, snow, rock)",5.6,35.633,67.658,2010,4,18,11,70,,1000,1070,,
639,Natural,Geophysical,Earthquake,Ground movement,NZL,New Zealand,Australia and New Zealand,Oceania,Christchurch city (Canterbury province),,6.1,-43.583,172.68,2011,2,22,181,1500,300000,,301500,15000000,21468668
640,Natural,Geophysical,Earthquake,Ground movement,CHN,China,Eastern Asia,Asia,Yunnan Sheng province,,6.9,20.687,99.822,2011,3,24,,12,9496,,9508,,
641,Natural,Geophysical,Earthquake,Ground movement,KGZ,Kyrgyzstan,Central Asia,Asia,Batken district (Batken province),,6.1,40.081,71.41,2011,7,19,,,,,,,
642,Natural,Geophysical,Earthquake,Ground movement,TJK,Tajikistan,Central Asia,Asia,"Khujand, Chkalovsk areas (Hojenskiy district, Sogd province), Garmskiy district (Tadzhikistan Territories province)",,6.1,40.081,71.41,2011,7,19,,,,,,,
643,Natural,Geophysical,Earthquake,Ground movement,NPL,Nepal,Southern Asia,Asia,"Lamjung, Syangja areas (Gandaki district, Western province), Dolakha, Ramechhap areas (Janakpur district, Central province), Khotang, Solukhumbu areas (Sagarmatha district, Eastern province), Mechi, Koshi districts (Eastern province), Bagmati district (Central province)",,6.9,27.73,88.155,2011,9,18,7,89,167860,,167949,,
644,Natural,Geophysical,Earthquake,Ground movement,TUR,Türkiye,Western Asia,Asia,"Van, Bitlis, Hakkari provinces",,7.1,38.721,43.508,2011,10,23,604,4152,6786,22000,32938,1500000,2146867
645,Natural,Geophysical,Earthquake,Ground movement,IDN,Indonesia,South-eastern Asia,Asia,Simeulue district (Nangroe Aceh Darussalam province),,8.6,2.327,93.063,2012,4,11,7,107,,,107,,
646,Natural,Geophysical,Earthquake,Ground movement,CHN,China,Eastern Asia,Asia,"Ninglang Yi Zizhixian area (Liangshan Yi district, Sichuan Sheng province), Yanyuan Xian area (Lijiang district, Yunnan Sheng province)",,5.5,27.767,100.781,2012,6,24,4,394,33840,,34234,300000,420668
647,Natural,Geophysical,Earthquake,Ground movement,IRN,Iran (Islamic Republic of),Southern Asia,Asia,"Shonbeh ,Kaki villages (Dashty district, Bushehr province), Baghan,Tasouj villages (Shiraz district, Fars province)",,6.4,28.428,51.593,2013,4,9,37,850,3500,,4350,600000,829190
648,Natural,Geophysical,Earthquake,Ground movement,IRN,Iran (Islamic Republic of),Southern Asia,Asia,"Khash, Saravan districts (Sistan-o baluchestan province)",,7.7,28.033,61.996,2013,4,16,,27,,,27,,
649,Natural,Geophysical,Earthquake,Ground movement,TWN,Taiwan (Province of China),Eastern Asia,Asia,Taiwan Sheng province,,6.2,23.789,121.141,2013,6,2,4,19,1500,,1519,1100,1520
650,Natural,Geophysical,Earthquake,Ground movement,IND,India,Southern Asia,Asia,Administrive unit not available district (Jammu and Kashmir province),,5.7,33.061,75.863,2013,5,1,3,70,59280,,59350,120000,165838
651,Natural,Geophysical,Earthquake,Ground movement,IRN,Iran (Islamic Republic of),Southern Asia,Asia,"Borazjan city (Dashtestan district, Bushehr province)",,5.8,29.32,51.31,2013,11,28,8,120,,1500,1620,,
652,Natural,Geophysical,Earthquake,Ground movement,IRN,Iran (Islamic Republic of),Southern Asia,Asia,"Bastak city (Bandar-elengeh district, Hormozgan province)",,5.2,27.1502,54.4482,2014,1,2,1,30,300,,330,2000,2720
653,Natural,Geophysical,Earthquake,Ground movement,GRC,Greece,Southern Europe,Europe,"Limnos Island (Lesvou district, Voreio Aigaio province), Samothrace Island (Evrou district, Anatoliki Makedonnia Kai Thraki province)",,6.9,40.2893,25.3889,2014,5,24,3,2,75000,,75002,450000,611965
654,Natural,Geophysical,Earthquake,Ground movement,CHN,China,Eastern Asia,Asia,"Yingjiang area (Dehong Dai and Jingpo district, Yunnan Sheng province)",,5.8,24.974,97.844,2014,5,24,,15,225000,,225015,60000,81595
655,Natural,Geophysical,Earthquake,Ground movement,DZA,Algeria,Northern Africa,Africa,"Alger, Boumerdes provinces",,5.5,36.8561,3.181,2014,8,1,6,420,,,420,,
656,Natural,Geophysical,Earthquake,Ground movement,ZAF,South Africa,Sub-Saharan Africa,Africa,"Orkney city (Dr Kenneth Kaunda District Municipality district, North West province)",,5.4,-26.9899,26.7048,2014,8,5,1,2,2000,,2002,,
657,Natural,Geophysical,Earthquake,Ground movement,CHN,China,Eastern Asia,Asia,Sichuan Sheng province,,5.9,30.3398,101.7374,2014,11,22,5,65,82200,90,82355,50000,67996
658,Natural,Geophysical,Earthquake,Ground movement,CHN,China,Eastern Asia,Asia,"Yongping Xian area (Dali Bai district, Yunnan Sheng province)",,6.1,23.3834,100.4702,2014,10,7,1,324,255000,,255324,274000,372619
659,Natural,Geophysical,Earthquake,Ground movement,CHN,China,Eastern Asia,Asia,"Weiyuan Xian area (Dingxi district, Gansu Sheng province)",,5.6,23.3577,100.533,2014,12,6,1,22,,2000,2022,,
660,Natural,Geophysical,Earthquake,Ground movement,CHN,China,Eastern Asia,Asia,"Zhenkang Xian, Cangyuan Wa Zizhixian, Gengma Dai-Wa Zizhixian areas (Lincang district, Yunnan Sheng province)",,5.2,23.566,98.854,2015,3,1,,32,,2000,2032,15000,20375
661,Natural,Geophysical,Earthquake,Ground movement,BGD,Bangladesh,Southern Asia,Asia,"Savar area (Dhaka district, Dhaka province), Narayanganj, Gazipur, Gopalganj districts (Dhaka province), Sunamganj district (Sylhet province), Comilla, Feni districts (Chittagong province), Habiganj district (Sylhet province), Gangachara area (Rangpur district, Rangpur province), Gaibandha district (Rangpur province), Rajshahi, Naogaon, Bogra, Pabna districts (Rajshahi province)",,7.8,28.2305,84.7314,2015,4,25,4,200,,,200,,
662,Natural,Geophysical,Earthquake,Ground movement,CHN,China,Eastern Asia,Asia,Shigatse district (Xizang Zizhiqu province),,7.8,28.2305,84.7314,2015,4,25,29,383,200000,7500,207883,,
663,Natural,Geophysical,Earthquake,Ground movement,IND,India,Southern Asia,Asia,"Bihar, Uttar Pradesh, West Bengal, Sikkim provinces",,7.8,28.2305,84.7314,2015,4,25,78,560,,,560,,
664,Natural,Geophysical,Earthquake,Ground movement,NPL,Nepal,Southern Asia,Asia,"Gorkha area (Gandaki district, Western province), Dolakha, Ramechhap areas (Janakpur district, Central province), Bagmati district (Central province)","Slide (land, mud, snow, rock)",7.8,28.23,84.731,2015,4,25,8831,17932,5621790,,5639722,5174000,7027905
665,Natural,Geophysical,Earthquake,Ground movement,NPL,Nepal,Southern Asia,Asia,"Kathmandu, Sindhupalchok areas (Bagmati district, Central province), Dolakha area (Janakpur district, Central province)","Slide (land, mud, snow, rock)",7.3,27.8087,86.0655,2015,5,12,138,2428,,,2428,,
666,Natural,Geophysical,Earthquake,Ground movement,COD,Democratic Republic of the Congo,Sub-Saharan Africa,Africa,"Kabare, Bukavu (South Kivu)",,5.5,-2.091,28.952,2015,8,6,3,30,260,100,390,,
667,Natural,Geophysical,Earthquake,Tsunami,CHL,Chile,Latin America and the Caribbean,Americas,"Araucania, Atacama, Biobio, Coquimbo, Libertador Gral. Bernardo O’Higgins, Maule, Metropolitana, Valparaiso provinces",Tsunami/Tidal wave,8.3,-31.5729,-71.6744,2015,9,16,19,15,681484,,681499,800000,1086649
668,Natural,Geophysical,Earthquake,Ground movement,TJK,Tajikistan,Central Asia,Asia,"Murgabskiy, Rushanskiy, Shugnanskiy, Vanchskiy, Kalay-Humbskiy districts (Badakhshoni Kuni province)",,7.2,38.211,72.78,2015,12,7,2,14,7962,,7976,5000,6792
669,Natural,Geophysical,Earthquake,Ground movement,TLS,Timor-Leste,South-eastern Asia,Asia,Dili province,,6.5,-8.3381,124.8754,2015,11,4,,3,,2000,2003,4000,5433
670,Natural,Geophysical,Earthquake,Ground movement,IND,India,Southern Asia,Asia,"Guwahati city (Kamrup district, Assam province), East Imphal, West Imphal, Senapati, Thoubal, Bishnupur, Tamenglong districts (Manipur province)",,6.7,24.804,93.65,2016,1,3,8,308,10500,,10808,75000,100604
671,Natural,Geophysical,Earthquake,Ground movement,JPN,Japan,Eastern Asia,Asia,"Mashiki, Kumamoto province (Kyushu Isl.)",,6.2,32.788,130.7,2016,4,14,9,800,120000,,120800,,
672,Natural,Geophysical,Earthquake,Ground movement,ECU,Ecuador,Latin America and the Caribbean,Americas,"Esmeraldas district (Esmeraldas province), Portoviejo district (Manabi province)",,6.8,0.495,-79.62,2016,5,18,1,87,60,,147,,
673,Natural,Geophysical,Earthquake,Ground movement,TJK,Tajikistan,Central Asia,Asia,"Rasht region (Garmskiy district, Tadzhikistan Territories province)",,5,38.883,70.626,2016,7,1,,,155,,155,,
674,Natural,Geophysical,Earthquake,Ground movement,KOR,Republic of Korea,Eastern Asia,Asia,Kyonju,,5.4,35.781,129.216,2016,9,12,,32,29800,,29832,21000,28169
675,Natural,Geophysical,Earthquake,Ground movement,ITA,Italy,Southern Europe,Europe,"Visso, Ussita (Macerata district, Marche province)",,6.1,42.934,13.043,2016,10,26,1,24,3003,,3027,200000,268278
676,Natural,Geophysical,Earthquake,Ground movement,ITA,Italy,Southern Europe,Europe,"Norcia (Perugia district, Umbria province)",,6.5,42.855,13.088,2016,10,30,,20,22272,,22292,200000,268278
677,Natural,Geophysical,Earthquake,Ground movement,SLB,Solomon Islands,Melanesia,Oceania,"Malaita, Makira-Ulawa, Temotu provinces",Tsunami/Tidal wave,7.8,-10.676,161.33,2016,12,8,,1,9769,,9770,,
678,Natural,Geophysical,Earthquake,Ground movement,PHL,Philippines,South-eastern Asia,Asia,Surigao city,,6.7,,,2016,3,30,8,202,,,202,,
679,Natural,Geophysical,Earthquake,Ground movement,CHN,China,Eastern Asia,Asia,Xinjiang region (China); also Taxhorgan (Tajikistan),,5.4,37.643,75.31,2017,5,11,8,23,,7600,7623,123000,161550
680,Natural,Geophysical,Earthquake,Ground movement,PHL,Philippines,South-eastern Asia,Asia,Surigao Del Norte district (Region XIII (Caraga) province),,6.7,9.907,125.452,2017,2,10,8,202,16655,,16857,13974,18354
681,Natural,Geophysical,Earthquake,Ground movement,PHL,Philippines,South-eastern Asia,Asia,"Verde Island Passage (Tingloy, Maricaban Island). Batangas and Laguna provinces","Slide (land, mud, snow, rock)",5.9,13.77,120.935,2017,4,8,,,25000,,25000,2000,2627
682,Natural,Geophysical,Earthquake,Ground movement,GRC,Greece,Southern Europe,Europe,"Vrisa, Plomarion,Plagias, Chios, Kampas, Skala, Polichnitos, Mytilene (Lesbos)","Slide (land, mud, snow, rock)",6.3,38.915,26.371,2017,6,12,1,11,720,,731,,
683,Natural,Geophysical,Earthquake,Ground movement,PHL,Philippines,South-eastern Asia,Asia,"Kananga (Leyte Isl), Ormoc City, Carigara",,6.5,11.111,124.619,2017,7,6,3,448,16052,,16500,4364,5732
684,Natural,Geophysical,Earthquake,Ground movement,ITA,Italy,Southern Europe,Europe,"Casamicciola Terme, Lacco Ameno (Ischia Isl.), near Flegrea coast of Campania (Naples province)",,4.3,40.783,13.939,2017,8,21,2,42,2600,,2642,,
685,Natural,Geophysical,Earthquake,Ground movement,IDN,Indonesia,South-eastern Asia,Asia,"Jakarta,West Java (Ciamis regency), Central Java (Pekalongan) and Yogyakarta,",,6.5,-7.492,108.174,2017,12,15,4,36,8859,,8895,,
686,Natural,Geophysical,Earthquake,Ground movement,IRN,Iran (Islamic Republic of),Southern Asia,Asia,"Tehran region (Malard, Alborz), Saveh city",,4.9,35.649,50.962,2017,12,20,2,120,,,120,,
687,Natural,Geophysical,Earthquake,Ground movement,CHN,China,Eastern Asia,Asia,Sichuan Province,,4.9,29.47,104.609,2019,2,25,2,12,32733,27,32772,2000,2519
688,Natural,Geophysical,Earthquake,Ground movement,SLV,El Salvador,Latin America and the Caribbean,Americas,Intipuca (La Union); Chirilagua (San Miguel),"Slide (land, mud, snow, rock)",5.4,13.104,-88.062,2018,5,6,,1,2499,,2500,,
689,Natural,Geophysical,Earthquake,Ground movement,CHL,Chile,Latin America and the Caribbean,Americas,Coquimbo,,6.7,-30.074,-71.423,2019,1,19,2,,780,,780,,
690,Natural,Geophysical,Earthquake,Ground movement,IDN,Indonesia,South-eastern Asia,Asia,Lombok Isl. (West Nusa Tenggara),,5.6,-8.418,116.521,2019,3,17,6,182,22280,,22462,,
691,Natural,Geophysical,Earthquake,Ground movement,SLV,El Salvador,Latin America and the Caribbean,Americas,San Martín municipality (San Salvador Department),"Slide (land, mud, snow, rock)",6.6,13.243,-89.272,2019,5,30,1,,160,,160,,
692,Natural,Geophysical,Earthquake,Ground movement,PER,Peru,Latin America and the Caribbean,Americas,"Libertad, Loreto, Cajamarca, San Martín departments",,8,-5.812,-75.27,2019,5,26,2,15,4257,,4272,,
693,Natural,Geophysical,Earthquake,Ground movement,CHN,China,Eastern Asia,Asia,Yibin (Sichuan province),,5.8,28.405,104.957,2019,6,17,13,220,244000,,244220,1300000,1637057
694,Natural,Geophysical,Earthquake,Ground movement,PHL,Philippines,South-eastern Asia,Asia,"Cantilan, Carmen, Carrascal, Lanuza, Madrid (Surigao del Sur)",,5.8,9.328,126.043,2019,7,13,,52,9525,,9577,,
695,Natural,Geophysical,Earthquake,Ground movement,CHN,China,Eastern Asia,Asia,Neijiang (Sichuan Province),,5,29.53,104.931,2019,9,8,1,63,15123,396,15582,,
696,Natural,Geophysical,Earthquake,Ground movement,PAK,Pakistan,Southern Asia,Asia,Mirpur district (Southern Azad Jammu and Kashmir Territory),,5.6,33.106,73.766,2019,9,24,39,746,129652,,130398,17000,21408
697,Natural,Geophysical,Earthquake,Ground movement,ECU,Ecuador,Latin America and the Caribbean,Americas,"Azuay, Manabi, Morona Sant",,7.5,-2.199,-77.023,2019,2,22,,9,225,15,249,,
698,Natural,Geophysical,Earthquake,Ground movement,PHL,Philippines,South-eastern Asia,Asia,Cotabato Province,,6.5,6.905,125.187,2019,10,31,23,417,260286,,260703,,